Filename-->;FLOR_1.RFL8;FLOR_2.RFL8;FLOR_3.RFL8;FLOR_4.RFL8
Mode/Unit-->;;;;
Int.time[ms]-->;1,049999952;1,049999952;1,049999952;1,049999952
NrOfAverages-->;20;20;20;20
Smoothing-->;4;4;4;4
Wavelength [nm];;;;
172,206;13,95950097;63,37402974;53,80910927;38,93557129
172,805;19,64179173;59,81908267;58,65632889;34,88435554
173,404;11,6252843;59,06711368;65,75512473;39,17018171
174,003;17,54835811;56,68485799;58,64098424;35,70201806
174,602;22,68338031;56,79746236;51,63071046;28,74090944
175,201;23,93280401;56,81717506;48,85707491;23,60415901
175,800;13,88371482;58,01511161;38,68058799;22,45461727
176,398;21,44702867;68,28612676;44,41267646;15,17620723
176,997;7,45197395;58,81710886;40,78269963;16,24114877
177,596;3,039963646;63,81452908;51,26735598;21,52857467
178,195;-13,60881785;63,4581127;47,61061965;31,5841586
178,793;0,946530886;67,1608962;45,40401795;29,59781239
179,392;3,245979773;64,61211701;50,06350476;28,7557784
179,991;-0,418520588;69,30533573;65,31902756;34,32395169
180,589;3,951757386;57,77777403;61,19898179;33,60169456
181,188;8,739607902;56,64739483;63,81578858;36,22806982
181,786;1,412428066;43,34902176;59,776642;33,55704679
182,385;22,41992852;48,35084499;61,36591823;31,44517243
182,983;34,9980654;40,7070055;59,67686087;17,8215462
183,581;54,13137515;45,27299756;55,24115643;4,290910052
184,180;47,6355652;36,87050461;53,87188417;-4,265278482
184,778;43,34037725;41,10249293;49,61354948;-3,50175048
185,377;43,47572667;26,97959303;40,60020684;2,480134938
185,975;42,19323795;24,49664572;45,42619316;3,653616835
186,573;46,52301317;13,64063856;48,29026117;11,89445398
187,171;60,56533294;8,752843209;55,39594345;17,60535588
187,770;52,58573883;2,19806079;47,26720558;23,08471839
188,368;52,16350767;10,70760883;43,38756527;26,89436319
188,966;42,65948913;7,088121201;49,70210517;26,17217426
189,564;52,27696534;14,75621481;45,4998957;29,0492631
190,162;46,31639205;11,31923772;49,12613155;30,23979416
190,760;49,92028719;30,05341386;46,90938145;24,6551374
191,358;52,88356646;41,2124186;44,17856202;24,28060765
191,956;52,43808062;49,07989539;36,52659873;14,96078864
192,554;41,68322593;50,05823711;29,01795053;20,58414253
193,152;44,46497497;66,66666061;42,25244372;14,05690638
193,750;45,03385622;57,92931556;47,92826304;22,21107424
194,348;48,11168531;61,94390234;49,45446683;18,5336049
194,946;41,9667862;53,77536698;54,326047;18,7205254
195,543;50,51352336;57,20360599;57,03106433;19,95492737
196,141;45,89994674;50,63709133;48,80826302;21,91234932
196,739;52,32881371;42,74358854;50,06549621;27,9586091
197,337;50,97713784;32,60211904;47,964025;36,36012348
197,934;51,65348677;35,73201214;50,37376709;30,60194055
198,532;48,83677256;24,36932089;37,92257505;34,26842858
199,130;37,97515175;30,26389441;42,6503052;30,03406455
199,727;31,84738244;24,67532498;35,45476154;42,8814524
200,325;29,00625085;29,51162092;31,70370312;45,01249259
200,922;19,81799867;24,44503449;24,13508947;48,08146876
201,520;26,99747484;18,93399506;40,78332637;57,25161112
202,117;23,31946724;32,1917822;39,08284526;53,58954279
202,715;32,15264649;46,78727654;41,56812871;53,79107704
203,312;40,56818277;40,46258563;47,71996258;61,29597125
203,909;38,28261018;42,90097722;51,8021911;53,08508122
204,507;46,01662185;36,5011354;44,4993184;57,34782469
205,104;51,4042031;40,01036596;53,63065475;52,34722657
205,701;50,32783326;40,67155004;58,8469907;54,9413745
206,298;56,13589731;46,16596481;58,79265088;50,63520991
206,896;44,47740823;38,92729275;51,92265672;46,30586163
207,493;45,10564938;36,64596305;53,33073002;49,65005289
208,090;37,16603272;31,59784802;55,88547216;43,8192661
208,687;27,35763016;42,70755957;55,80357029;32,40760879
209,284;26,0046718;48,67494235;55,22231658;45,58584343
209,881;15,56473616;56,67844336;56,71043944;34,55045204
210,478;15,83675338;49,07796297;44,44954168;32,45359019
211,075;26,1428201;45,66473882;45,59552016;31,18948731
211,672;30,37882275;42,1287698;46,79525761;38,18373818
212,269;45,01631607;44,92449707;54,03254641;32,12669755
212,866;26,38927798;37,1809126;50,08200368;32,7094266
213,463;38,51480349;44,18311605;49,91030291;40,42908209
214,060;39,44192963;31,45521259;37,52894039;43,19906551
214,657;38,69643205;13,28976102;37,002524;39,80384075
215,253;45,08373801;7,927846918;40,17550624;49,36188467
215,850;50,66278041;-0,964810977;40,74684358;45,95998279
216,447;42,75263058;17,12114596;32,39212535;37,46701985
217,044;30,4227753;26,27938573;35,48453592;34,92192349
217,640;17,32247853;13,40976687;21,85288498;45,22343535
218,237;29,25457328;18,69791262;26,94497293;34,01025665
218,833;19,48026072;14,62697497;25,63523535;23,49125235
219,430;15,42120843;22,33250632;26,18318057;22,92951541
220,026;19,85918364;31,28664158;24,49392708;24,97394148
220,623;17,85639074;28,8631711;25,8093042;19,17146622
221,219;9,932431915;30,25141826;21,8551957;19,22929503
221,816;20,46296434;20,41655053;25,04938135;24,03731693
222,412;29,74117422;22,70827514;27,32613225;21,88565845
223,009;36,29335501;32,28723532;30,97643082;7,556726492
223,605;36,15555451;35,44238557;30,27403296;13,2834055
224,201;51,7861739;49,58559283;32,35737222;12,85115359
224,798;49,47604733;39,68633562;31,78937087;13,1206427
225,394;50,53952178;45,15929398;32,10227389;13,67829017
225,990;48,94665813;39,66415899;23,04228059;18,97184959
226,586;49,12935317;54,42176826;30,73872161;26,30556828
227,182;38,68092697;56,47668419;27,65740641;24,20312252
227,778;42,21115675;55,72192225;29,66484408;22,65746678
228,374;36,18079745;49,08503818;30,85368544;31,21499256
228,971;38,0052721;41,93724468;29,59660341;25,80333319
229,567;25,78241658;32,10539464;30,23978706;24,80351375
230,163;41,99370185;33,8878452;36,74418544;23,51752136
230,758;37,97112947;29,67824935;30,56034397;16,91126798
231,354;44,38974315;21,75796384;38,72296516;16,23458345
231,950;47,15086508;11,74739127;40,88961428;12,12281722
232,546;47,74842899;9,049384794;42,46823895;12,43013149
233,142;45,48369686;-6,404230334;40,16984918;18,74109341
233,738;57,09401644;17,39621582;47,31501148;15,73560686
234,334;54,03298343;16,0254382;55,98861496;16,23406169
234,929;67,27272657;18,42657698;52,49359294;24,56484406
235,525;61,10610396;24,40027279;54,21310593;33,30148173
236,121;57,87631247;31,41047837;55,23575339;24,03799264
236,716;61,38553894;47,7209923;49,08495246;26,31342681
237,312;50,87052532;48,97418834;54,40180659;6,536940105
237,907;66,48136071;52,89565369;55,9519534;7,515055656
238,503;67,26913619;74,47871624;53,18460584;-0,222151933
239,099;55,19753516;60,58792015;45,72855669;-0,039448257
239,694;60,97102779;64,68447039;42,8729807;16,4920687
240,289;55,75167348;64,53515611;42,41615101;11,51716513
240,885;57,04343193;60,0266216;45,2662706;4,100227665
241,480;49,63462133;62,80301804;50,35472744;25,36788135
242,076;40,20144352;65,60228962;53,67088686;12,40310081
242,671;40,3019717;62,0484301;45,6207417;34,9139246
243,266;40,65805131;62,79740226;46,51558906;43,38452642
243,861;44,40493185;57,34150543;44,60206359;38,97745916
244,457;51,86871186;62,20835234;50,63594599;32,51244442
245,052;49,03364395;59,73154431;53,32633794;35,86005767
245,647;47,59439216;56,78899221;51,34347006;26,31421884
246,242;40,2441645;53,67298565;57,2873002;26,17724566
246,837;47,04486471;44,64809354;56,56588821;20,79853944
247,432;47,1926833;43,1918916;56,17919521;24,65405229
248,027;55,37938804;49,83660063;59,36022494;11,74542477
248,622;45,10937963;45,29001352;59,88499675;6,963086898
249,217;29,8164028;37,92330733;60,45721976;-3,83714087
249,812;31,10571299;35,01470435;59,48315705;8,10811045
250,407;31,43305586;31,00649265;56,3979949;15,70272611
251,002;24,61074857;28,69813011;62,14269385;17,7500866
251,597;30,75086415;32,11976707;63,89063875;14,53692801
252,192;26,5208119;44,35514578;59,06099195;21,42857086
252,786;30,64864847;46,73871056;62,93750317;17,77225091
253,381;28,17449477;22,83356253;57,6390325;31,76788903
253,976;39,97539985;33,39973528;60,55604044;30,92834124
254,571;41,3223113;39,33785206;59,45394205;48,95185521
255,165;42,21614177;34,72984314;51,09472722;35,43508756
255,760;41,66464291;34,88904258;49,98857993;18,73061325
256,354;47,3964939;37,35357925;43,33767283;24,27896107
256,949;51,96708869;47,45877803;27,48336626;34,98458893
257,543;50,23347255;46,33381527;31,14123919;24,67018453
258,138;48,81670451;56,9626796;21,95744854;29,2974575
258,732;46,82415696;74,96642333;31,06204026;27,13450108
259,327;41,08826688;80,24762289;29,46503862;28,58371427
259,921;43,87038341;87,28953168;33,37577253;14,25149618
260,515;40,11934898;94,45103852;31,99834106;17,04643712
261,110;32,65305962;99,3810155;30,861336;21,68141567
261,704;27,70175694;92,16977907;29,48161693;22,025496
262,298;16,12562487;71,99295201;26,7706002;-2,176907688
262,893;20,30401679;66,13213481;25,73839659;14,56953819
263,487;22,68842348;50,95930645;32,82828301;21,71168846
264,081;15,37351858;53,84615261;27,99208755;19,55843633
264,675;21,48781466;53,66863649;31,74224271;24,00000068
265,269;18,14136296;56,02272726;27,62868537;23,91132134
265,863;21,39738024;59,11376284;35,70755481;21,78379591
266,457;29,94454937;51,3537912;38,95929397;20,32258155
267,051;36,38071146;48,11668302;38,36363691;10,32001852
267,645;33,19583031;61,39241001;40,33073005;15,22919755
268,239;46,51315522;48,73599207;48,87857723;8,113329073
268,833;43,99905163;42,86495296;42,55285273;4,809794718
269,427;46,65383592;33,10610502;43,56720461;10,33312152
270,021;38,10186955;31,56848109;34,1190429;5,400411013
270,614;45,23361124;29,52836828;37,40283478;11,01362757
271,208;41,17647178;27,44728914;30,53140178;20,2915236
271,802;37,84890108;30,77821049;30,50283129;23,7545119
272,396;31,86770422;35,35564809;33,83388929;30,27210907
272,989;29,20610265;33,60907914;34,50335975;32,19758162
273,583;19,98365324;34,3887262;26,51869164;33,49711758
274,177;20;37,16304129;29,80512261;27,21811477
274,770;13,49272336;33,06291381;30,41206135;27,69818537
275,364;23,7533408;32,78966201;45,75751848;26,97911651
275,957;13,93924777;37,35618611;50,35846153;20,21489296
276,551;18,75868395;39,95566865;54,62294921;13,57607354
277,144;16,8446829;39,64657902;55,09368962;4,186413889
277,737;17,49167083;44,10664001;59,57069882;5,233494482
278,331;19,95147107;36,87221612;65,01469873;13,64991509
278,924;11,94610127;52,95113839;63,10398142;15,72580708
279,517;12,26415285;48,34856049;58,73258269;17,37351194
280,111;27,58190765;61,20031656;58,30449875;14,70379604
280,704;30,50239548;56,63158107;45,68508674;16,69574333
281,297;47,3326047;52,23534858;44,92433243;18,33001261
281,890;41,29565393;45,78370535;42,7784483;18,83568114
282,483;47,44661144;59,86842033;44,55793696;22,78661786
283,077;53,03194231;52,46029722;39,81034614;28,54841951
283,670;61,65674778;56,26928219;40,14006489;27,23204312
284,263;65,58627169;50,2291889;36,08505415;25,89044476
284,856;58,30039442;54,28780866;44,11203168;31,26670344
285,449;50,36940627;53,48178115;35,14099713;20,90711221
286,042;35,76554916;52,82509337;45,3353409;18,89290131
286,634;25,0249998;46,95785109;41,68122439;20,67265929
287,227;25,72753056;50,04857159;49,93383238;12,65501823
287,820;13,78196454;40,77892219;46,44639986;15,22546504
288,413;1,83964716;49,22234575;30,12186729;-3,64505525
289,006;-1,192684923;48,35235399;22,26208172;-11,31713524
289,599;8,557390708;43,35904068;27,81350436;-11,71806194
290,191;12,7436617;38,49873435;23,96842475;-20,83106975
290,784;25,75394908;38,4940147;30,81560873;-6,217209503
291,377;27,83178878;45,0224797;33,05155078;-25,42977986
291,969;29,69097105;41,56654458;39,77030271;-37,92742584
292,562;33,80169006;43,78098236;34,30415519;-23,71465503
293,154;39,72453918;48,66871465;36,25740049;-23,22809331
293,747;42,83185879;44,36727851;40,78648022;-5,846560569
294,339;45,46692548;45,36622036;47,14508451;-0,370278581
294,932;46,20527174;36,26996028;45,45914009;-5,15781328
295,524;50,29610405;50,06718829;49,47952784;8,200000566
296,116;40,44586182;31,93742817;50,69431641;5,996964586
296,709;42,98230282;24,15163152;41,30310589;15,72368294
297,301;48,47451189;32,06937178;33,96876909;21,66203809
297,893;54,99287068;30,34105493;38,11559194;25,49280223
298,486;49,41597377;34,59858366;35,04450428;20,38718788
299,078;52,90378139;32,48666817;45,72576247;14,38231407
299,670;50,77220413;38,71192865;51,93113981;14,79136838
300,262;53,00490532;51,4483807;54,17115922;22,77014281
300,854;49,40374808;52,83661643;48,61078679;25,0666068
301,446;48,0637797;71,03639623;42,34883045;21,09256342
302,038;49,63414708;65,88548433;43,48197244;26,09582157
302,630;43,16215854;77,36351042;39,21723692;28,16662098
303,222;35,1628489;76,86169975;38,1919217;25,39245381
303,814;43,10874748;91,39931995;36,29001055;35,26370281
304,406;36,57595667;91,30808473;30,631419;29,93826979
304,998;44,41182277;91,51944277;21,52457361;25,11363642
305,590;32,86610914;84,78021872;12,60357625;24,14903405
306,182;30,1072571;96,45847005;19,09585587;19,34314776
306,773;36,92192967;62,66424987;22,1699014;21,18465311
307,365;36,87531446;57,51879095;25,08762279;22,02923049
307,957;42,64102559;56,17978329;27,62177624;19,03435431
308,549;49,12916941;53,15711955;26,17532677;19,22641507
309,140;44,30476932;38,57449984;26,69596883;18,90072826
309,732;48,61148783;36,26277192;28,7618078;25,19111042
310,323;30,67444665;32,99999987;32,29731932;23,94557754
310,915;21,88910088;40,31524397;38,75583382;21,51270992
311,506;19,70159678;14,31524777;36,82219294;9,892422492
312,098;19,95819857;19,61238098;36,76287886;17,04858068
312,689;14,53566462;21,24242788;36,60187279;9,456373517
313,281;15,01356549;21,8489788;42,0231419;8,734147394
313,872;0,922794778;22,09764019;46,6375874;8,882257537
314,463;21,04881373;18,55552369;47,259788;5,703909354
315,055;22,83230274;27,13525833;40,8429707;13,14574645
315,646;30,22252561;29,13031889;39,23416105;14,50798109
316,237;38,80788833;21,06748442;31,78615901;13,53801747
316,828;44,35162298;35,834948;40,50761542;23,72668645
317,420;37,7965474;33,50370494;30,54321068;25,75145107
318,011;38,74462939;31,98148991;30,88411132;24,9763484
318,602;36,16619285;32,25391593;23,61556879;26,88905276
319,193;42,798201;47,08377455;18,95226511;22,47714887
319,784;33,9805817;50,7709663;11,03519671;24,36802929
320,375;32,30362011;59,99617863;22,17767357;13,8423553
320,966;21,03356477;62,28147547;26,53701506;13,56179481
321,557;28,3921912;63,12360299;36,09100389;12,29767848
322,148;20,25602277;64,10009837;42,89405734;10,78976618
322,738;28,64516291;60,81804159;46,89275912;-4,670870859
323,329;29,51654084;53,28706642;55,4685911;1,447929988
323,920;39,44387283;61,65758058;58,99543323;3,233736921
324,511;32,04851659;55,87607083;56,16883144;10,65910474
325,102;38,78387742;53,6212653;61,44598065;3,636729146
325,692;34,57944186;39,21186055;61,06770636;11,25226837
326,283;37,73261845;39,10163589;59,07920415;6,800586723
326,874;29,4791673;41,70137075;60,29173531;14,23460818
327,464;30,31778428;37,43085407;53,14096717;11,76698318
328,055;22,12811137;43,25581332;55,80128105;22,69317282
328,645;18,7484091;57,79697864;43,50769155;21,36417225
329,236;12,46726047;48,96991864;37,49999925;23,74233156
329,826;12,32620434;45,01738154;46,12813226;15,02620789
330,417;6,333138241;43,48476387;50,14522927;22,83158272
331,007;14,16368151;52,5815512;43,6687708;18,1923961
331,597;18,42900358;56,21377751;46,29871276;23,48260483
332,188;26,86883218;58,13007989;49,34121611;22,87784714
332,778;30,78769899;58,16778903;45,49582485;21,04153465
333,368;39,18297776;58,54500966;48,22439727;22,68208023
333,958;47,30089487;51,6217788;57,434876;22,20179242
334,548;40,85236727;60,27614343;60,59207246;24,42109742
335,139;40,73883796;56,49378509;49,78137499;30,28184335
335,729;46,23883572;67,1317841;45,77412134;24,94687516
336,319;43,90300411;58,858042;43,75655908;28,8925313
336,909;61,96902894;52,23090904;41,37409464;32,15796775
337,499;59,08523023;51,67552532;33,14862438;36,85368568
338,089;50,99219607;56,9568535;42,84306072;27,55289786
338,679;42,71865259;56,85820221;39,10650005;22,56432834
339,269;44,88486197;54,0156379;36,97398548;29,58854553
339,858;48,38766759;53,39422672;35,88101728;21,48541129
340,448;49,39816629;59,41517343;41,28422723;19,99566756
341,038;43,82418921;44,48727744;42,54671032;27,88726471
341,628;47,6809506;46,98224678;47,98565958;29,74181548
342,218;37,88071273;47,38419012;42,88006547;26,71112166
342,807;32,99016615;39,32508444;42,97589356;14,91384496
343,397;34,88133741;28,37677611;38,50229585;20,33218688
343,986;37,82976713;28,24833624;38,30995386;20,98408121
344,576;34,641875;32,45422977;34,33048386;19,10779271
345,166;34,48873489;28,57996231;31,90721567;27,54120822
345,755;33,71363669;25,76899635;28,45558359;23,85206483
346,345;33,67136281;26,88006069;31,78227993;21,74412017
346,934;29,40435341;30,14947071;34,45488715;17,28540477
347,523;20,67017163;29,76211567;41,11754484;16,04860537
348,113;23,89769087;28,39879088;41,95526642;24,15458777
348,702;24,17836291;41,25552309;40,21531516;27,76005122
349,292;16,18464045;38,68710136;34,20178275;27,10215461
349,881;13,07692404;44,40173825;41,11590711;15,22054272
350,470;11,67818115;44,46949183;45,5794298;9,722530079
351,059;10,88407797;46,98218823;50,01510203;11,84242195
351,648;1,761132687;44,0486701;45,36498702;1,651466503
352,238;4,016234671;39,06134314;39,68456259;-0,860162113
352,827;8,640460269;43,49724413;35,30315908;7,90169238
353,416;7,329402283;44,92327175;38,48105159;11,00275139
354,005;-2,245441795;37,09776629;37,59886142;27,93042595
354,594;11,76602592;38,57204996;42,48059638;20,953257
355,183;6,347657028;27,2164075;39,62203595;23,0027209
355,772;7,099698235;27,66738699;41,13424222;16,18528632
356,361;0,189792241;22,73999841;34,20554752;21,71299875
356,949;4,434488383;26,53100353;32,37741328;40,98588368
357,538;4,172398715;29,77465846;37,74250464;45,89519548
358,127;10,43267902;33,39457055;38,42089954;41,66326855
358,716;9,935483747;43,8697324;38,77144729;43,81593822
359,304;21,50693314;42,68949726;40,10628249;25,04111944
359,893;19,17610747;41,92045646;36,48014593;37,07490236
360,482;27,0578964;49,33905046;31,99048066;41,45950066
361,070;22,84710144;46,69803518;27,92494435;43,98383911
361,659;30,48726852;50,11674292;41,04592953;45,16552101
362,247;35,25817927;46,84343382;42,71703365;38,09598971
362,836;36,03346662;47,27543142;34,96763999;40,9244121
363,424;28,36438926;44,50047258;37,50644925;38,58165289
364,013;31,73594769;42,5024345;32,60758336;30,78616375
364,601;32,47277743;40,36274582;32,19783736;32,86701229
365,190;32,96519349;38,22504696;39,28206692;25,61016381
365,778;30,84745857;32,40688503;39,21176422;26,78415684
366,366;35,96989505;37,72822508;34,08746094;23,97942715
366,955;32,75673977;32,88043813;28,18855268;22,8085855
367,543;34,21052882;35,62559785;29,73556941;15,53965342
368,131;28,19164794;35,28828212;27,46886868;14,17546845
368,719;30,22779446;28,81545301;25,88274871;12,19694144
369,307;25,424328;23,83430391;22,33451321;17,78814117
369,895;24,64227423;23,9763855;22,46055661;19,52569164
370,483;21,44140515;21,92216085;17,63094274;20,65987992
371,071;18,82563791;21,578728;19,1531372;16,7473464
371,659;15,60963406;19,03857807;18,59044689;14,55625197
372,247;17,86190935;17,06578451;17,36400371;7,053849848
372,835;15,28920485;14,50934232;14,36891024;8,479969
373,423;14,91623716;9,847716074;13,42986211;4,511933177
374,011;12,167557;9,634469651;10,74822362;6,133122417
374,599;10,1067198;9,103500775;12,5508339;4,146944066
375,186;5,782918919;7,55615031;9,346385199;4,060434782
375,774;4,726948146;5,052107386;8,893291774;4,48076088
376,362;3,932458673;4,015343209;7,067063852;5,574175784
376,950;4,067630493;4,201620097;7,109822941;5,436248106
377,537;3,318070256;4,401225703;5,967360077;6,956000904
378,125;2,402449116;4,406206679;6,226442957;6,345432468
378,712;2,315344826;4,636632517;5,128554357;6,952886875
379,300;2,543714855;4,12996278;5,474728802;6,217923718
379,887;1,966654558;3,785937853;4,265712593;6,710230609
380,475;3,080212352;4,58822261;5,402086976;6,504988601
381,062;2,71158479;5,213764445;5,312418682;5,904167374
381,650;2,705206421;4,407558559;6,055719928;5,530594826
382,237;2,046393872;3,552970747;5,197208529;5,568375237
382,824;2,041345369;3,185933468;4,834232649;4,76417358
383,411;2,019813284;3,21319525;3,795903626;4,773444153
383,999;1,640439654;3,45358495;4,344350917;4,457478472
384,586;0,919880628;3,489672206;3,995301773;4,345509988
385,173;1,622856006;3,142887826;4,134266875;4,164794923
385,760;1,450817752;2,227202191;3,426982676;4,151648535
386,347;1,529983652;2,034075616;3,533604493;4,003026877
386,934;1,552715025;2,371633674;2,658011103;4,024032196
387,521;2,031196442;2,747178114;3,168022509;3,946934702
388,108;2,048604807;2,43012851;3,352825021;4,39691532
388,695;2,231772548;2,306765569;3,81948141;4,455249349
389,282;2,151375183;2,239097345;3,821195753;4,809003506
389,869;2,893021336;2,202372955;3,673793529;4,757665958
390,456;2,922349462;2,378256107;3,437911277;4,690276242
391,043;3,022642814;2,760183774;3,788339926;4,419306161
391,630;3,292983499;3,110236149;3,657420604;4,633508728
392,216;3,3336168;2,929970577;4,151913249;4,676420082
392,803;3,14769828;2,656238294;4,023451133;4,675568776
393,390;3,39516841;3,225032868;4,310253261;4,849450949
393,976;3,776931439;3,024572206;4,115165594;4,74732902
394,563;4,051758224;3,246670937;4,170812132;4,499480478
395,149;3,665131307;3,089253067;4,371479533;4,705242439
395,736;3,712549314;3,231846602;4,329704276;4,990224883
396,322;3,552515559;3,134044998;4,11355588;5,200456313
396,909;3,745071211;3,091071368;4,402756686;4,919324607
397,495;3,830931594;3,259732535;4,49424282;5,06984268
398,082;3,917687035;3,253025253;4,735701968;5,050983687
398,668;4,035651934;3,263600914;4,676563281;4,896842817
399,254;3,998876399;3,469382137;4,904704315;5,054771971
399,841;4,128104324;3,26874874;5,147537056;5,087334044
400,427;4,337348356;3,479436558;5,398556067;5,099984351
401,013;4,539589435;3,654962104;5,784093027;5,091506979
401,599;4,684527185;3,854985585;6,008718245;5,176613196
402,185;4,552788328;3,944149261;6,104950581;5,159235977
402,771;4,619273366;4,17478214;6,324529005;5,228991807
403,357;4,783912475;4,326232529;6,416261311;5,445134918
403,943;4,932091331;4,525260135;6,87808348;5,463453209
404,529;5,02746606;4,603897426;7,217594079;5,574541907
405,115;5,14014423;4,966402997;7,594561104;5,610861549
405,701;5,48718855;5,215942837;7,930265476;5,812854273
406,287;5,774694518;5,337604571;8,332355777;5,733675764
406,873;6,217653569;5,590150388;8,785131005;5,76448433
407,459;6,633825206;5,988662585;9,333980798;6,062154817
408,044;7,34924947;6,346373553;9,680443648;5,969665698
408,630;7,726577499;6,781070289;10,26851066;6,108014936
409,216;8,11148043;7,073155544;10,51735553;6,402255911
409,802;8,625223942;7,62154785;10,99676606;6,675727832
410,387;9,095493883;7,984738123;11,17579923;7,064392615
410,973;9,510012246;8,341988896;11,65462678;7,063961439
411,558;9,852198828;8,784400668;11,79953642;7,355359222
412,144;10,25772217;9,317789349;12,32845009;7,680702387
412,729;10,66879533;9,468748991;12,48895823;7,883449596
413,315;10,85555284;9,762943158;12,91771697;8,195870953
413,900;11,26682743;10,05911328;13,18645338;8,455470827
414,485;11,73114768;10,47330688;13,75217747;8,65215992
415,071;12,1534839;10,63472005;14,11831926;8,763444611
415,656;12,64944575;10,90206737;14,65160614;8,853305896
416,241;13,02484859;11,31407996;14,93748438;9,338099685
416,827;13,54214901;11,58348237;15,61443738;9,657741609
417,412;14,15552327;11,67569251;15,96224009;9,900948289
417,997;14,84998226;12,14494997;16,5669233;10,24498571
418,582;15,38689727;12,50501111;17,02673072;10,54461714
419,167;16,10037298;12,9649723;17,51740986;10,80235368
419,752;16,54725424;13,16660917;17,81161607;11,06930811
420,337;16,95137051;13,67919837;18,34845993;11,35226673
420,922;17,4143361;14,08398566;18,78819654;11,45849507
421,507;17,99325112;14,37983932;19,35654589;11,57183183
422,092;18,38635352;14,72008164;19,84722802;11,94962612
422,677;18,67358592;15,1990313;20,10132045;12,11213017
423,261;19,12065625;15,60474532;20,33179152;12,43386159
423,846;19,6587533;15,97782672;20,8597714;12,64795089
424,431;19,94707256;16,41691268;21,26211234;12,75637634
425,016;20,20979068;16,88394965;21,65659594;12,9685077
425,600;20,67723099;17,22445774;21,93867131;13,08496998
426,185;21,18237491;17,67360262;22,34893996;13,46870683
426,770;21,56224112;18,12937662;22,49168553;13,73520173
427,354;22,01386808;18,73538207;22,70941662;13,6990157
427,939;22,46580334;19,01032686;23,13228344;14,02498865
428,523;22,92344576;19,29640501;23,60334061;14,06732807
429,108;23,21095116;19,53926155;23,58810383;14,36223969
429,692;23,71937196;19,93727555;24,10348294;14,47863413
430,276;24,2316004;20,0969787;24,36887485;14,58113868
430,861;24,65497858;20,38460862;24,61021083;14,73786046
431,445;24,92211911;20,56253903;24,71908451;14,88957815
432,029;25,41580161;20,78501056;25,05258088;14,92746749
432,613;25,81803386;20,82132856;25,2398462;15,06749832
433,198;26,20505009;21,11809635;25,47051752;15,10005597
433,782;26,37137369;21,31020667;25,72379772;15,28804182
434,366;26,92615083;21,58961053;26,15702786;15,36182308
434,950;27,21375479;21,64088913;26,04337915;15,62443064
435,534;27,65199063;21,89677686;26,15281962;15,80783332
436,118;27,90125467;22,00168301;26,28248928;15,97095762
436,702;28,38652748;22,11718614;26,50043372;15,99726911
437,286;28,47496961;22,10475733;26,62694721;16,10795035
437,870;28,67394883;22,22918953;26,72682299;16,09159208
438,454;28,74566843;22,28578389;26,76991566;16,15419265
439,038;29,01640009;22,38485469;26,72171869;15,98006775
439,621;29,09051872;22,49539082;26,83943011;16,0404265
440,205;29,30538092;22,5034081;27,1335571;16,04405695
440,789;29,41112048;22,60175693;27,2684948;15,885173
441,372;29,68574545;22,83974737;27,4548862;15,88900446
441,956;29,74486925;22,98941926;27,58417733;15,94369906
442,540;29,90035968;23,22284593;27,48826442;15,95198004
443,123;30,0329766;23,2897475;27,63744269;15,94806681
443,707;30,27207246;23,40699716;27,81116352;16,05801598
444,290;30,39307965;23,50229513;27,99942714;16,19612663
444,874;30,59046547;23,56379724;28,01633565;16,14542255
445,457;30,65283361;23,76100126;28,04924629;16,03951214
446,040;30,7015936;23,94211405;28,19544539;16,09873267
446,624;30,81442141;23,82920527;28,24463978;16,06723736
447,207;31,02216473;23,99288926;28,20446522;16,00763549
447,790;31,17326096;24,00007593;28,39252995;16,03079774
448,374;31,25836426;24,08880172;28,404979;16,08322903
448,957;31,53793236;24,2078678;28,44342339;16,10878713
449,540;31,68141834;24,37539311;28,61252482;16,076151
450,123;31,65820123;24,47983938;28,59711296;16,05973769
450,706;31,7059171;24,41482035;28,72041717;16,16737191
451,289;31,9591268;24,29646289;28,61593976;16,18109373
451,872;32,02713252;24,47352637;28,63010418;16,16001479
452,455;32,01978338;24,41963179;28,696796;16,13969414
453,038;32,0464232;24,50002408;28,82023125;15,98790258
453,621;32,19083156;24,52474831;28,84927519;15,92355023
454,204;32,19654924;24,52785945;28,85923222;15,72993203
454,787;32,24345098;24,40208018;28,81510939;15,73277765
455,369;32,35657734;24,41808375;28,95313183;15,72885999
455,952;32,494217;24,46596237;28,79096843;15,64113134
456,535;32,42688378;24,60888984;28,85518458;15,59082706
457,117;32,33877662;24,5973398;28,87881744;15,60406592
457,700;32,4447456;24,64553995;28,94003339;15,48498226
458,283;32,60119366;24,59948995;28,92254358;15,58218555
458,865;32,67739289;24,5589247;28,86339712;15,57035719
459,448;32,72375853;24,53828976;28,8802049;15,60159224
460,030;32,73394294;24,52964374;28,82283966;15,57999959
460,613;32,72692004;24,47848296;28,75193912;15,52779996
461,195;32,75996604;24,49500137;28,85062266;15,44887689
461,777;32,83241389;24,48595617;28,88927011;15,42660339
462,360;32,99600744;24,44963641;28,81626671;15,40645246
462,942;32,84856695;24,47182984;28,67877446;15,48602775
463,524;32,80923653;24,52940088;28,61132754;15,35606766
464,107;32,81449273;24,49647257;28,59734657;15,35974528
464,689;32,81358014;24,53502147;28,53249861;15,3015607
465,271;32,95888066;24,54671447;28,44888587;15,3022158
465,853;33,04469573;24,55233933;28,49047081;15,31593129
466,435;32,978241;24,47623711;28,44265044;15,40386986
467,017;32,9519557;24,41072316;28,37432178;15,42675662
467,599;32,94362015;24,29043981;28,28198906;15,33269817
468,181;33,17091862;24,24100649;28,35260107;15,29654057
468,763;33,16259932;24,1662627;28,24884203;15,32416158
469,345;33,14050898;24,22135104;28,22314556;15,2446463
469,927;33,01368981;24,07513613;28,21133548;15,23319837
470,508;32,88117237;24,1099762;28,15101158;15,1610293
471,090;32,80904016;24,09069119;28,0036183;15,02739579
471,672;32,83685241;24,13693951;27,97356313;14,94346622
472,254;32,83810871;24,10109967;27,86503207;14,9032133
472,835;32,88745509;24,09507847;27,87483024;14,85835867
473,417;32,72462041;23,96542308;27,74660743;14,83475347
473,998;32,69974027;23,97558505;27,61599302;14,75196402
474,580;32,60074288;23,90829705;27,54779993;14,78258298
475,161;32,55875834;23,88321117;27,43416898;14,66881959
475,743;32,47917856;23,81574266;27,36124999;14,56639939
476,324;32,35298324;23,74326056;27,29948616;14,52615502
476,906;32,30704536;23,71315726;27,1785838;14,37544277
477,487;32,23745361;23,58229909;27,15143871;14,24775072
478,068;32,14932826;23,62501459;27,10283551;14,1184855
478,650;32,20280337;23,64734497;26,89742738;14,02647296
479,231;32,10473111;23,54053485;26,93506755;14,0415768
479,812;32,16515982;23,49067153;26,89812759;13,8587297
480,393;32,14467523;23,48974133;26,82619886;13,82563861
480,974;32,07201552;23,43503064;26,81430303;13,76245034
481,555;32,1699691;23,49179886;26,6194078;13,7038346
482,136;32,17647873;23,45184629;26,54940191;13,6392805
482,717;32,22693629;23,50325278;26,44425851;13,56129313
483,298;32,15856525;23,33966513;26,32061198;13,52647292
483,879;32,08983377;23,25962853;26,34815793;13,39893803
484,460;32,07956589;23,15106265;26,28796808;13,15473328
485,041;32,02234369;23,05565088;26,18333912;13,08495158
485,622;32,01143602;22,96970101;26,1377883;12,95787594
486,203;32,04294814;22,89750529;25,94216385;12,84918937
486,783;32,01919911;22,71251913;26,00553604;12,77297078
487,364;32,03725598;22,60246801;25,83624476;12,7744705
487,945;31,90794604;22,50325169;25,73900595;12,70749361
488,525;31,83229026;22,44195269;25,62056817;12,69704469
489,106;31,80814173;22,38015644;25,47177817;12,65108714
489,686;31,82816211;22,40237286;25,37566533;12,67688871
490,267;31,71697607;22,42219291;25,22302989;12,57072724
490,847;31,78896707;22,3470686;25,12585399;12,51229867
491,428;31,91070246;22,2933661;25,03851609;12,45566318
492,008;31,89515054;22,26535475;24,89594165;12,35344388
492,589;31,85133615;22,25474701;24,8984867;12,20330662
493,169;31,82640075;22,24761488;24,71102204;12,11794137
493,749;31,82957584;22,25162092;24,70970444;12,00263685
494,329;31,80522645;22,1632247;24,6066664;11,96940817
494,910;31,71596637;22,05804924;24,55671145;11,90222888
495,490;31,72698178;21,97380755;24,4939551;11,87398965
496,070;31,65737092;21,94364637;24,35089985;11,80420425
496,650;31,51054524;21,84163848;24,27820331;11,75075394
497,230;31,40143047;21,75087499;24,22605281;11,66707214
497,810;31,30404004;21,66743735;24,08205208;11,6756403
498,390;31,34919415;21,57738277;24,1408136;11,65399615
498,970;31,39308148;21,59963054;23,93661184;11,58372101
499,550;31,36256175;21,66898201;24,01779804;11,49082334
500,130;31,43953014;21,63794632;23,83457409;11,36581506
500,709;31,41183201;21,60857781;23,7888665;11,26670247
501,289;31,36776241;21,53954968;23,64763405;11,17313562
501,869;31,34927102;21,5524764;23,68752729;11,07117561
502,449;31,32732128;21,46565509;23,51610654;11,0074909
503,028;31,26476313;21,38804249;23,48675664;10,91037524
503,608;31,24963949;21,34481479;23,31352022;10,77913397
504,188;31,18819483;21,27668698;23,23653141;10,68663628
504,767;31,0205546;21,10873365;23,13289775;10,61038196
505,347;31,01609025;21,04064505;23,16795866;10,56564197
505,926;30,97923414;20,94069752;23,00072848;10,58824818
506,505;31,02285186;20,87552086;23,01558256;10,57104765
507,085;31,12242429;20,88768869;22,79193505;10,58786872
507,664;31,09882237;20,88955788;22,7684989;10,56764605
508,243;31,12404787;20,85572617;22,64532881;10,44616057
508,823;30,99824115;20,83895285;22,7242069;10,36307617
509,402;31,03632159;20,80989795;22,62701924;10,37954883
509,981;31,18967328;20,77220649;22,44604169;10,32247487
510,560;31,07103434;20,72333817;22,26958356;10,18181844
511,139;31,11789348;20,7282579;22,253718;10,08588614
511,719;31,1299665;20,73115543;22,12775124;9,957715387
512,298;31,02001877;20,58138121;22,15411446;9,847309759
512,877;31,13050836;20,55103534;22,09551349;9,77793403
513,456;31,0265674;20,47934349;22,10277882;9,772037962
514,034;31,02100191;20,35644232;21,94369087;9,822083422
514,613;30,99383159;20,24031384;21,94194851;9,692873429
515,192;30,94326009;20,28256959;21,91801258;9,641618065
515,771;31,07300448;20,26273402;21,8371645;9,635742762
516,350;31,11186727;20,07826411;21,74492848;9,610285385
516,928;30,93312509;19,8861306;21,67700747;9,533604792
517,507;30,87990117;19,84225419;21,57033357;9,537397861
518,086;30,82370813;19,83812965;21,5182579;9,447248835
518,664;30,92645155;19,83735443;21,39924294;9,448287645
519,243;30,95509;19,87794505;21,27470451;9,348099232
519,821;30,86729287;19,77314077;21,14236431;9,406344092
520,400;30,76207187;19,70284852;21,08372729;9,339453474
520,978;30,61656592;19,6755919;20,98876719;9,357106835
521,557;30,53594269;19,70888572;20,90186304;9,318753579
522,135;30,56849117;19,75743445;20,84931394;9,394045958
522,714;30,61805922;19,70214039;20,78131257;9,247987108
523,292;30,56045457;19,47607479;20,69794424;9,343291296
523,870;30,48145063;19,42242918;20,63912275;9,243381938
524,448;30,47512788;19,35700237;20,60288641;9,228700979
525,026;30,42742822;19,42340129;20,5521021;9,129764735
525,605;30,41576105;19,31732968;20,51627363;9,19048056
526,183;30,43277696;19,23489437;20,54460483;9,139956445
526,761;30,42524779;19,17767513;20,48118465;9,016547837
527,339;30,41726188;19,17373264;20,44306234;8,960763207
527,917;30,28445438;19,22430879;20,36161729;9,010328857
528,495;30,16320976;19,24213558;20,328622;8,897049734
529,073;30,11947301;19,09322436;20,24995289;8,864471261
529,650;30,07197567;19,12434604;20,21072949;8,80471028
530,228;30,03297814;19,01183323;20,23636534;8,788430115
530,806;30,0327025;19,05368937;20,20784849;8,671997519
531,384;29,97365859;19,13315273;20,06012481;8,631999247
531,962;30,04608415;19,10384051;20,01916028;8,699154458
532,539;29,96006916;19,08852305;20,01362952;8,688074401
533,117;29,979995;19,01577383;19,99678676;8,617803864
533,694;30,06846557;19,11335105;19,92856499;8,578890631
534,272;30,05742242;19,26501877;19,88020044;8,545276279
534,849;30,04974892;19,27553055;19,80229212;8,544416585
535,427;30,16553556;19,32699848;19,80963865;8,548547131
536,004;30,1136352;19,2825924;19,71772736;8,613158481
536,582;30,1092452;19,15424466;19,87179948;8,620100154
537,159;29,97223299;19,15220328;19,79770454;8,61200607
537,736;29,99296791;19,11828391;19,73756181;8,622070032
538,314;29,91340597;19,19368102;19,67854434;8,663981161
538,891;29,83095463;19,17893852;19,70258344;8,703228301
539,468;29,85110344;19,17506992;19,71918016;8,765509618
540,045;29,79694346;19,07858425;19,83914479;8,766182008
540,622;29,70734443;19,05394976;19,79171435;8,713639857
541,199;29,71335606;19,03486591;19,86312648;8,628431059
541,776;29,60670617;19,06118008;19,67605801;8,689499244
542,353;29,63681174;19,12575898;19,69414088;8,688236064
542,930;29,67668737;19,07707712;19,68817485;8,559169798
543,507;29,76205617;18,95488869;19,77434355;8,569838681
544,084;29,71921354;18,99921193;19,7281394;8,60303097
544,661;29,7951415;18,98356955;19,66390322;8,560905505
545,238;29,75124603;18,93850647;19,66969788;8,596976311
545,815;29,75915509;18,91543339;19,77828852;8,720910666
546,391;29,7736705;19,00457782;19,76250028;8,831105733
546,968;29,90027875;19,06510162;19,88603094;8,780861485
547,545;29,85455633;19,04124803;19,90442825;8,784608666
548,121;29,78478743;19,08528316;19,946269;8,962697594
548,698;29,77813437;19,12835182;19,86922098;8,997067127
549,274;29,87071635;19,10851983;19,93143683;8,961675727
549,851;29,77512817;19,17319516;19,97415506;8,987312186
550,427;29,90306705;19,2163622;19,95091445;8,997042869
551,004;29,98118578;19,33795287;19,92141525;9,010752267
551,580;29,94390868;19,3158137;20,01208542;9,031592487
552,156;30,00526933;19,29391938;20,08125637;9,111967947
552,732;29,99577985;19,34310951;20,20804479;9,148326215
553,309;30,10288152;19,48415195;20,23399188;9,1224742
553,885;30,09698734;19,48717401;20,359757;9,165299208
554,461;30,0791423;19,52288857;20,39636144;9,138811735
555,037;30,14858722;19,48015719;20,49060168;9,156398185
555,613;30,13810294;19,59401377;20,56714272;9,226983454
556,189;30,20394428;19,5548146;20,65520917;9,243587165
556,765;30,34397893;19,63803237;20,706739;9,265660513
557,341;30,28844702;19,78364841;20,81056382;9,285817498
557,917;30,41991231;19,88492169;20,91108801;9,328780127
558,493;30,44836898;19,83509734;21,0303539;9,366006639
559,069;30,59641525;19,97512669;21,09341904;9,3939475
559,645;30,77986379;20,13657936;21,26075191;9,631858883
560,220;30,84824886;20,25418062;21,41921885;9,73089712
560,796;30,98204346;20,31509263;21,48745572;9,695494058
561,372;31,0291959;20,46284505;21,60486257;9,764426842
561,948;31,15569914;20,57674772;21,76628164;9,829454054
562,523;31,30394404;20,55917251;21,82442263;9,947212017
563,099;31,45292162;20,6381153;22,07963303;10,02929737
563,674;31,51483337;20,86338379;22,2399239;10,14599483
564,250;31,58538035;20,93651821;22,41270618;10,27108279
564,825;31,68513605;21,00668997;22,4071798;10,30962602
565,400;31,88413647;21,03371385;22,62154365;10,44496811
565,976;31,96923422;21,20151943;22,78684398;10,63519029
566,551;32,06188264;21,33360099;23,0045808;10,76495107
567,126;32,2061816;21,37989356;23,26833104;10,90984969
567,702;32,35363426;21,52898368;23,50438396;11,05819443
568,277;32,43878939;21,70456708;23,51362115;11,32469503
568,852;32,68748529;21,7604818;23,76666078;11,49461023
569,427;32,88178117;22,00849663;23,94311849;11,6859626
570,002;33,07110069;22,17650052;24,30238768;11,92280862
570,577;33,27532619;22,43147329;24,43255857;12,07990949
571,152;33,47397459;22,50419022;24,75337237;12,34598013
571,727;33,6645236;22,70386765;24,90100564;12,5190297
572,302;33,77429099;23,008902;24,99294148;12,75748119
572,877;33,97353222;23,24439809;25,21294569;12,99137295
573,452;34,20470464;23,44484515;25,57036975;13,1464624
574,026;34,36073633;23,63958487;25,68900918;13,38573352
574,601;34,6127486;23,85651848;26,04543421;13,61621645
575,176;34,74889493;24,020605;26,30357151;13,82258667
575,751;34,91529429;24,22829633;26,6028497;14,09353121
576,325;35,13030283;24,58685677;26,76973202;14,33814254
576,900;35,37961369;24,86616511;27,07916202;14,59176221
577,474;35,69593417;25,1340389;27,32344482;14,90075077
578,049;35,96473137;25,43801819;27,55355841;15,18019804
578,623;36,15501419;25,66758666;27,84038761;15,48093623
579,198;36,39541577;25,96681965;28,28504757;15,76344826
579,772;36,64330282;26,19666987;28,55807732;16,11217792
580,346;36,96522452;26,50219038;29,04085348;16,44081631
580,921;37,23362125;26,75852921;29,34368631;16,91044023
581,495;37,56850589;26,99577642;29,74591274;17,26395996
582,069;37,90439473;27,15784986;30,18598838;17,72197884
582,643;38,12483118;27,54160238;30,70037546;18,05497022
583,218;38,38124952;27,77211398;31,15443028;18,50185134
583,792;38,72462588;28,03519013;31,50756141;18,94520101
584,366;39,01339579;28,36172104;31,85758336;19,48202323
584,940;39,29983935;28,76773068;32,23381909;19,83305177
585,514;39,50219774;29,08205692;32,39627646;20,25640751
586,088;39,79395634;29,485424;32,79575315;20,70929739
586,662;40,06138388;29,77187348;33,17078046;21,21207633
587,235;40,36464403;30,17377709;33,38008866;21,73431717
587,809;40,75552897;30,3875522;33,70279654;22,29342066
588,383;41,06595341;30,74011229;34,0976441;22,89810918
588,957;41,34569925;31,21741991;34,4908172;23,46106889
589,530;41,77897977;31,64012808;34,89571017;24,05204202
590,104;42,04210821;31,87027765;35,38655066;24,73405689
590,678;42,40537022;32,25212035;35,86177239;25,34709803
591,251;42,69583949;32,62230769;36,41931467;25,88406892
591,825;43,10132445;33,00564928;36,92341853;26,42585747
592,398;43,45887549;33,37326286;37,44252017;26,91552378
592,972;43,73899649;33,69699822;37,83443822;27,5168793
593,545;44,14653459;34,10732853;38,25970984;28,06250557
594,118;44,60404087;34,35728099;38,67027667;28,73504933
594,692;44,87279541;34,63394951;39,07259352;29,36780899
595,265;45,22821755;35,11538758;39,51442525;29,9142228
595,838;45,68705311;35,50844249;40,05696242;30,59728287
596,411;46,0785367;35,85688945;40,45702253;31,25159388
596,985;46,32673343;36,30187828;40,74874251;31,91010992
597,558;46,50685132;36,76984079;41,08460004;32,58869199
598,131;46,81672634;37,10512403;41,47318277;33,27501531
598,704;47,08484149;37,54033177;41,89371307;33,89275969
599,277;47,26643356;37,91389788;42,37094369;34,41866104
599,850;47,64743855;38,4903044;42,8746476;34,87655932
600,423;48,07107;38,88235904;43,35597918;35,65814018
600,996;48,33082017;39,23747935;43,71517028;36,26079612
601,568;48,64414799;39,68003913;43,9854956;36,87013271
602,141;48,95690658;40,05838713;44,33438415;37,46620701
602,714;49,39442108;40,31223932;44,75912846;37,99033313
603,287;49,69681371;40,88611985;45,17734531;38,61709842
603,859;50,07447092;41,26256338;45,4943605;39,13796149
604,432;50,58424287;41,69011746;45,75591264;39,82012528
605,004;50,81465508;41,92540896;46,22116921;40,45735562
605,577;51,04119523;42,24460667;46,32647835;40,99789239
606,149;51,26850107;42,49317704;46,71076279;41,66067092
606,722;51,68530524;42,83396563;47,11953735;42,17306293
607,294;51,87280339;43,06657793;47,55284356;42,67731189
607,867;52,01028102;43,56192496;47,88897688;43,29196171
608,439;52,3270566;43,75024132;48,17238484;43,78201335
609,011;52,49438163;44,06348263;48,57479058;44,46930483
609,584;52,51374872;44,52067337;48,8724258;44,86498308
610,156;52,75475301;44,92471257;49,04355499;45,39826485
610,728;52,89266103;45,2478291;49,51721114;45,85354796
611,300;53,28263678;45,76397905;49,72473644;46,30979081
611,872;53,4555232;46,16365573;50,08604389;46,75786734
612,444;53,9102512;46,52943423;50,50923573;47,50938976
613,016;54,17284142;46,68421128;50,94187651;48,01539678
613,588;54,42930506;47,027852;51,16238515;48,63634947
614,160;54,64996689;47,39247035;51,4076115;49,1710094
614,732;54,95649411;47,79174195;51,91271952;49,76820047
615,304;55,22361143;47,98875575;52,27756343;50,29876463
615,876;55,41097067;48,35225086;52,65879723;50,88707323
616,447;55,49518635;48,60942123;53,01872817;51,36157265
617,019;55,68120999;48,76057754;53,08777879;52,04066422
617,591;55,74445581;49,12832018;53,2280342;52,38649308
618,162;56,04500817;49,52401673;53,37475115;52,92826817
618,734;56,05770348;49,92963273;53,7477179;53,24196637
619,305;56,21857532;50,4206364;54,1215591;53,50769912
619,877;56,31795304;50,39596679;54,31708195;54,11386694
620,448;56,32855643;50,66235103;54,54182999;54,56870689
621,020;56,69150282;50,96852613;54,57901516;55,0441057
621,591;56,91607422;51,16661513;54,75930143;55,39348634
622,162;56,89379972;51,45859772;55,16824544;55,71898346
622,734;57,17835739;51,71600825;55,47724137;55,93993232
623,305;57,32827651;51,8431909;55,63170554;56,20632639
623,876;57,59561862;51,98477666;56,10137989;56,49907979
624,447;57,88344482;51,81073946;56,21163578;56,7787424
625,019;58,17317251;52,07717652;56,57142989;56,91834702
625,590;58,39403701;52,56106651;56,69619487;57,45587795
626,161;58,61026283;52,60228676;57,14245108;57,56879018
626,732;58,9662523;52,79191459;57,40224777;58,00402244
627,303;59,2934496;53,18601377;57,71257112;58,2629661
627,874;59,30484608;53,33461111;57,88542444;58,83577093
628,444;59,36242439;53,61130258;58,28098705;59,17069922
629,015;59,73525719;53,77957413;58,35653137;59,44084932
629,586;59,86505131;54,18201719;58,621904;59,82468556
630,157;59,94684041;54,3116462;58,54871855;60,19280178
630,727;60,10234342;54,25200688;58,65232822;60,34641666
631,298;59,93673485;54,47362145;58,5630743;60,67385512
631,869;59,92424886;54,70898295;58,75115631;60,85792637
632,439;59,82064639;54,57472359;58,68110984;60,98179726
633,010;59,9026806;54,69595845;58,80635139;60,91074654
633,580;59,94808197;54,87522347;58,69195058;61,1768028
634,151;59,5943596;54,99208047;58,92450395;61,41088538
634,721;59,70450676;55,02831904;58,97812156;61,55674513
635,292;60,00993443;55,31932821;59,1933633;61,5268602
635,862;60,28839571;55,59171598;59,33177478;61,63667095
636,432;60,59585696;55,76633524;59,34715031;61,66471448
637,002;60,6763392;55,72898756;59,37791562;61,88512958
637,573;60,8579532;55,84278286;59,25645973;62,04807826
638,143;61,00811153;56,05770098;59,30118405;62,38457818
638,713;61,28415016;56,09912935;59,49375303;62,63738601
639,283;61,56179161;56,24728027;59,2662111;62,98596247
639,853;61,46145915;56,39899832;59,17058815;63,17343995
640,423;61,2983073;56,20914458;59,12986935;63,47416126
640,993;61,26791555;56,14584677;59,13034604;63,48601701
641,563;61,35453086;56,10093062;59,19654483;63,75895912
642,133;61,19084674;56,18530118;59,31061339;63,88524332
642,703;61,11040692;56,42240997;59,61441822;64,16096341
643,272;61,13175142;56,4029904;59,61206438;64,09600203
643,842;60,94197539;56,42740607;59,75884759;64,05476397
644,412;60,75568375;56,3840697;59,58628775;63,9630278
644,981;60,87833163;56,48145126;59,681883;63,91343458
645,551;60,70645059;56,78763432;59,543845;63,72487735
646,121;60,57490246;56,83428486;59,5854162;63,78598716
646,690;60,43356027;56,99854096;59,40581749;63,64755452
647,260;60,61920193;56,97300153;59,08994839;63,55512001
647,829;60,64742143;56,93988392;59,12305337;63,45330974
648,398;60,44134521;56,9196001;59,07275075;63,50851017
648,968;60,46513018;56,80193926;58,98921023;63,53832424
649,537;60,54886276;56,7971669;59,27051671;63,56002235
650,106;60,56284895;56,55695302;59,34460999;63,60761849
650,676;60,55377089;56,49478361;59,27244532;63,82943192
651,245;60,64755282;56,32021384;59,27526471;63,83947323
651,814;60,49825332;56,00744337;59,49903547;63,81341821
652,383;60,31540998;56,22446291;59,73264977;63,77902592
652,952;60,31786038;56,18662761;59,64716304;63,64096388
653,521;60,40737772;56,2410042;59,60890941;63,5553068
654,090;60,32237859;56,30376639;59,4602523;63,31334981
654,659;60,32681544;56,26358594;59,55125217;63,19772851
655,228;60,1665833;56,31448881;59,10243595;63,10742824
655,797;60,18742724;56,48875541;59,15870072;62,96728083
656,365;59,97895846;56,58308138;58,98082793;62,89478862
656,934;59,9380738;56,77508504;58,85298969;62,88185874
657,503;59,94736936;56,46804052;58,76425319;62,73283761
658,072;59,83900501;56,39912952;58,77648675;62,97009356
658,640;59,88218015;56,28852917;58,91664407;62,84891311
659,209;59,80017368;56,25249308;58,7196251;62,71525612
659,777;59,81062689;56,05857119;58,493131;62,36756036
660,346;59,74254413;55,97985891;58,71290189;62,24638705
660,914;59,77584759;55,63256956;58,77403585;62,09838089
661,483;59,8292723;55,47280929;58,76321706;61,93982762
662,051;59,93556336;55,30958598;58,61617304;61,78885493
662,619;59,94413996;55,1591452;58,4944726;61,60413859
663,188;59,93696582;54,89949649;58,13319021;61,30404892
663,756;59,67790222;54,7318084;57,85387012;61,01116377
664,324;59,63872081;54,42727694;57,89482844;60,81684257
664,892;59,34316899;54,45958075;57,92408734;60,73892526
665,460;59,11013258;54,26851682;57,74156742;60,6166825
666,028;59,07105873;54,19609047;57,39448913;60,46220018
666,596;58,73939676;53,90294784;57,08841849;60,01558891
667,164;58,55830679;53,72142268;57,07287641;59,71340062
667,732;58,05086849;53,70711593;56,8797771;59,5544584
668,300;57,85724421;53,73065771;56,87977623;59,27808576
668,868;57,65251401;53,47699713;56,57101039;59,24281375
669,436;57,40704917;53,6385842;56,21484622;59,16385739
670,004;57,4107143;53,39735864;55,88435197;59,22060811
670,571;57,51758991;53,1462383;55,87046543;58,95065288
671,139;57,18283377;52,95423618;55,91078168;58,82812825
671,707;57,12472883;52,92415498;56,05111568;59,12101802
672,274;57,10243654;52,90063538;55,94031404;59,25744272
672,842;57,00524125;52,9963029;55,81644866;59,21520287
673,409;57,12881219;52,65682682;55,76910889;59,19898834
673,977;57,16078698;52,61353183;56,05865656;59,06161684
674,544;57,2835922;52,48654267;56,24423683;59,11149906
675,112;57,34746511;52,46916138;56,39962587;58,91900304
675,679;57,34028828;52,58368016;56,17987692;59,04808507
676,246;57,45728378;52,5240652;56,14392314;59,14358272
676,814;57,49778793;52,71401265;56,12281065;59,17225789
677,381;57,53157419;52,86468301;55,96723462;59,25668545
677,948;57,69590653;52,72482312;55,97234176;59,1960447
678,515;57,84879803;53,00620429;56,09944562;59,28764871
679,082;57,9094872;53,00456326;55,90998148;59,57164614
679,649;57,95386701;53,12813192;56,04347086;59,60454983
680,216;58,10444328;53,37590362;55,99254642;59,7245166
680,783;58,08011891;53,57143328;56,39640347;59,77898206
681,350;58,25155692;54,08696882;56,59848005;59,95805731
681,917;58,43033522;54,31139223;56,82621375;59,98979009
682,484;58,49070388;54,43059472;57,15079748;60,36798712
683,051;58,69698089;54,88064789;57,50134929;60,53971125
683,617;58,75444602;55,32821544;57,65017774;60,68320196
684,184;59,02928727;55,92174582;58,22096687;60,91934188
684,751;59,17095645;56,31182424;58,3357322;61,3407652
685,317;59,36663114;56,80652091;58,76792787;61,78161888
685,884;59,71271385;57,33877487;59,08847154;62,11944064
686,450;60,10846122;57,62451487;59,45239256;62,29328022
687,017;60,50720596;58,20307698;59,67073048;62,92147093
687,583;60,89643703;58,82763549;60,19930685;63,0564656
688,150;61,60243862;59,35517103;60,73035867;63,83068153
688,716;62,15397389;59,78643868;61,16186092;64,53095486
689,282;62,68387338;60,33919377;61,19143853;64,88861901
689,849;63,1195946;60,688967;61,82743959;65,24375435
690,415;63,40707807;61,0076896;62,08515484;65,68178493
690,981;63,79982526;61,43429773;62,55006021;66,33963178
691,547;64,0847512;61,69867012;62,79326724;66,81960008
692,113;64,5508048;61,99404724;62,98629301;67,1469705
692,679;64,9783335;62,44955487;63,25106331;67,65441896
693,245;65,27454095;62,59074879;63,25290922;67,91443327
693,811;65,51078139;62,90562288;63,43637869;68,38594649
694,377;65,66090139;63,26505521;63,92815012;68,94705413
694,943;66,03158295;63,46145349;64,01603698;69,41410551
695,509;66,45916354;63,63864811;64,30466788;69,98965891
696,074;66,68398958;63,87425376;64,37221861;70,33153827
696,640;66,70567753;64,1492116;64,69401371;70,83239464
697,206;66,8990047;64,61629115;65,13116419;71,29793307
697,771;67,07560628;64,81829885;65,15413829;71,70192914
698,337;67,33432751;65,09883067;65,42257742;72,12469395
698,903;67,27085883;65,17201816;65,58457408;72,20751655
699,468;67,30013616;65,11287882;65,78544781;72,4756399
700,034;67,12545463;65,30535312;65,82722715;72,74613427
700,599;67,03715734;65,17939872;66,04571024;72,84191797
701,164;67,16149595;65,3597724;65,9893208;73,17736547
701,730;67,30429175;65,63643946;66,13328761;73,25120788
702,295;67,1882151;65,6104663;66,25318808;73,42971067
702,860;67,27691966;65,60878632;66,56275336;73,54106313
703,426;67,01165709;65,85742003;66,78981951;73,82133799
703,991;67,37221776;65,81903292;66,82904923;74,08049039
704,556;67,70787934;66,18663161;67,19417388;74,29276661
705,121;68,22807411;66,2460499;67,33264083;74,73393129
705,686;68,25945725;66,48286196;67,32232349;75,17080649
706,251;68,58103204;66,43226526;67,67094319;75,2702672
706,816;68,96270118;66,70444799;67,96982849;75,52831201
707,381;69,19559824;66,41654904;68,10751493;75,47298026
707,946;69,36270243;66,56571568;68,10876723;75,44610775
708,510;69,70794739;66,64977927;68,12516141;75,60959117
709,075;70,01737449;67,0337929;68,41246865;75,68633023
709,640;70,07001929;66,97364786;67,9845938;76,10516453
710,205;69,85784549;67,25169132;68,21547909;76,13339835
710,769;70,14319992;67,75593852;68,06970784;75,88350478
711,334;70,03846923;67,88028866;68,08745293;76,20864114
711,898;70,32082569;67,54217939;67,6297697;76,34028602
712,463;70,37231965;67,98034814;67,62254209;76,59954094
713,027;70,05078638;67,89093935;67,91548614;76,65947501
713,592;69,75973437;67,88519267;68,03184487;76,75620746
714,156;69,15007027;67,67073835;68,12864068;76,87687629
714,720;69,07737138;68,05572493;68,24409097;76,61694387
715,285;69,20774318;68,11007339;67,86004453;76,5495259
715,849;68,93382557;68,00182001;68,17721578;76,34141796
716,413;68,94081694;68,05890786;67,83774811;75,99006544
716,977;68,40896173;68,57352369;68,06686182;76,20316468
717,541;68,38082638;68,6196257;68,04771857;76,33406127
718,105;68,45023698;68,84596864;68,00071371;76,50646308
718,669;69,11907788;68,94517492;68,02420246;76,36689621
719,233;69,79126695;69,30760815;68,0398305;76,41028589
719,797;69,72076674;69,21714946;68,21385531;76,4147477
720,361;69,8531952;69,72589382;68,45852981;76,1592117
720,925;70,03900935;69,74365892;68,58530236;76,93546464
721,489;69,75959009;69,82794093;68,75311319;76,67046497
722,053;70,19781294;69,73443725;68,8197418;76,38646762
722,616;70,23485904;69,64132782;68,6827107;76,20791323
723,180;70,69080958;69,71921163;68,57209906;76,18157862
723,744;70,44992604;69,73035871;68,52126479;76,4780961
724,307;70,29780145;69,63476287;68,39441788;76,52073873
724,871;70,51763836;69,52361858;68,60303814;76,59333422
725,434;70,30311812;69,42852437;68,93940886;76,54077626
725,998;70,45256898;69,55247242;68,9517802;76,10587548
726,561;70,92504685;69,54620794;69,60410312;76,90764215
727,124;70,35918321;69,68814652;70,16739775;77,16683837
727,688;70,74288759;69,8839958;70,40045237;76,89432354
728,251;70,89702777;70,02339404;70,18149017;77,11031296
728,814;70,78923209;70,06819081;70,23621865;76,79666951
729,377;70,90175807;70,18087202;70,50457032;76,76533968
729,940;71,24148856;70,05962738;70,3248723;77,06588114
730,503;71,84749073;69,97555674;70,16539825;77,95056343
731,067;72,17936515;69,90815595;70,35026481;78,09460314
731,630;72,03839827;70,12097232;69,78493452;77,65164177
732,192;72,31015003;70,00395079;69,63830554;77,58075929
732,755;71,89472619;70,1336134;69,97618882;78,026216
733,318;71,64412126;70,21211613;70,44259991;78,19795183
733,881;71,33355401;70,39419366;70,37434015;78,40255986
734,444;71,40954509;70,50724675;70,19238521;78,50595004
735,007;71,28687109;70,62557027;70,25522575;78,37248547
735,569;70,55589354;70,51396676;70,44341018;77,96097677
736,132;70,34824869;70,98681542;70,31812041;78,11611981
736,694;70,48414303;71,2146832;70,64568032;78,26456289
737,257;70,62194383;71,37199902;71,01673614;78,40034737
737,819;70,84703348;71,43918484;70,71804122;78,43877293
738,382;70,85373711;71,337952;70,25519796;78,22382535
738,944;71,15087467;71,30267462;70,54785597;78,15122506
739,507;71,11830135;71,48853983;71,00638676;78,14492968
740,069;71,22396605;71,37221841;71,20056213;78,42721219
740,631;71,92066113;71,71584172;71,58101148;78,25164901
741,193;72,04890038;71,33476589;71,76472091;77,98743832
741,756;72,50013646;71,36769563;71,97292012;77,81631928
742,318;72,88285765;71,2778601;71,54886798;78,0967131
742,880;72,26147833;71,0692446;71,75706157;78,40192206
743,442;72,18310147;71,33015178;72,18347919;79,03629084
744,004;72,38870348;71,4109254;71,96358809;79,56163074
744,566;72,59693621;71,14229936;71,92333998;79,94877195
745,128;72,33042031;71,39086948;71,86416672;79,7321871
745,690;72,30303534;71,25995105;71,42683936;80,24210898
746,252;72,55754592;71,60824962;71,35610068;80,94667181
746,813;72,36590006;71,77324298;70,79319896;81,83571157
747,375;72,23687469;71,91883173;70,29734286;81,35372005
747,937;72,89825907;72,39183554;70,30754387;80,60907211
748,498;72,75587226;72,30645241;70,03662726;80,10656155
749,060;72,61226016;72,65525004;70,30096799;79,71943662
749,622;72,83512193;73,34261217;69,92802376;79,60063788
750,183;72,94727479;73,77034496;70,03323759;79,84233389
750,745;72,95463727;73,34231448;69,87163692;79,88147015
751,306;72,87133574;73,00658462;69,47041878;79,51772551
751,867;72,78428897;72,84787359;69,9274845;79,07429023
752,429;72,94268345;72,6361264;70,20997946;79,43181608
752,990;73,35555166;72,37009768;70,04303422;79,48934188
753,551;73,61489203;72,29236499;70,51721364;79,10415649
754,112;73,88140577;72,01772;70,64808372;79,34328914
754,674;73,56705003;72,16590123;70,51123645;79,52287872
755,235;73,2937812;71,83148233;70,16470106;79,35795351
755,796;73,06209203;72,51750493;70,42393234;78,99194515
756,357;73,23733504;72,85192428;70,45607407;78,16508692
756,918;72,49383601;72,80007993;70,45495075;78,0136759
757,479;71,93030058;73,12364117;70,49833674;78,13554197
758,039;71,17775702;73,15525152;70,1575024;78,58078988
758,600;71,05814437;73,25414567;69,91395628;79,24405509
759,161;70,93222531;73,48718686;69,29814128;79,43487507
759,722;71,21307639;73,22291484;69,7569052;78,51121519
760,283;71,40786271;73,22961742;69,30295402;78,84934224
760,843;71,07173863;72,914075;69,72031764;78,83969538
761,404;69,7165944;72,952954;70,01390806;81,04475371
761,964;69,83334499;72,42094589;69,19971794;80,88504183
762,525;70,19715846;72,93855143;69,22229063;79,76722906
763,085;70,81990313;73,55834248;69,46022782;79,23133343
763,646;70,68176991;73,66626644;68,40490047;79,28236687
764,206;71,62087494;73,57811756;68,13123382;78,77590203
764,766;70,37530772;72,67366867;67,97701392;79,25708643
765,327;71,06261168;73,15774991;68,39267636;78,87993136
765,887;70,94157804;72,60224594;68,10904244;79,42716286
766,447;71,09320505;73,24267027;68,43700167;79,30357808
767,007;71,76088474;73,59050701;68,86105372;78,97513692
767,567;72,22404131;72,96164667;69,03395084;79,07649693
768,127;72,332092;72,71862026;69,40635314;79,51437388
768,687;73,30309566;72,84923876;70,28078692;79,31984707
769,247;72,79981156;73,17855916;70,16899106;79,52274395
769,807;73,3074905;73,69112727;70,04148435;79,19380293
770,367;73,20818121;73,43613704;70,07574837;79,19539411
770,927;74,3891768;73,71127808;70,13852415;79,16164379
771,487;74,53032519;72,51405315;70,10512982;79,43823642
772,047;74,591486;72,28621397;70,15670944;79,94358977
772,606;74,04846063;72,53895424;70,08840993;80,51833579
773,166;74,46997912;72,89736822;69,78304281;81,12199457
773,726;73,58771313;72,8963285;69,98703476;80,90141513
774,285;73,5887586;72,7142074;70,39432407;80,42601814
774,845;73,95526827;72,52028268;70,94203373;80,96805132
775,404;74,06259426;72,98523675;70,91721037;82,15745698
775,963;73,02262844;73,1322809;71,09306362;82,39590621
776,523;73,34803242;73,96055945;70,92403014;81,53841519
777,082;73,49539505;73,94402454;70,72582932;81,63973986
777,641;74,13511213;74,5529212;70,79963783;81,69476125
778,201;73,5478143;74,59601699;70,68417861;81,15482384
778,760;74,05151575;74,79561741;70,38091302;82,39340577
779,319;73,90879614;74,36847259;70,56948989;83,03798804
779,878;74,51735359;75,14117252;70,58480283;83,34770398
780,437;74,37487534;74,16809952;70,92791337;81,94101518
780,996;74,86780189;74,38221453;70,37322334;81,61759518
781,555;75,14354199;74,24807743;70,16781618;81,58847621
782,114;75,71649677;74,77667152;70,82378487;81,81127396
782,673;75,15133677;74,51713919;71,2238685;81,20354953
783,232;75,67139882;74,04032367;72,23780405;81,25767967
783,790;76,30459691;73,1644021;72,03443559;80,31615808
784,349;76,75440812;73,90379476;72,13610306;80,36755637
784,908;75,42187712;72,95880998;71,37077991;80,1504365
785,466;75,75692703;74,24831365;71,1668108;79,90872022
786,025;76,14990847;74,28236132;71,75738894;80,113318
786,584;75,89070301;73,99711139;71,76937041;80,98863095
787,142;74,76934716;73,84110922;70,86128469;80,8681443
787,701;74,99780114;73,47013471;69,93584347;81,39285665
788,259;74,40380712;73,65124189;69,21719374;81,64511215
788,817;73,91994565;74,60786722;69,32822439;81,73340988
789,376;73,82246499;74,07522334;68,69087893;81,34289691
789,934;74,37072011;74,88804271;68,71094794;80,71477335
790,492;74,07085615;73,69370711;68,86763739;81,14085009
791,050;73,67310162;73,44991731;68,81707025;81,00583269
791,608;73,7074716;74,23570802;69,60610764;80,33558162
792,167;73,63965417;74,06700871;70,14543765;80,32845413
792,725;74,18984776;73,57306847;70,29229989;79,89209517
793,283;74,47001662;73,26465982;70,12673121;78,89529651
793,841;74,53267216;73,21716989;69,60347196;79,01837145
794,398;73,98521714;72,91777602;70,48252936;79,17716359
794,956;73,72805663;71,91429175;70,03896414;79,72160787
795,514;74,30673403;72,15189547;70,2694157;79,89331062
796,072;73,71278963;71,58524017;70,11254179;79,92494452
796,630;73,33323292;71,22659241;69,57817708;79,8379854
797,187;73,47888285;71,57676543;69,26969942;79,84486309
797,745;72,43682228;72,68786273;69,33566825;80,16061036
798,302;71,8896003;72,4777811;69,12301481;80,89082501
798,860;71,43835977;72,06870997;69,27929633;81,25816794
799,417;72,28098486;73,40018045;68,68177907;81,03381754
799,975;72,4112107;73,63430253;69,62910095;81,64080606
800,532;71,77681673;73,70784433;68,67798991;81,99267224
801,090;72,51603547;74,13356748;68,69078697;81,02849369
801,647;73,02347496;74,15452678;68,6512425;81,10405189
802,204;73,87394623;74,15955655;69,38249324;81,6572761
802,761;74,23971666;73,61932821;69,48354492;81,70441973
803,318;75,32726448;74,36396154;70,30884609;82,22012362
803,876;75,78531642;74,49929655;70,36344921;81,6433271
804,433;74,35272345;74,07010723;70,24762296;81,76559656
804,990;73,36683707;74,37463487;69,73883616;81,86901737
805,547;73,49691395;74,86894434;70,03291046;81,64693036
806,104;73,30407098;75,13789778;70,22079101;81,47303431
806,660;72,57729132;74,75035558;70,44209124;81,82891054
807,217;71,94037028;74,72400562;69,59541287;82,28782827
807,774;72,32843975;74,9785675;70,20974949;81,7699932
808,331;72,12857182;74,19984023;69,99424714;81,13810252
808,887;72,5412255;73,89332822;69,52111619;82,0562475
809,444;73,24456293;73,18670035;69,80463213;81,95500159
810,001;74,49613454;72,68343038;69,66090442;81,28729034
810,557;74,82686057;72,07447883;70,10986645;81,20834144
811,114;75,21949358;72,81475629;69,82618447;82,07447543
811,670;74,59731202;73,12901335;70,1167995;81,79374296
812,227;74,66334933;72,72448107;70,42574376;80,37247916
812,783;73,68912643;71,9685488;69,77797563;80,20362834
813,339;72,27961059;71,53554195;69,3707955;80,71374106
813,895;71,24434558;72,19154839;70,32397662;80,06054813
814,452;70,51987044;72,2702016;70,29169158;80,59336084
815,008;70,78193243;73,06051105;72,15944844;80,72594368
815,564;69,55680135;72,56149504;71,64025233;79,91579669
816,120;69,14556813;70,82507565;70,70154204;79,74105276
816,676;69,79569551;69,70843175;69,57883561;80,78218281
817,232;69,40280689;68,90173721;68,65690377;80,35999936
817,788;70,68443616;69,17771912;69,47832112;80,8780972
818,344;72,10556741;69,97933378;68,57337803;79,45349294
818,900;71,8759312;69,82730446;67,70783356;78,72361075
819,456;72,78337593;69,94447194;68,16678682;78,12681508
820,011;72,16900573;70,36576767;67,64335989;78,2749362
820,567;72,40235619;70,73631925;68,53045333;78,50180746
821,123;72,82399255;70,88583181;69,43128057;78,87201707
821,678;73,62178802;71,20859496;69,47010817;77,72404726
822,234;74,87007149;72,25048262;71,0549029;78,16935065
822,789;73,24663013;72,29565894;71,62786496;78,58183655
823,345;72,09480493;72,53726326;72,51721702;79,2971183
823,900;72,21413888;71,89163948;72,80183488;79,43104868
824,456;70,88348084;72,2143249;72,03923847;79,35951503
825,011;70,9666664;71,17657937;71,18417339;79,27046388
825,566;70,23069433;71,21946558;70,06285926;79,95682996
826,121;68,71543054;71,17763337;69,29415376;80,11167942
826,677;68,71021839;73,17881715;69,43533074;80,86060008
827,232;69,20548991;72,26296616;69,30338521;81,74766404
827,787;70,45318913;72,74237662;67,38287866;81,58433242
828,342;71,15559201;71,66489952;66,53775749;81,7010112
828,897;70,17977505;72,09493633;66,47523861;83,08383654
829,452;70,68037863;71,16037385;66,67364799;83,308477
830,007;70,90922352;71,79576812;67,59363385;82,23382956
830,562;72,54146508;72,32042269;67,73888501;81,84099968
831,116;73,03641446;73,10787143;69,34175547;80,74807814
831,671;72,48172431;71,41960283;69,12337368;80,54463457
832,226;70,45923433;72,66640798;67,38285222;79,17512944
832,781;70,18723823;72,46886472;67,21591853;78,83738389
833,335;70,82121682;73,51184771;66,80351973;78,77974939
833,890;71,73636293;73,1524048;68,11531148;78,3933612
834,444;72,97429646;74,501709;67,56615426;78,62725628
834,999;71,96090893;73,26297251;67,18229998;80,0967318
835,553;71,81588551;72,58901935;66,72121551;79,79348576
836,107;72,26215897;73,30049773;66,95213654;80,10699812
836,662;72,78491733;73,58440099;68,29606697;80,33548481
837,216;72,86992399;72,65738975;69,22136007;80,7630375
837,770;72,90488329;72,79640336;70,19710434;80,51222462
838,325;72,56684022;73,10445908;70,85162088;79,87838715
838,879;72,6244028;73,92025555;69,64457627;80,67174177
839,433;71,851443;73,37852739;69,47066156;80,42087372
839,987;72,17647284;74,07227454;68,74103538;80,56522919
840,541;71,00341295;73,79606654;68,94662224;80,99467145
841,095;70,35332102;73,22206837;67,56568465;80,32710426
841,649;69,83602434;73,33431022;65,29080519;78,82717195
842,203;70,80000256;74,24807963;65,30202715;78,43627457
842,756;68,96040663;74,57434029;64,99244538;79,78676225
843,310;69,16363777;75,33852397;65,79929909;80,84904806
843,864;70,44973151;74,7067188;66,10249837;78,98401357
844,417;71,98900944;73,53144024;66,41754267;79,01778621
844,971;71,67219267;73,24505935;66,00387714;78,21917534
845,525;71,77863643;73,05575462;66,85918895;78,22780815
846,078;71,70271903;72,32661754;66,81739649;80,40261661
846,632;70,35273027;73,33812041;69,04720117;81,06917037
847,185;69,25128748;71,86998789;68,84467829;80,7197216
847,738;70,65226346;71,06273984;68,47768267;79,84044768
848,292;70,58678932;69,63269184;67,28384787;79,53198655
848,845;70,6322869;70,33826581;67,11557622;79,9293573
849,398;67,85456841;71,17529201;67,89831028;78,99374534
849,951;68,22051289;70,40884984;68,97942589;78,43186656
850,505;68,66786469;71,72511063;68,32560736;77,70951845
851,058;68,97816426;72,80088233;68,74838681;75,61385139
851,611;70,34143913;70,91372403;67,77184034;75,66091372
852,164;71,51832217;72,41983212;68,30003762;77,91326245
852,717;71,05772416;72,18778575;69,6212582;76,94737817
853,270;70,9579165;72,42973705;69,10622003;78,12071814
853,822;69,47993366;71,40133641;69,66789331;78,77538903
854,375;71,60932767;72,48657079;70,34741813;80,39867431
854,928;72,40351551;73,18267974;69,03349184;80,96933635
855,481;72,28527551;73,60415471;69,79618419;78,71923294
856,033;73,14411847;72,59945617;70,03109271;80,49308105
856,586;73,28635004;73,5892741;70,315266;81,56923309
857,139;73,73825934;72,72016153;70,13076168;80,23118779
857,691;74,16427838;73,61680142;70,5720543;80,59309714
858,244;75,80477568;73,37753932;71,63261888;78,99247767
858,796;75,60215721;74,5536764;71,73297134;78,56897977
859,348;75,03196378;73,4382129;70,92314084;78,31123804
859,901;74,77210391;74,66994942;72,36568357;76,62275566
860,453;74,63570117;73,9534823;71,78797958;80,44682612
861,005;74,37803334;74,88860782;72,50767214;79,05709879
861,557;74,64889397;73,38094044;72,5879438;77,31100163
862,109;73,86830114;74,51969378;72,51862332;77,11555353
862,662;74,19365243;74,92130921;71,42212535;76,91328973
863,214;74,59571634;75,66297761;71,96421304;76,88044957
863,766;73,6202421;75,20744436;72,34326736;76,4702275
864,318;74,68573712;75,16174746;72,19758795;76,66193969
864,869;75,41706363;74,35193184;71,04745582;77,70777794
865,421;77,30663944;74,53627386;70,70610786;75,32513407
865,973;77,19367173;72,26742429;69,16799908;77,64165756
866,525;78,45931089;73,21228531;68,86735831;77,51799143
867,076;79,18261896;71,0506334;68,13415635;77,91941396
867,628;80,7822719;71,24464971;68,00344029;77,03143765
868,180;76,87494225;72,03803585;66,83909832;77,49773743
868,731;76,03052661;71,39467983;65,80972297;78,38136153
869,283;74,65217492;71,59405727;64,70047534;78,02917922
869,834;74,62988459;72,91367313;65,42229689;78,41368746
870,386;71,87520827;72,91908403;64,62013164;79,06016609
870,937;72,60469321;73,8571487;66,51012658;77,98682354
871,488;71,64668027;73,53189506;67,33439575;80,56992702
872,040;71,30853911;77,09372484;67,35276322;81,50816919
872,591;70,35359243;77,10962531;65,8911185;83,40258613
873,142;72,928991;76,86337005;66,62177722;83,03485246
873,693;74,01336189;76,96068704;67,49348845;83,67339504
874,244;76,58414407;77,00633335;68,87959832;81,64239367
874,795;75,35562846;74,4146027;69,11198326;81,63151764
875,346;76,78564926;75,34806471;70,35636659;83,42445967
875,897;76,24790589;75,38220128;68,68205551;82,6737565
876,448;75,76562144;76,85596373;67,24360438;81,21074384
876,999;75,47183506;74,88639921;68,94942283;78,53595415
877,550;73,77663085;74,37868946;71,07676692;78,49133493
878,100;71,33461049;73,13641227;70,02973716;78,75241154
878,651;72,09477743;72,45626777;69,22215477;76,69093905
879,202;70,63713464;71,60176193;69,68024767;78,38496535
879,752;71,19426035;72,44204033;69,0506431;76,33793254
880,303;71,48903046;71,39032552;70,49593366;76,36136254
880,853;70,04146283;72,13090788;70,86021218;75,61298792
881,404;72,06329604;70,77472046;71,96866369;76,46954316
881,954;71,4644659;70,86180855;70,90849284;76,77127787
882,504;73,84163919;71,52461191;70,24590847;77,72885018
883,055;74,64040512;72,37114152;71,47329922;77,06274527
883,605;73,80140035;72,36040034;71,62417948;78,25744046
884,155;72,79380145;73,70835415;70,8955744;77,27966297
884,705;71,10196032;74,11112569;71,58319773;78,59753712
885,255;71,68762049;74,62810214;69,39316266;76,64465557
885,805;71,92040326;74,01917586;68,49815308;77,7830695
886,355;70,14558475;76,45593036;68,04463198;75,95368966
886,905;69,42314713;75,79187154;67,61540736;76,57182576
887,455;67,40173007;76,68123543;67,94120513;77,0064368
888,005;68,40331747;75,99802327;66,96624156;78,81031795
888,555;68,09330943;77,54993513;66,2237578;79,2720904
889,105;69,24128655;77,80075343;66,14949811;81,26109469
889,654;70,86587921;79,23709857;66,31826037;81,55965587
890,204;68,19269959;77,83549091;67,28458274;82,06181107
890,754;69,20308488;77,96288795;68,25978735;81,97371707
891,303;68,25468486;75,51253565;67,32334883;81,28231966
891,853;68,76581419;76,87881925;67,24503837;81,47201589
892,402;70,42928805;74,88956603;67,33079533;80,06424149
892,952;69,04080421;76,30872781;67,94513878;78,71686011
893,501;69,24463729;75,01537106;69,19581163;77,4577488
894,050;68,14490424;75,24645027;69,96441554;76,55570219
894,599;66,63951063;73,22679746;69,80106643;76,72813272
895,149;67,56628154;73,43903937;69,14967535;76,8011477
895,698;65,838926;74,21489678;69,3494586;76,66596438
896,247;66,17912979;76,47030143;70,63669971;78,13448431
896,796;63,37052349;76,29496709;70,90263289;80,59756634
897,345;62,01101767;76,92619577;68,80336382;80,48250388
897,894;64,75492584;74,25377233;71,20554462;80,10993347
898,443;68,91680691;76,09768497;70,88348692;82,89834948
898,992;68,74362944;73,23998602;69,95956588;83,96207846
899,541;70,65490712;72,5337434;68,59447149;84,36611975
900,089;72,77127242;74,59627208;69,63284165;82,38579005
900,638;72,62279549;73,57277056;68,34724784;84,01592612
901,187;72,33100206;72,24165644;67,91933734;83,95056204
901,735;74,52915231;73,0970911;69,28840694;79,79430467
902,284;73,62648163;70,75106253;70,06653265;79,93076312
902,833;70,22122091;73,48184529;68,69542033;80,14761337
903,381;67,77008742;72,88486383;69,1849716;77,86628952
903,929;67,22987407;74,54877975;69,94442491;75,46548474
904,478;67,34471406;77,32435245;71,04139271;74,76883711
905,026;65,66592459;77,11796754;71,18483954;76,06605047
905,574;65,78053797;76,1442013;69,82934477;74,39138242
906,123;67,153841;76,38581162;70,37487087;74,26683093
906,671;68,5727753;74,55395088;68,19047847;76,73606046
907,219;68,18576029;78,71128695;68,13652262;77,30098198
907,767;68,2639649;76,66013633;68,70188424;76,1947924
908,315;68,90669805;79,35889799;67,67401786;79,23394559
908,863;69,9824023;80,706908;64,22170924;80,33475967
909,411;69,70602807;78,86697932;64,17769672;81,08959394
909,959;70,5544861;76,23507167;63,25400738;80,93114651
910,507;70,426371;77,21466542;65,41231196;80,46034036
911,055;69,38119804;74,64863147;64,21950683;79,56239397
911,602;69,1796925;77,3762365;63,94214177;79,16871249
912,150;70,35266732;75,39127254;63,65716536;77,34514654
912,698;70,99752817;77,53830452;62,16513378;76,86655929
913,245;68,37129673;75,87657748;60,86866991;77,34143644
913,793;67,65565891;76,5531498;62,39574417;75,37220293
914,340;66,00165997;75,29114281;61,7392717;75,27451091
914,888;64,48174106;76,10006599;60,73616842;73,26887291
915,435;65,88184722;75,1449918;61,9248633;73,90864444
915,982;63,70863134;80,8713603;63,05037745;74,47964019
916,530;60,63111105;79,36498048;64,61136291;72,29218413
917,077;58,91727951;80,58199793;65,18147649;71,46371593
917,624;60,15243772;74,7165336;66,64156378;73,29146438
918,171;62,40593674;76,82304798;67,1208552;71,83317524
918,718;61,56390736;73,49672666;67,35870193;72,93032734
919,265;61,69225995;75,76502373;66,91187946;71,43249426
919,812;62,44793855;74,30451253;67,61575274;72,89715085
920,359;61,85534936;74,29774778;64,9004157;71,74404266
920,906;62,00020718;69,07433988;66,6932122;72,91486828
921,453;65,15999452;69,8119247;66,95238557;75,29919945
922,000;67,50831798;67,96502336;67,1441776;76,63137723
922,547;64,81663689;71,49892533;66,97154994;79,67522103
923,093;63,15697602;67,46236795;67,88321589;78,85333789
923,640;65,82005147;69,41546431;67,13396598;77,43589288
924,187;64,14180185;68,83382443;69,05634982;80,30869494
924,733;63,62392006;67,4696771;68,51330114;77,08042013
925,280;63,05361058;69,37799225;68,07513996;75,57956986
925,826;62,37605095;71,25590409;64,42177939;75,43401804
926,372;63,63636705;68,38779211;64,98835827;75,66540398
926,919;62,90033431;67,23152323;66,10814226;75,6356665
927,465;63,1530882;64,84486194;64,58832717;72,1753015
928,011;62,78221367;66,73169398;63,58664444;69,9789009
928,557;59,95493979;66,7242049;64,42660171;70,23178509
929,104;61,7201643;65,57051687;62,67645991;65,98669272
929,650;58,97317588;67,71953069;61,26468569;71,83359081
930,196;60,32703134;67,10877626;62,70497516;71,2642467
930,742;60,92006011;65,26629229;61,33871843;73,3500261
931,288;53,68327178;67,37466174;60,15573756;69,14117286
931,834;50,59607934;67,63385452;55,19991545;68,21834013
932,379;47,17797869;69,15887426;50,92131045;61,03038152
932,925;46,10322915;64,39104916;51,10430952;62,23472658
933,471;42,79569851;57,49691929;51,69909252;62,77873075
934,017;32,1285837;57,32231061;43,21060421;58,41254564
934,562;39,90293053;61,78521801;43,55193011;56,33872874
935,108;32,82663921;58,23432213;44,85651785;57,43331511
935,653;36,94487478;63,4954026;48,60690456;48,80834821
936,199;43,76979661;52,90571013;49,81640164;44,80360118
936,744;51,22494228;55,58486292;57,09032142;51,69526935
937,290;55,00827195;56,54479507;59,81347804;54,94087317
937,835;60,48493217;55,0248901;56,88415498;46,50829571
938,380;55,22965193;59,85984732;52,57455753;45,62164246
938,926;59,59374512;57,23914896;58,9791578;48,26230681
939,471;53,1282071;51,08016311;63,41051144;47,89818594
940,016;54,15082475;55,77875609;62,56262444;47,67441414
940,561;50,60313791;48,58686865;63,01457208;49,59365445
941,106;39,47925745;52,28797313;54,39940731;54,746898
941,651;32,32337602;42,34887218;47,21855911;47,38690499
942,196;26,16305402;39,48708656;49,40018965;46,52777897
942,741;24,05937374;40,61323214;48,6179124;49,0284032
943,286;29,44486775;43,16417735;50,6642762;48,15708454
943,831;30,15898646;45,25787174;50,5676631;43,46565475
944,375;32,7300854;50,60542892;45,40109017;38,95096776
944,920;35,73059443;46,61845205;36,17232899;37,16397927
945,465;41,0016122;42,98123773;41,40460951;38,70708423
946,009;47,33794801;48,26785301;46,83319617;38,72992264
946,554;50,75533847;61,81818162;53,43806453;35,16956533
947,098;55,88977055;60,58269258;55,25048947;39,96658497
947,643;60,80868424;61,64079906;54,71068267;40,99197634
948,187;56,43509591;51,10468512;57,58731045;48,29600769
948,731;56,40830642;50,99802704;59,9025398;51,76879048
949,276;67,22736119;51,34391421;63,06138959;55,76084099
949,820;72,20441691;49,55788462;62,77602342;58,97731051
950,364;74,68123047;61,83781216;58,68171078;59,24919916
950,908;78,55257757;62,24771302;56,41083093;62,62278214
951,452;72,9619092;59,71783421;54,20286736;63,54280649
951,996;77,27348839;61,36521112;53,75406611;63,2186698
952,540;70,99359112;57,92913438;55,86784961;66,37342083
953,084;79,48071347;62,05809944;53,74742185;59,54937125
953,628;79,23961536;59,41900445;51,49132856;63,92872852
954,172;69,214208;63,0487061;50,84726317;60,49203764
954,716;63,65831602;64,47670449;55,2510343;64,36733802
955,259;57,83076172;62,43932479;56,98855754;61,574519
955,803;54,93435908;59,74744344;59,41917465;58,61217948
956,347;59,86632577;62,08231731;56,62163543;60,08290523
956,890;55,72005133;62,39376872;55,61738698;63,87623891
957,434;59,32041397;71,23409395;56,01575783;56,00000511
957,977;52,31788104;67,04135824;53,21468914;63,92812881
958,521;53,45553679;74,41238053;48,54576943;60,3335306
959,064;53,52831759;67,3149689;42,25070992;63,20068205
959,607;51,14990592;68,83370797;44,15348449;56,27525663
960,151;55,78477702;70,76048603;45,36132498;59,15717548
960,694;57,67120172;71,99720107;46,33746997;56,44749184
961,237;58,64515308;65,70373559;50,73206089;56,49893699
961,780;54,02299309;71,63031607;47,78383297;51,75111879
962,323;47,67401143;69,99739234;44,98498638;61,79001822
962,866;54,08035002;71,987486;49,53076243;57,83876421
963,409;54,0223106;66,37532048;54,65989396;59,1729351
963,952;56,99369338;75,09111119;57,32450151;57,58118706
964,495;59,98187617;72,7525901;54,59849266;59,61844633
965,038;59,9254518;69,18081555;56,770114;59,26161353
965,581;60,69815639;69,24373161;53,59257837;62,34438583
966,123;57,28441696;76,63042867;50,27891464;61,64458013
966,666;60,6279719;68,72907338;52,96182936;59,14400146
967,209;64,67802149;68,65654756;54,65204062;53,54107663
967,751;63,23477251;67,0088173;53,69049626;53,12286231
968,294;65,24573073;69,32300611;51,52918015;51,08809077
968,836;64,56203143;60,60725861;55,08178902;51,82046431
969,379;63,10262959;61,86059192;53,6863149;52,59082476
969,921;59,52487599;63,83451452;49,51521409;51,25971839
970,463;55,42383408;63,89071385;53,9540521;48,04574823
971,005;55,82464982;58,51073459;52,09197422;47,57745159
971,548;58,36932195;57,44151759;51,30092634;48,90295344
972,090;55,45104268;56,71188836;50,65975004;53,08176022
972,632;52,59632872;57,69486076;51,62883339;54,47646718
973,174;54,7118929;53,73787513;53,57049995;54,31669972
973,716;55,61385697;60,73550261;48,61209678;54,47425321
974,258;52,85816287;58,90747949;52,8111513;52,42023743
974,800;54,96833303;57,89255637;57,2655457;50,44562802
975,342;61,71149026;57,52108449;50,8400347;56,09099028
975,883;62,19680111;61,02657888;54,57368415;55,83292211
976,425;61,19934081;60,85357751;56,75840519;53,02396978
976,967;61,43533142;57,34465399;56,67434303;53,13296377
977,508;60,71117477;54,81802439;55,80350263;50,76242555
978,050;56,36312971;58,3843674;54,31055566;56,27590914
978,592;51,64115777;55,43387594;60,23748492;55,73057085
979,133;55,23621521;52,74779403;60,60103013;58,11673935
979,674;54,89622959;51,42237848;56,88155951;60,68615573
980,216;49,41059359;52,34193502;58,27889821;57,50872285
980,757;46,33940099;52,94485241;58,28626934;59,22771921
981,299;45,88025679;57,28509398;55,34285037;61,18557798
981,840;49,27626234;57,23475666;55,03951352;58,57486138
982,381;52,05731501;60,59286334;55,11508908;61,70715275
982,922;50,49861932;60,89806011;55,3827969;60,00703929
983,463;51,61550266;58,6012833;52,63892263;58,88554295
984,004;45,51095492;63,33078729;50,49948403;58,15479918
984,545;43,10900647;65,28255032;51,98340107;56,31907445
985,086;44,6831644;64,33643311;54,22960629;59,91215299
985,627;45,35076501;63,11656895;54,19789784;58,36039691
986,168;43,63604434;65,24737834;54,10156114;58,4141417
986,708;41,06195019;66,95329909;56,06480693;58,37077303
987,249;36,33090571;62,97282635;55,7962329;54,20717261
987,790;36,77792442;64,37157597;55,47293764;54,19789101
988,330;37,85885344;66,50878531;58,07442315;57,03657956
988,871;43,20355101;65,04165675;58,90905898;59,21654787
989,411;49,75138808;65,30487957;58,95418775;61,09553532
989,952;49,98075087;64,74582291;58,0129087;58,18985286
990,492;49,95076189;67,83929622;60,01536282;61,74639743
991,033;50,24121868;63,74976726;63,82102045;62,82206334
991,573;46,29310258;66,72085346;60,18352422;67,90246738
992,113;54,31226432;73,46308349;61,15968838;71,23773589
992,653;56,50823466;71,95210153;64,13176951;71,78034207
993,194;54,85410546;76,24721285;58,53816675;71,94243919
993,734;52,98639914;74,85094118;56,36028732;70,7332173
994,274;49,63393944;75,09953568;57,00307291;68,48787077
994,814;49,85517766;76,63541093;55,19462571;73,01912053
995,354;53,15498264;77,8405973;54,19922128;70,99336342
995,893;54,27898448;78,83798566;49,09390642;75,41000204
996,433;58,52568947;77,74758117;52,32420786;74,68012241
996,973;49,5311761;71,63999661;49,61159723;74,59776638
997,513;49,48663229;69,04840183;49,04980465;74,33853779
998,052;50,64650957;67,77430261;56,05935266;77,05627434
998,592;54,6477057;67,09503411;60,55752549;80,15572419
999,132;54,36614568;63,90209381;62,55836336;80,27251007
999,671;53,88118901;61,66493171;62,33361444;74,14066687
1000,211;50,56802237;56,34585163;62,66121536;71,11703779
1000,750;49,3760199;56,57631483;64,56269105;66,12027227
1001,289;49,57264957;55,93648129;60,65137303;67,06598588
1001,829;56,18991075;61,57142517;60,51163835;68,62149032
1002,368;57,56548445;60,10368453;59,11068288;68,66285172
1002,907;59,82574995;59,75887121;52,51228325;62,3957661
1003,446;55,95927434;62,26243253;47,84639703;58,01920332
1003,986;59,85358859;64,60455717;48,67227276;57,79828264
1004,525;58,21354052;68,20930233;48,61474718;55,81725311
1005,064;60,96757709;67,69062667;51,65905986;56,68296142
1005,602;62,33424929;68,09411241;54,69077448;64,31638118
1006,141;64,55774526;67,87409703;62,21159291;59,63975618
1006,680;61,44177109;61,77956953;64,77741791;58,27909848
1007,219;58,43497065;69,46155578;64,90854592;57,27025721
1007,758;53,73987692;63,54510966;70,4581144;52,98830592
1008,296;52,18274267;63,52033879;70,76150656;50,70798965
1008,835;47,60325188;64,75934292;67,63658892;53,56151297
1009,374;47,0234737;62,21036393;75,72945928;56,2042805
1009,912;49,28122005;66,55221102;70,35680933;61,53212935
1010,451;46,5865847;66,33209027;66,17435903;53,42610509
1010,989;41,80525611;65,13788046;59,42820493;54,93020578
1011,527;40,60466585;67,16581364;60,86266231;54,54546119
1012,066;37,07772644;60,8317766;63,83574204;54,01344741
1012,604;40,75226718;69,37478413;64,80513652;57,95063995
1013,142;42,35142238;68,68718509;69,87454898;65,74809102
1013,680;42,35921491;70,35671813;67,62737156;71,66718538
1014,219;43,84130712;71,8856401;68,25306517;67,0298847
1014,757;44,8357828;68,70114766;73,23146237;67,29721357
1015,295;44,65852219;64,28146051;78,20601654;70,82211357
1015,833;46,74675739;69,25299575;78,77452363;71,77627862
1016,370;43,34185401;68,56769947;75,3538093;75,67399362
1016,908;45,96773816;74,61599433;72,62415606;66,78806114
1017,446;45,50227994;71,95931208;66,15384448;71,42132406
1017,984;46,14934244;74,48165864;66,17750211;64,81250913
1018,522;44,9649128;67,9818793;71,47887748;58,82760931
1019,059;48,05868602;75,4271871;65,86561105;62,62626044
1019,597;39,4955033;72,77946121;68,94676087;61,7998661
1020,134;42,36272787;87,97897;62,36049856;65,13080902
1020,672;37,77244467;89,94877571;61,79126754;64,73399819
1021,209;41,44191676;94,7194683;65,912716;57,82573917
1021,747;35,71856977;76,83741342;71,79679466;69,55577797
1022,284;30,51616551;81,51923892;75,95368735;64,77883729
1022,821;32,67986135;73,44717724;70,88550395;61,54476388
1023,358;42,21883073;82,20322974;69,03716607;63,26310986
1023,896;40,3884296;74,31067253;68,57019092;63,42699224
1024,433;41,7919665;82,91254962;65,01474057;55,30681861
1024,970;38,03214467;76,73107645;68,33213119;51,17852736
1025,507;45,13147276;68,43641692;71,09564646;48,63374697
1026,044;47,14150062;64,27097867;66,44827423;50,16698286
1026,581;54,05451761;71,27643094;65,55555659;51,94886027
1027,118;56,22153819;70,38100623;70,79617564;52,2911118
1027,654;55,42084398;74,84417038;78,00095008;52,87777087
1028,191;46,60498963;69,1263015;79,14816985;47,35282931
1028,728;48,94306807;69,60359802;81,60787097;52,83743629
1029,264;49,63205095;69,45499049;79,79780171;56,20426194
1029,801;58,59216523;70,02141427;82,349651;51,27578461
1030,338;52,51577085;70,96427892;79,52786509;51,58684807
1030,874;53,10133233;72,98019602;91,28153501;52,23752117
1031,410;49,88369934;75,45923325;96,11759455;53,57613329
1031,947;58,65436672;79,45394612;81,41829949;59,64306625
1032,483;52,50892806;78,53857986;77,09805274;60,67181726
1033,019;51,94515893;86,67052706;73,6758894;58,66564246
1033,556;47,88568977;90,87121066;72,04741598;52,90745352
1034,092;49,71740893;91,3288492;73,93075411;54,74683271
1034,628;43,39295479;84,5034769;68,36045808;60,15580545
1035,164;43,25903779;90,66565949;70,19540885;69,85309108
1035,700;34,90094302;92,82122686;63,16102552;70,6202205
1036,236;38,14574358;99,27283084;61,85280641;70,8697741
1036,772;28,27703573;99,10162594;50,87215465;67,99143605
1037,308;26,6588796;105,6216826;48,84775541;68,66298546
1037,844;21,05263449;104,5683607;48,42620432;73,24826276
1038,379;24,08758949;106,7538088;54,4777646;70,15718084
1038,915;10,57949309;106,5142307;47,85075539;67,58691308
1039,451;7,112297747;124,2194061;49,57570258;68,41544205
1039,986;12,56150743;104,6359781;51,7989035;61,13763814
1040,522;21,58154896;111,4276068;48,51149913;57,39529281
1041,057;17,43169167;78,98631136;42,48120445;60,4448147
1041,593;23,44452635;66,2462937;57,115383;58,80652606
1042,128;26,76298002;67,41747118;57,4134575;61,21787508
1042,663;30,97939435;76,55068262;64,3359403;56,92307801
1043,198;25,33177907;72,96511967;60,08221847;64,09507918
1043,734;34,57368057;72,24564996;62,66307238;65,16011629
1044,269;32,1195134;63,52973232;60,29442697;68,56960449
1044,804;27,43442873;67,57624161;59,3724198;73,43712964
1045,339;20,72071847;66,81950357;69,33971863;78,12427426
1045,874;21,10187098;74,65415512;66,62812858;76,8492533
1046,409;13,77175758;78,8931027;67,03877643;69,65243799
1046,944;29,52629894;73,44511629;70,62839049;73,04266064
1047,479;31,43266151;57,88076222;62,53826213;75,46083211
1048,013;38,62447346;61,6970401;66,54708457;84,85615527
1048,548;34,57169156;60,31837992;67,63110266;93,05050937
1049,083;39,07266168;58,76033335;69,23242018;77,37296694
1049,618;42,50359736;55,18867406;71,74299289;58,91193256
1050,152;55,84068301;40,71604184;68,60061133;49,08982392
1050,687;57,25573214;49,48009805;67,39179824;35,23757245
1051,221;65,03534145;39,62143189;73,60406401;42,90646298
1051,755;55,00495121;49,83019225;66,06978837;34,39737612
1052,290;61,15476085;51,00034778;67,77845168;38,92128337
1052,824;56,79723654;51,32382619;60,62222002;37,12203069
1053,358;57,16292437;57,64591568;57,51414999;35,0608167
1053,893;53,13693246;56,7292275;61,11238863;28,79946361
1054,427;53,85234394;69,69477705;59,67957307;44,06054207
1054,961;52,99950499;86,79245936;56,80313864;48,71795119
1055,495;51,64780995;108,5091115;66,15077213;76,37113998
1056,029;46,95929331;99,49665195;66,6315477;65,42509915
1056,563;48,28060685;95,40815867;78,05148019;60,39215537
1057,097;42,62443627;68,4142312;80,21660854;60,46171028
1057,630;40,96121161;63,01461082;85,44834051;61,72796589
1058,164;37,27082188;46,83544691;89,1260872;61,7607553
1058,698;44,91292407;59,72515671;79,6800928;58,79585921
1059,232;45,56376961;54,89701598;70,24106175;50,42630787
1059,765;30,81201367;68,07511371;77,60901154;47,06704126
1060,299;26,93237046;66,25766454;70,32624037;36,28249001
1060,832;28,41051458;91,43701957;65,00285609;38,64551404
1061,366;-5,31231295;74,14495804;60,65773278;45,73091983
1061,899;2,601156184;107,7264696;67,81674081;34,96551797
1062,432;8,668908249;91,36030481;64,36330581;21,04604539
1062,966;4,068768438;110,0573165;57,1261011;15,75460049
1063,499;13,99456188;84,12832881;63,35078485;21,70601641
1064,032;3,888335558;83,70939585;62,25390646;18,10688565
1064,565;9,384164346;69,42446124;49,80315162;16,74528306
1065,098;17,70005397;58,68834155;47,76245342;11,90476125
1065,631;12,14127982;39,63591025;55,97171526;10,70273479
1066,164;43,7724733;68,4369642;45,98968272;15,28229404
1066,697;50,06535614;61,56448489;43,15156797;34,48276026
1067,230;49,35936543;72,91066266;46,52521127;32,16761116
1067,763;42,7157977;49,79404955;54,82633469;43,86223035
1068,296;29,40331013;51,95822148;46,66666764;40,70904623
1068,828;26,55555556;54,89530306;53,43615666;50,4378751
1069,361;17,67876671;42,74017646;50,78303946;36,5276899
1069,894;25,57585473;40,80041941;46,51110482;50,24592281
1070,426;48,0598412;85,85858122;35,82347256;45,03311328
1070,959;18,79375395;53,85851682;40,91392215;38,70177513
1071,491;12,05706299;39,6694123;34,93746565;33,07291728
1072,023;16,67447786;13,46445908;24,302367;38,12746777
1072,556;31,86153161;18,1172255;27,15504608;25,91490571
1073,088;31,29921368;35,22167432;24,41434926;22,96030843
1073,620;33,21579735;44,79167132;13,4200617;17,23022668
1074,152;38,62677678;61,63008885;19,96363525;32,40223459
1074,684;26,26846466;79,82526057;39,68401438;9,891032199
1075,217;10,59532371;43,40425566;45,56547698;20,99972798
1075,749;22,3865205;49,17241165;48,54866442;5,09244234
1076,280;13,00467389;23,87387263;38,26651052;6,796487291
1076,812;1,45956528;41,53477213;46,953492;0,644007294
1077,344;-0,469670239;59,64164113;49,2839527;5,482625727
1077,876;10,33043562;79,57665633;40,78096029;-4,448742647
1078,408;14,04096691;84,13878663;45,76576569;-7,98122042
1078,939;18,13834741;114,8659584;50,89520243;6,415258085
1079,471;6,403942196;88,4346958;46,88731294;18,9686925
1080,002;22,32346363;113,625452;46,72131235;25,62132733
1080,534;29,06815088;92,77620086;46,82065906;29,89649898
1081,065;34,86612479;108,7968002;53,91463566;12,53693472
1081,597;46,17453585;110,7782101;42,4383158;13,31604115
1082,128;44,80026414;112,2950797;36,95652057;17,66835563
1082,660;53,23843453;104,7082468;51,94888385;33,5144918
1083,191;50,63377684;111,9004522;53,56835853;34,7515445
1083,722;55,61389763;86,76293854;42,80976825;27,85564036
1084,253;60,45710834;85,20914096;42,91267067;32,82471349
1084,784;38,44174691;60,48709963;37,138264;20,58371758
1085,315;25,28175105;68,91139348;28,35581179;10,81399881
1085,846;6,468401608;46,97819553;35,15494891;16,83168376
1086,377;2,356556563;34,57760286;35,11673179;30,4710995
1086,908;-7,19101073;36,09145131;37,29617438;35,67874994
1087,439;-11,32913993;24,90140834;47,14445718;26,86682166
1087,969;-14,9946051;22,70480217;44,52185076;31,56354542
1088,500;3,06729078;40,31683218;50,17851376;14,7325936
1089,031;-10,18409523;50,99959137;46,61017012;22,9905709
1089,561;9,470245279;54,35380701;36,36904862;32,90229851
1090,092;10,30795743;66,42053156;42,04912922;32,64554188
1090,622;33,65791774;73,65439058;48,78299725;33,45605302
1091,153;26,45060035;84,56178819;54,57458153;28,49721676
1091,683;45,3827097;91,61101717;68,34502605;8,596344888
1092,213;37,00258401;101,998463;59,13837869;25,98210807
1092,744;40,4830899;150,8949235;76,74520128;25,90201211
1093,274;22,18542944;107,3093891;70,01506833;28,67454045
1093,804;29,97347263;147,7223264;93,79071062;31,8442873
1094,334;3,294978267;219,2649107;116,4007599;28,31720276
1094,864;-4,695040609;0;113,918622;43,64319977
1095,394;-28,85097725;162,2767971;61,26604635;48,22364838
1095,924;-3,682341936;90,84506957;69,48474246;44,70768115
1096,454;-7,923229174;29,37853491;57,52123891;41,74818619
1096,984;0,219972776;-163,7036959;47,35114945;34,83219359
1097,514;-16,63066984;-24,51790189;4,742683979;37,65506109
1098,043;-11,70706486;-40,22557016;25,35744281;45,89412411
1098,573;-22,16343293;-19,38426521;-0,152983754;33,33333231
1099,103;-2,608695;-74,13127146;16,57430743;27,83588144
1099,632;21,23809484;-40,73705364;3,421053176;22,59541869
1100,161;36,90952615;-30,61224552;47,086915;-6,892382182
