Filename-->;ENVEZ_1.RFL8;ENVEZ_2.RFL8;ENVEZ_3.RFL8
Mode/Unit-->;;;
Int.time[ms]-->;1,049999952;1,049999952;1,049999952
NrOfAverages-->;20;20;20
Smoothing-->;4;4;4
Wavelength [nm];;;
172,206;32,74287264;18,86156989;11,81334912
172,805;31,51199353;17,50700267;5,301698739
173,404;27,79996535;16,35742219;3,059537047
174,003;28,26055934;19,46132001;0,858012302
174,602;27,7898789;24,30250919;0,095968511
175,201;28,61449466;17,39283215;9,518072163
175,800;24,30635578;16,06411363;-10,4616235
176,398;20,19539965;13,49911129;-5,307339286
176,997;17,40945219;13,33453987;-15,25007755
177,596;16,27722799;13,07926272;-2,025677701
178,195;16,68986546;13,60925935;6,140350837
178,793;16,92241551;13,53475363;11,48730322
179,392;21,79506331;12,42070136;14,63878384
179,991;25,9242568;14,86682808;18,98197337
180,589;26,50781752;24,56511894;17,05250102
181,188;31,19566961;27,75497715;13,55454433
181,786;32,59569461;33,20117424;15,38306263
182,385;30,90583253;30,10915774;20,2238804
182,983;36,45788721;27,20760329;18,36734724
183,581;34,06162314;28,43017929;14,8412967
184,180;32,38828261;28,67571958;15,01592091
184,778;24,33883232;30,51321946;17,41968764
185,377;19,62383197;22,77377185;9,914019909
185,975;18,57812709;16,78397351;8,581601067
186,573;20,09144009;18,60857815;16,5606216
187,171;19,07507063;12,48172485;14,83516581
187,770;23,83951841;22,00035091;11,13445373
188,368;13,67794403;21,20071562;18,14878525
188,966;13,0022242;20,87952049;17,1363724
189,564;14,74921656;18,74639528;15,38755922
190,162;17,84489923;18,82946396;8,633230982
190,760;17,60269678;19,28904422;16,2495182
191,358;18,75405503;17,78733342;15,23341541
191,956;17,4522292;10,59138696;7,867847571
192,554;17,64267667;17,87308451;6,175889299
193,152;17,65883649;18,85170967;10,54136134
193,750;21,63907945;26,88652799;7,583504429
194,348;18,86554622;27,41538997;1,017708602
194,946;21,73789502;26,80955064;-7,90727883
195,543;15,26080431;22,03750191;1,825430211
196,141;18,84516768;29,6794222;-3,338762346
196,739;17,3369224;24,85898378;2,171023981
197,337;8,910377521;32,14209408;3,461156804
197,934;11,87881044;21,83248154;6,480784252
198,532;18,47299889;28,71783918;-10,38210213
199,130;19,25630843;31,36488102;-19,67508851
199,727;24,40816486;28,9898604;-12,93588221
200,325;19,33515293;26,65804516;0,084624942
200,922;29,55624464;31,28855227;-15,31284261
201,520;28,71820785;25,22950827;-8,795076082
202,117;29,67251072;34,45024464;-22,92576465
202,715;28,90935063;30,96057501;-14,70133244
203,312;29,9691026;42,20126698;-25,94128792
203,909;24,48704625;37,80901509;-8,5225513
204,507;20,13541878;32,68053833;-11,19929515
205,104;23,10984357;36,35269928;-0,185674316
205,701;30,45195783;45,52789489;-6,812225518
206,298;28,01784283;46,39427111;2,366865638
206,896;27,75453376;52,77284038;-4,907972686
207,493;24,27659816;47,22749998;-0,104637402
208,090;28,58478878;54,06008855;-5,741628993
208,687;23,28492735;43,11006798;8,485959215
209,284;23,94488987;43,53448241;-1,887325
209,881;28,89991721;38,53733304;10,04326466
210,478;21,25195627;41,21589487;12,13728668
211,075;13,83746543;35,67482205;12,93943918
211,672;13,51544395;34,91124468;8,656798318
212,269;-1,485420674;21,20918266;12,2096318
212,866;11,74261874;32,5587755;5,180412897
213,463;12,45018415;36,99296801;3,674072172
214,060;17,24615432;46,25256839;-10,47618916
214,657;17,50074412;45,26089171;8,153330427
215,253;19,43231406;58,76213731;4,976792183
215,850;28,01038971;55,39784009;14,26277798
216,447;29,290261;52,94999151;18,92411106
217,044;21,31729112;43,72158181;18,55385435
217,640;33,79567506;46,34599201;21,14902184
218,237;30,77642584;38,37346403;39,26673913
218,833;35,83489756;32,86242849;46,38896557
219,430;29,28398978;22,89855139;50,52376775
220,026;27,74886053;23,51904099;39,75409904
220,623;24,74995847;18,79253133;34,83810668
221,219;26,19372387;17,11428015;19,30631945
221,816;25,19005529;16,09616966;16,5432923
222,412;32,73984246;20,98445578;11,50356573
223,009;29,67660051;22,10040362;13,75496195
223,605;24,67505189;32,67779137;10,08487189
224,201;18,87211313;29,71462884;4,878685166
224,798;24,41353437;36,15973786;11,66166041
225,394;22,45375329;32,29696645;12,57501967
225,990;27,15842523;34,91625447;8,399602828
226,586;18,86309952;28,34327509;16,73912849
227,182;13,77134392;29,43108929;11,50662332
227,778;15,85754488;32,29681921;17,84925275
228,374;18,26228371;32,55377465;13,32665401
228,971;21,3082427;24,14101621;-2,267304048
229,567;17,74368217;29,74695675;-6,41243034
230,163;16,01187408;20,95452673;-11,9809821
230,758;19,7332878;28,18612312;-5,019629498
231,354;14,68440744;21,87913451;-1,272728682
231,950;16,36974795;27,37642528;-12,25942374
232,546;28,20224528;32,95754255;4,935131561
233,142;28,65248156;30,05413014;-3,622578094
233,738;29,54808628;21,84803915;-2,152795385
234,334;35,01072245;28,31495089;7,709809122
234,929;38,56370466;23,71711989;13,78167291
235,525;44,59672248;28,2856531;17,65223122
236,121;39,4217916;19,12092827;22,34712204
236,716;43,38022945;19,9569788;23,32734792
237,312;39,64111108;15,59482278;36,56667499
237,907;35,13187317;10,8652792;18,88709209
238,503;34,67110719;11,28672752;23,25895813
239,099;36,05746999;12,52918275;17,78752489
239,694;29,17578521;5,90529295;22,33192504
240,289;29,2913877;4,425128037;19,99043753
240,885;29,29450125;7,273068665;15,87264705
241,480;32,14789444;11,66887668;1,775148242
242,076;28,84337965;16,96153184;7,76497679
242,671;30,95819408;16,0106298;-16,13648033
243,266;34,10491418;18,21338395;-7,961007767
243,861;33,92725741;15,99599331;-23,28424451
244,457;33,69846219;27,7365018;-14,65753485
245,052;40,04258164;36,46757765;-7,333842132
245,647;37,23404191;35,9521319;8,766157836
246,242;36,2831859;35,47642023;2,926280617
246,837;40,30703837;38,76394447;7,927205514
247,432;48,88306903;42,06843063;5,311920053
248,027;42,79308011;46,4252028;23,82920148
248,622;42,26110557;42,30769144;18,75165891
249,217;43,00647023;45,9729697;34,57397239
249,812;45,84331259;46,84007707;33,76563292
250,407;35,58484338;37,06096276;29,41029458
251,002;37,63166794;38,4453341;15,50160171
251,597;38,13733129;36,81112894;20,77010123
252,192;37,63336467;36,06813849;22,52972482
252,786;36,50159729;29,99655924;16,67708976
253,381;40,15747918;30,63711906;10,06110969
253,976;35,2436508;26,09430638;15,51832543
254,571;32,86940004;24,00158156;9,504321233
255,165;25,42857132;11,3345165;10,67364635
255,760;32,20071189;19,75511776;10,36347917
256,354;37,37131085;23,754665;16,48985153
256,949;34,52164556;25,91879657;15,79448087
257,543;35,88657744;21,62559757;15,19401598
258,138;35,30046908;22,32046156;17,83224708
258,732;38,28258089;17,22231901;20,09753636
259,327;44,62019388;28,04919134;12,00923809
259,921;44,37754656;32,54908438;24,61719652
260,515;46,86207417;33,70477931;22,31857685
261,110;39,97758313;29,94486678;17,89250367
261,704;38,8357971;25,9007719;13,59489123
262,298;31,63741349;16,95626139;6,874448143
262,893;16,12667631;8,793499875;-15,00129737
263,487;2,349524556;-0,222914884;-13,36405592
264,081;9,140811938;6,988783035;-12,32401896
264,675;2,971549777;4,829835629;-6,276150889
265,269;6,592980299;8,920007332;-13,9855232
265,863;5,176019329;13,4965932;-13,53884052
266,457;12,61744961;18,16311309;-30,89364082
267,051;14,09105487;26,50735276;-32,8327814
267,645;19,36124654;35,83994516;-36,6328727
268,239;21,76275263;41,81172116;-10,92763454
268,833;23,0189214;53,12653037;-3,181362065
269,427;15,00974604;46,37832246;2,541465458
270,021;16,74088669;37,97285097;-3,63450243
270,614;12,337316;26,35372063;-6,514745615
271,208;15,18849042;24,4188269;-6,691729659
271,802;7,141576892;19,03682636;13,87243767
272,396;2,953586431;12,17507623;13,67168526
272,989;2,914294383;8,206572822;26,29063072
273,583;8,155275957;12,28364032;19,20112022
274,177;10,69937336;7,988394197;18,95043786
274,770;18,96095248;17,53649603;13,10894602
275,364;17,61225735;26,47650443;6,718671124
275,957;25,5464677;28,28844595;6,944444923
276,551;23,06021175;29,6289665;0,112891868
277,144;30,25171057;35,50196193;-8,577128062
277,737;26,39906206;32,93180127;0,660264154
278,331;28,77298861;34,47248207;1,202590394
278,924;24,60861146;21,90843669;6,207634423
279,517;28,74352111;22,0928292;-1,304969839
280,111;24,42948635;18,00905032;0,314815064
280,704;26,08695493;21,96287447;4,035798875
281,297;18,96274961;25,91718201;4,057405888
281,890;19,08512018;26,42898635;8,260446414
282,483;17,17740634;21,61272608;11,60477464
283,077;22,81981709;22,09238735;15,59363136
283,670;24,43573605;23,42298331;13,04863722
284,263;31,37883655;26,38935607;9,182292689
284,856;32,45172186;26,22422584;13,41621877
285,449;28,53318408;26,05905041;4,353312611
286,042;28,74583808;20,68519702;14,94082757
286,634;31,89157144;22,15394553;8,645929126
287,227;28,43206427;20,08914368;11,47776292
287,820;29,55714271;26,60324637;13,44607572
288,413;24,0657925;23,36956639;1,74711326
289,006;21,80768063;22,39453075;-7,987615243
289,599;18,18625854;29,9913722;-7,375201422
290,191;13,67787;28,95145644;-12,84375886
290,784;20,90985708;36,48237517;-4,991726724
291,377;25,63620879;38,5952958;-9,758337898
291,969;21,23639655;38,38383804;-0,031267278
292,562;23,62966517;43,08555848;-5,340490402
293,154;19,98510726;41,08108219;-2,379023044
293,747;26,45569629;50,4323648;-9,542971199
294,339;30,6851903;49,63401452;6,492841245
294,932;35,34528794;47,30746232;11,84822596
295,524;31,93173325;42,3054847;25,63671026
296,116;32,84972828;41,91715368;31,922983
296,709;31,97287892;42,44272551;21,40238419
297,301;36,36885202;39,59258778;24,69135783
297,893;42,07142805;35,8284762;20,56811035
298,486;48,51306584;28,41951995;9,42340816
299,078;44,04103961;24,52269105;14,79924285
299,670;43,38380369;23,38292327;7,327226836
300,262;34,12723654;22,98569915;3,966551942
300,854;40,25599316;19,10249682;-6,394829841
301,446;37,93227483;8,342361887;-3,529411268
302,038;36,40570673;7,332172364;1,887159569
302,630;25,19857034;-1,071155283;2,331003489
303,222;18,93235303;-0,40650408;10,80332353
303,814;13,39007752;4,914860826;20,49413456
304,406;13,04347801;-0,454076332;22,54406107
304,998;3,323442075;0,55007589;30,30574171
305,590;10,71354682;6,761695731;32,10886487
306,182;5,601577784;13,47190158;37,1263682
306,773;12,9299008;30,09193892;33,59398501
307,365;10,90940216;30,37884288;33,9536357
307,957;14,23287244;42,32053586;29,80174472
308,549;9,938080465;32,08304188;33,89747723
309,140;12,36044748;33,87037673;32,83833871
309,732;17,95719257;40,77840174;39,01477935
310,323;17,76405997;46,52951403;32,13004186
310,915;7,195986076;28,16552269;29,52825921
311,506;7,072975484;29,37790028;21,71095175
312,098;-2,207617039;12,23354862;25,87694155
312,689;3,949044685;18,22388281;28,89447137
313,281;2,729719409;15,49566804;31,02799779
313,872;5,685491451;24,17337626;24,73246087
314,463;5,161870489;24,02701758;21,10712015
315,055;2,744520385;20,42939727;9,758613145
315,646;9,11779228;18,83148209;8,142340206
316,237;15,95152281;30,96662467;10,26743984
316,828;15,75058594;24,24387939;8,240445793
317,420;20,07455767;28,56659358;-3,272377574
318,011;8,775840819;17,04702706;-3,398489749
318,602;9,414860972;15,06164602;7,491599332
319,193;8,524121283;14,94317128;4,019258631
319,784;14,18381818;11,63348042;5,740961429
320,375;13,28701663;1,004304426;12,38523096
320,966;17,06992134;5,069867675;13,87011976
321,557;17,28419708;3,019636808;11,12437924
322,148;24,13155744;9,661835695;10,17644554
322,738;21,68064444;6,467941167;9,835728342
323,329;26,66453641;5,791505691;7,683406194
323,920;26,81685122;6,895949687;-3,771164377
324,511;30,00572148;8,830825185;1,77777687
325,102;28,19134726;14,40155691;0,507356895
325,692;29,44465463;16,79527196;-2,889359077
326,283;27,00702933;17,84814127;-15,61577693
326,874;29,60625919;17,57752564;-12,99894977
327,464;28,11647045;14,70987196;-11,93196113
328,055;33,71642668;20,97759705;-2,664025291
328,645;32,49539473;22,22060067;-4,193273936
329,236;33,9463778;21,79849306;-5,558975481
329,826;34,73292708;28,28722395;0,217004845
330,417;31,90958532;27,62084043;-1,110898302
331,007;29,59976274;27,27707074;-1,417290799
331,597;32,28790916;18,21239767;-2,435253321
332,188;29,30004608;22,17209147;0,349175231
332,778;27,11278146;24,73063938;9,447808522
333,368;18,85408651;20,08324624;10,10889352
333,958;22,03592808;26,08323319;14,27609389
334,548;21,12884239;27,20562396;21,69764026
335,139;17,85659675;20,87675209;19,87544638
335,729;17,57169841;17,32768496;26,7184045
336,319;17,64705864;16,25264778;32,95597801
336,909;16,70808396;21,41975297;37,39283007
337,499;15,98570673;16,21681844;33,39594253
338,089;17,96326881;17,92999846;30,86348979
338,679;19,38972004;24,05729921;32,15917623
339,269;12,10091881;19,08237794;35,23117931
339,858;14,8135776;19,54403684;25,57564259
340,448;12,57214944;16,00076119;24,39572079
341,038;19,20103102;15,86972956;21,74796839
341,628;21,54009934;20,90252846;18,31177639
342,218;26,29980372;23,33050065;22,29998593
342,807;28,86529611;21,69094338;21,8845973
343,397;29,83234752;20,912042;19,75187786
343,986;30,96586341;18,18443701;18,4041419
344,576;33,53148996;18,15849184;12,12908172
345,166;35,90593981;20,31070228;19,46022707
345,755;42,41183388;27,28266751;13,67741825
346,345;37,23150313;25,34523596;10,92040647
346,934;36,03043046;25,4149237;8,166021698
347,523;35,05843108;28,59026953;11,28544387
348,113;34,29232154;32,55602795;14,04958599
348,702;29,08263878;31,89698806;18,64339437
349,292;31,92717733;36,08300603;19,42732275
349,881;32,33205812;32,75630107;30,03144688
350,470;28,91600846;30,72427895;22,85656726
351,059;23,72959611;23,29715703;27,51020566
351,648;25,30464842;23,49902013;27,47864062
352,238;25,4449834;26,29241946;35,64920378
352,827;23,54563284;23,11767508;27,93979165
353,416;21,51736512;14,34709229;23,79506839
354,005;21,95251968;11,17974936;13,41693762
354,594;27,32218081;15,50086349;13,59599403
355,183;28,60563581;21,60696563;9,538750895
355,772;28,95390631;21,48181256;16,21036431
356,361;26,9342955;22,28770015;13,61695341
356,949;28,08810712;25,80399225;14,10920055
357,538;28,18497679;28,08326107;-0,23264142
358,127;29,13431219;30,70061729;9,038113302
358,716;34,12935247;40,27823671;9,109874402
359,304;38,2407148;46,41763381;17,61886553
359,893;30,92769929;39,77430841;19,99630409
360,482;27,95469777;35,20663738;17,08796691
361,070;28,3757882;31,91235593;5,774007267
361,659;28,14968191;33,97626165;5,065037298
362,247;31,44056372;40,07804502;15,76402418
362,836;27,70688454;40,12695893;22,00881024
363,424;26,69138071;40,49914876;13,86666518
364,013;22,09526479;40,03065532;23,75784491
364,601;18,69849499;36,88702472;21,73117799
365,190;14,48151761;38,51568631;17,56643784
365,778;19,93422803;41,05786531;16,46168488
366,366;16,32992624;42,96315908;21,92255354
366,955;18,92486266;42,02725768;19,17613613
367,543;13,15058961;32,29100834;7,717591366
368,131;17,64333795;24,40878444;7,528498357
368,719;16,28884138;21,70988481;8,265549762
369,307;15,80131369;16,69341844;2,157745908
369,895;16,38349473;20,51258584;3,469529116
370,483;16,97667404;22,78835833;5,566320215
371,071;12,90781199;18,78693656;4,931987344
371,659;15,82491589;18,38332941;2,82772405
372,247;13,00344548;15,07669843;4,742492649
372,835;13,43061913;16,18695362;7,413752579
373,423;8,423022719;13,84460175;8,518842098
374,011;6,567753;11,17000809;6,911167411
374,599;6,191994439;9,768121781;6,648340795
375,186;4,502303009;8,362589858;4,097577622
375,774;3,447043656;4,97575117;3,524568271
376,362;3,153429054;4,876032771;3,108332335
376,950;1,421509269;3,098875036;3,167941598
377,537;1,446207514;3,263771199;3,187716361
378,125;0,715585787;1,582115436;2,701029002
378,712;2,059630411;2,631665067;1,486171165
379,300;2,176161154;2,90285546;2,419621058
379,887;1,805203625;2,533289617;2,379231063
380,475;1,496045044;2,313234606;2,97765676
381,062;2,191811407;2,876319946;2,543802108
381,650;3,289705342;2,96679231;3,199671023
382,237;3,522387277;3,54754609;3,020695543
382,824;3,576471649;3,322625522;2,525936092
383,411;3,864509558;4,376539791;1,959068645
383,999;3,556683939;3,985115189;2,350052802
384,586;3,627294111;3,89356105;1,935300539
385,173;3,467297111;3,850442438;1,955530476
385,760;3,466479501;3,61125016;1,985280952
386,347;3,803536142;3,904824995;2,231271159
386,934;3,184303836;3,777520257;1,60561952
387,521;2,962910475;3,369295384;1,472351274
388,108;2,881954617;3,641338133;1,707229676
388,695;2,581927259;3,505477667;1,939273023
389,282;2,541571913;3,517382051;1,693606503
389,869;2,542475532;3,676891242;1,726159137
390,456;2,578666143;3,978991036;1,561178937
391,043;2,838949091;4,108385708;1,591784897
391,630;2,2757084;3,964747187;1,513952742
392,216;2,070491443;3,768248467;1,545439668
392,803;2,318795489;4,16538157;1,718192101
393,390;2,385515137;4,085163792;1,79420077
393,976;2,725978206;4,076371627;1,770084713
394,563;2,729920694;4,093508138;2,058789945
395,149;2,59161877;3,936043244;2,067312243
395,736;2,740611053;3,803749256;2,097548282
396,322;2,490279873;3,748976733;1,844733122
396,909;2,730750516;3,71564538;2,00113417
397,495;2,956662734;3,880851415;2,072623016
398,082;2,817646263;3,755175399;2,116037716
398,668;2,796315293;3,699373408;2,0631032
399,254;2,66716697;3,601756433;2,241082589
399,841;2,704825382;3,64939909;2,25520307
400,427;2,720082373;3,65469081;2,228871231
401,013;2,763803188;3,785266268;2,291072336
401,599;2,886583002;3,80884533;2,361400029
402,185;2,635992146;3,738889244;2,447231115
402,771;2,610628751;3,944950977;2,536107397
403,357;2,584776762;4,125854279;2,57568008
403,943;2,497513498;4,213331062;2,649455296
404,529;2,651527976;4,211819925;2,605726242
405,115;2,576790461;4,375367206;2,518697138
405,701;2,611835417;4,464328412;2,672572298
406,287;2,613609885;4,690592611;2,718654702
406,873;2,639828561;4,852348448;2,968895783
407,459;2,955599967;5,049153408;2,929779395
408,044;2,990412016;5,067478693;3,089803555
408,630;3,111776095;5,143197929;3,099116323
409,216;3,390581172;5,388775289;3,088919748
409,802;3,365772684;5,65185478;3,357253966
410,387;3,567249479;5,651848758;3,519524491
410,973;3,637497933;5,807622125;3,584097877
411,558;3,77166988;5,789279288;3,697589611
412,144;3,877771929;5,793421457;3,915304403
412,729;3,868988124;5,92944197;4,047100901
413,315;4,004003357;6,195600993;4,183093006
413,900;4,146783137;6,455101368;4,397279347
414,485;4,241227738;6,621064984;4,689839533
415,071;4,518904491;6,79784311;4,781423668
415,656;4,711344659;7,10536373;5,055265318
416,241;4,904186514;7,352498186;5,183278127
416,827;5,078641985;7,492679944;5,488302543
417,412;5,27654131;7,764075069;5,50115878
417,997;5,405711155;8,004433516;5,631575769
418,582;5,640750021;8,062050295;5,790715073
419,167;5,838228551;8,063124462;5,891190329
419,752;5,958597449;8,127331917;6,016982399
420,337;6,019577902;8,224961414;6,15237099
420,922;6,158857162;8,318527977;6,210245778
421,507;6,265805165;8,373753321;6,382046896
422,092;6,352331162;8,490003054;6,42637411
422,677;6,535623641;8,767809009;6,52627869
423,261;6,741470192;8,904539687;6,757158463
423,846;6,678737997;8,828653294;6,951056965
424,431;6,817224117;9,161835108;7,115115457
425,016;6,859474151;9,257537917;7,226233497
425,600;6,704848164;9,386879099;7,370993118
426,185;6,740542143;9,508587957;7,546510311
426,770;6,772907509;9,639706543;7,61219272
427,354;6,72478931;9,7404095;7,865621889
427,939;6,777828643;9,729152974;7,94732222
428,523;6,830557859;9,799146993;7,889947398
429,108;6,878354843;10,02390946;7,82941019
429,692;6,91404948;9,852831631;8,0300017
430,276;6,916072381;9,788243121;7,98608513
430,861;7,077726165;9,799340766;8,032769059
431,445;7,019685156;9,778749057;8,140978958
432,029;7,169559044;9,713152145;8,166413388
432,613;7,217574237;9,734208962;7,981972001
433,198;7,121323067;9,655687023;8,075304127
433,782;7,07090235;9,669315579;8,133461053
434,366;7,133095024;9,752853887;8,239691296
434,950;7,173909462;9,870895397;8,047059482
435,534;7,299072543;9,973031082;8,103889004
436,118;7,415467483;10,01664653;8,02687936
436,702;7,606638798;10,09241365;7,932306998
437,286;7,682123848;10,12972262;7,988232504
437,870;7,832102576;10,14691291;8,122766993
438,454;7,934450694;10,30851896;8,038599686
439,038;7,932886758;10,20380994;8,023084555
439,621;7,941650512;10,10359958;8,008387206
440,205;7,979456408;9,970507138;8,113044516
440,789;7,868845899;9,972618047;8,064609807
441,372;7,722392437;9,917623757;8,00628013
441,956;7,584091446;9,75933047;7,857028303
442,540;7,468243855;9,705167742;7,848133783
443,123;7,414591798;9,732238105;7,747533743
443,707;7,213580915;9,617558329;7,702062805
444,290;7,314607761;9,668673496;7,651650012
444,874;7,297462675;9,717104338;7,47848595
445,457;7,173598969;9,756022948;7,434204209
446,040;7,210022761;9,653904559;7,436167275
446,624;7,311340771;9,680570638;7,422937068
447,207;7,321116253;9,687858317;7,404858944
447,790;7,283169215;9,758388601;7,346265615
448,374;7,188634508;9,596883926;7,305902861
448,957;7,287807764;9,471082934;7,374444162
449,540;7,171094209;9,466123993;7,499567656
450,123;7,109254007;9,335441515;7,483857041
450,706;7,029069572;9,227071539;7,481285727
451,289;6,956638345;9,210583661;7,491919045
451,872;6,93258641;9,102115471;7,583475788
452,455;6,891805923;9,089922633;7,592422672
453,038;6,837570376;8,961841237;7,564148698
453,621;6,80936475;9,024213164;7,562890231
454,204;6,709467303;9,080892768;7,474069193
454,787;6,661463355;9,0406321;7,38309841
455,369;6,623983007;9,068145924;7,396572507
455,952;6,613886156;9,062586173;7,253428372
456,535;6,569597257;9,106341994;7,203699474
457,117;6,427112499;9,119858471;7,084720946
457,700;6,407772282;9,124217759;7,159831707
458,283;6,479900546;9,139644217;7,110122958
458,865;6,443931588;9,062066149;7,068981959
459,448;6,392620168;8,96582772;7,024135198
460,030;6,383725615;8,887056282;7,026494881
460,613;6,41898049;8,842704477;7,034125204
461,195;6,415139303;8,890899632;7,081602234
461,777;6,448519833;8,880725639;7,006794241
462,360;6,448704647;8,811781636;6,953125706
462,942;6,433018091;8,795561309;6,850643521
463,524;6,274809547;8,730508703;6,816144495
464,107;6,291525879;8,763967585;6,798503801
464,689;6,324682866;8,782966519;6,782752695
465,271;6,301697715;8,745359531;6,653312691
465,853;6,176026146;8,653535381;6,582297435
466,435;6,161988171;8,519702156;6,512072702
467,017;6,093715815;8,421373705;6,574245108
467,599;6,069169284;8,392537054;6,484386436
468,181;6,049754075;8,330595751;6,4289583
468,763;6,048049296;8,283771177;6,361307433
469,345;6,00507346;8,16391008;6,305313458
469,927;5,924278878;8,112187478;6,280014516
470,508;5,895398195;8,060305375;6,286124221
471,090;5,852640518;8,001448831;6,226627736
471,672;5,747803621;8,025480601;6,265596955
472,254;5,644347546;7,908038991;6,143493496
472,835;5,572128348;7,866868237;6,125103279
473,417;5,498890918;7,784629381;6,156853225
473,998;5,468157458;7,74576289;6,141003951
474,580;5,423177502;7,71969493;6,090181471
475,161;5,459236318;7,714839653;5,986117431
475,743;5,370556778;7,676466873;5,892130319
476,324;5,347867502;7,618968955;5,842917954
476,906;5,332079579;7,527377657;5,670167351
477,487;5,322990406;7,56158134;5,581676732
478,068;5,332074056;7,507594639;5,563599446
478,650;5,284319779;7,448735237;5,413531262
479,231;5,190075585;7,380475657;5,365524189
479,812;5,166675671;7,294296661;5,309617769
480,393;5,070224428;7,200418412;5,309652882
480,974;5,007747343;7,131088095;5,226953967
481,555;4,977982615;7,132555682;5,169769477
482,136;4,959434166;7,09919138;5,15599092
482,717;4,909508156;6,996011539;5,089664363
483,298;4,832717417;6,877398669;5,010971212
483,879;4,800991843;6,799759868;4,960413506
484,460;4,759832913;6,754706747;4,906615615
485,041;4,622547813;6,646697784;4,837198964
485,622;4,537027734;6,561384379;4,778578688
486,203;4,543356885;6,475687309;4,784421361
486,783;4,479899371;6,341681406;4,757734442
487,364;4,386020665;6,214898638;4,702786882
487,945;4,317146123;6,167932214;4,697705021
488,525;4,301196091;6,159953099;4,659884044
489,106;4,187260172;6,126091406;4,61189342
489,686;4,179733468;6,078032357;4,539799613
490,267;4,196763434;6,102377657;4,502458904
490,847;4,189263975;6,078036502;4,40167905
491,428;4,103418662;6,087349539;4,296809334
492,008;4,043811903;6,115365798;4,243116164
492,589;4,039562326;6,131544067;4,209727611
493,169;4,032535446;6,117566984;4,126042832
493,749;3,979295109;6,029862535;4,101959771
494,329;3,980269304;6,001300014;4,022380094
494,910;3,950950746;5,954042254;3,960799052
495,490;3,867085953;5,866682526;3,870988917
496,070;3,766110548;5,764393513;3,792557544
496,650;3,769008379;5,685570821;3,754469375
497,230;3,739823892;5,658049892;3,632124241
497,810;3,615108593;5,561650968;3,522755282
498,390;3,501777696;5,43254988;3,495501308
498,970;3,405879089;5,441878082;3,400907171
499,550;3,333329492;5,395407492;3,361233516
500,130;3,260220547;5,335461468;3,348133185
500,709;3,227247837;5,354606268;3,345587583
501,289;3,214831401;5,353606399;3,327083005
501,869;3,127534463;5,298687743;3,287721344
502,449;3,147876826;5,193251169;3,321006331
503,028;3,110749541;5,154023994;3,37359692
503,608;3,150284878;5,164219707;3,326507229
504,188;3,197763654;5,131985507;3,303213553
504,767;3,238536031;5,108698839;3,286950305
505,347;3,220655011;5,046839967;3,261540055
505,926;3,161532863;4,988315431;3,183582724
506,505;3,131007627;4,923129891;3,215978052
507,085;3,102643778;4,843335082;3,218633371
507,664;3,068417569;4,835185686;3,221820842
508,243;3,081358807;4,809452151;3,170783315
508,823;3,096308583;4,82900226;3,134077233
509,402;3,07236963;4,793980198;3,101616122
509,981;2,964390481;4,734240423;3,118643365
510,560;2,948748503;4,752246652;3,037033906
511,139;2,933043174;4,707831523;3,007875189
511,719;2,907417229;4,707364316;2,9547742
512,298;2,922837966;4,759210314;2,962673192
512,877;2,841971568;4,683212288;2,917071881
513,456;2,827554937;4,593702368;2,94896485
514,034;2,742381984;4,50290268;2,923897563
514,613;2,71776109;4,49437655;2,947161443
515,192;2,763848353;4,460280426;2,973430799
515,771;2,685589731;4,331028347;2,977215754
516,350;2,6871462;4,319196614;2,995435543
516,928;2,731561573;4,292970864;2,972940452
517,507;2,731781973;4,240601428;2,918240393
518,086;2,690672166;4,174100566;2,881796967
518,664;2,639337017;4,221459873;2,762589174
519,243;2,684068937;4,228060447;2,721778805
519,821;2,581891265;4,08849856;2,655920033
520,400;2,575061643;4,087502398;2,644961724
520,978;2,632060155;4,170371645;2,684978658
521,557;2,576532655;4,062567155;2,730555711
522,135;2,49517407;4,007526784;2,681174287
522,714;2,449524238;3,960618836;2,654262893
523,292;2,496515819;3,981346467;2,666757505
523,870;2,485811655;3,914683451;2,630772969
524,448;2,485133611;3,889573327;2,715780182
525,026;2,527501758;3,955674998;2,768370167
525,605;2,445897114;3,853105671;2,706971559
526,183;2,392269246;3,79439108;2,694663311
526,761;2,43293006;3,880282981;2,549596779
527,339;2,457227831;3,842375835;2,60988257
527,917;2,506054876;3,885573744;2,601578745
528,495;2,480570831;3,921345011;2,631972534
529,073;2,569420831;4,011303315;2,62688326
529,650;2,433262653;3,904317823;2,561052664
530,228;2,43180889;3,866920966;2,503976048
530,806;2,501971448;3,947378307;2,533516293
531,384;2,496655378;3,944934289;2,476553841
531,962;2,49335686;3,969535963;2,570034556
532,539;2,532063048;4,014840346;2,486390226
533,117;2,50615409;4,032443193;2,52733513
533,694;2,557911342;3,985460947;2,527541696
534,272;2,522585523;3,983627636;2,614820781
534,849;2,583615175;3,98861646;2,611637059
535,427;2,569756132;4,018416868;2,633915921
536,004;2,50003195;4,039038348;2,590222449
536,582;2,512725795;4,020573441;2,612991218
537,159;2,53028925;3,96154605;2,599117455
537,736;2,413183196;3,875355186;2,627903721
538,314;2,399380396;3,843048982;2,581751238
538,891;2,396481521;3,928231703;2,613927617
539,468;2,393326304;3,935035353;2,584203569
540,045;2,406757294;4,017761239;2,584818073
540,622;2,413394973;4,046412855;2,561914512
541,199;2,406074769;3,965870033;2,578128357
541,776;2,410758996;4,015857781;2,596155068
542,353;2,355337577;3,98414805;2,625082401
542,930;2,431855374;4,060940569;2,635691176
543,507;2,432871903;4,072138096;2,661340869
544,084;2,341181557;3,991140778;2,557651876
544,661;2,394511245;3,972027093;2,575890268
545,238;2,438598786;4,036558938;2,623458074
545,815;2,438344412;3,992895609;2,626716135
546,391;2,440413983;4,008382299;2,649446624
546,968;2,439266715;3,94782601;2,608136803
547,545;2,493594273;3,996742887;2,617607565
548,121;2,423786654;3,983733923;2,654581859
548,698;2,435619972;4,035507636;2,660694097
549,274;2,514958345;4,119014352;2,629752866
549,851;2,481976663;4,092642278;2,641203708
550,427;2,430880794;4,00933061;2,635952064
551,004;2,408493223;4,091822351;2,649441477
551,580;2,463821452;4,22814761;2,596129225
552,156;2,51922763;4,296295523;2,62802965
552,732;2,52648992;4,331712266;2,684749456
553,309;2,586141568;4,326109059;2,690707042
553,885;2,599885093;4,309537998;2,742632227
554,461;2,575161642;4,337375087;2,847833786
555,037;2,532266665;4,326557475;2,834209473
555,613;2,614452059;4,413342514;2,793079661
556,189;2,678617916;4,404084777;2,830187571
556,765;2,69295703;4,357953903;2,904605285
557,341;2,613137528;4,366090166;2,942859531
557,917;2,59816364;4,370238394;2,887414638
558,493;2,617369538;4,443885828;2,906682622
559,069;2,620717984;4,447050237;2,911498941
559,645;2,631658709;4,398801393;2,89080865
560,220;2,645463636;4,441670785;2,924429527
560,796;2,593275077;4,472022746;2,972203529
561,372;2,594534935;4,502474534;2,957265331
561,948;2,616299552;4,550256655;2,986182503
562,523;2,723397779;4,669814724;3,013423987
563,099;2,779414873;4,71397539;3,077687628
563,674;2,802656486;4,813911663;3,08643261
564,250;2,772113706;4,91964542;3,065811287
564,825;2,81979153;5,040820781;3,095662876
565,400;2,952349396;5,185336003;3,135026706
565,976;3,020343146;5,275169784;3,185581929
566,551;3,051142185;5,350978675;3,332890037
567,126;3,151921315;5,466461146;3,345218306
567,702;3,180560476;5,49992179;3,362182181
568,277;3,20947194;5,5830224;3,382794397
568,852;3,281727626;5,680525961;3,436392982
569,427;3,362271042;5,802264525;3,468617905
570,002;3,388406308;5,914086533;3,556835303
570,577;3,405152582;6,008036069;3,646406309
571,152;3,46522832;6,122161596;3,819061782
571,727;3,559332263;6,285736167;3,876283933
572,302;3,561534309;6,436734916;4,024187706
572,877;3,675181368;6,635537158;4,127976558
573,452;3,757068566;6,801556899;4,221783038
574,026;3,820834113;6,973189857;4,348684382
574,601;3,966017789;7,13663492;4,574421159
575,176;4,11341124;7,300723997;4,709863283
575,751;4,250005851;7,436113693;4,82255842
576,325;4,384940443;7,603770741;4,853273774
576,900;4,539295877;7,901253471;5,004496818
577,474;4,697579478;8,144076446;5,096243504
578,049;4,827651671;8,4014659;5,206555529
578,623;5,031010244;8,707509816;5,384845967
579,198;5,169940803;8,856282753;5,567986711
579,772;5,385852997;9,126029989;5,780433339
580,346;5,625808979;9,465285097;5,944049285
580,921;5,828864522;9,813601484;6,210617102
581,495;6,004245946;10,1660969;6,457963894
582,069;6,190115382;10,33054263;6,70730792
582,643;6,375126714;10,59635527;6,973899464
583,218;6,577690856;10,87120586;7,303865266
583,792;6,814131458;11,15199285;7,59008153
584,366;7,14990765;11,55434069;7,870243155
584,940;7,389871838;11,9168846;8,110142163
585,514;7,605123676;12,28143515;8,437921274
586,088;7,867868354;12,6616588;8,688873344
586,662;8,157642077;12,99506687;8,999910563
587,235;8,414710906;13,42543236;9,287891677
587,809;8,81766929;13,80869889;9,70786689
588,383;9,252952061;14,28507929;10,05888764
588,957;9,630914845;14,7998711;10,49867756
589,530;10,02778986;15,22279718;10,9516494
590,104;10,3837928;15,6930206;11,38560424
590,678;10,70131142;16,09745563;11,85295093
591,251;11,13806131;16,60851109;12,2720834
591,825;11,56002601;17,07854177;12,80402893
592,398;12,02055383;17,64043838;13,19413259
592,972;12,3698922;18,15886312;13,62774029
593,545;12,71003032;18,58494591;14,09686334
594,118;13,05941903;19,0993448;14,62376313
594,692;13,48120634;19,72550708;15,17478136
595,265;13,94584948;20,21566463;15,72958569
595,838;14,48065476;20,72566766;16,26332264
596,411;14,89225318;21,1941135;16,92149061
596,985;15,32797671;21,71880874;17,44428129
597,558;15,84525977;22,2331812;18,12373045
598,131;16,40083912;22,78184438;18,67514683
598,704;16,87846265;23,30776488;19,3566065
599,277;17,42684716;23,91225922;19,86309144
599,850;17,96746836;24,36916164;20,45709524
600,423;18,42518349;24,90328527;20,99601624
600,996;18,91799024;25,50572847;21,6426136
601,568;19,45783179;26,08666221;22,20629167
602,141;20,05025362;26,68947841;22,84898375
602,714;20,59031241;27,25108082;23,39757086
603,287;21,09250688;27,86401252;24,0443172
603,859;21,6939285;28,48217498;24,68608115
604,432;22,25080575;28,87214702;25,38922776
605,004;22,66680471;29,44361288;26,03307876
605,577;23,269212;29,97333615;26,63682193
606,149;23,84186282;30,42936044;27,22927844
606,722;24,27263416;30,89083134;27,74513009
607,294;24,71044946;31,34614948;28,36201584
607,867;25,0838104;31,8388398;29,02952086
608,439;25,5488176;32,24151332;29,62554017
609,011;26,09659242;32,61865182;30,27759809
609,584;26,62145019;33,22327382;30,79996872
610,156;27,20950801;33,75293828;31,30021936
610,728;27,72899191;34,30290161;31,98393202
611,300;28,24514505;35,05502318;32,58613382
611,872;28,7321841;35,57256537;33,29540101
612,444;29,27402772;36,12931833;33,92107369
613,016;29,96631867;36,59882351;34,57877239
613,588;30,52018644;37,17496209;35,23932197
614,160;30,90674741;37,73049728;35,73149556
614,732;31,38318877;38,19578758;36,3252186
615,304;31,88942486;38,67752591;37,0225304
615,876;32,43088897;39,07316315;37,73024312
616,447;32,93090014;39,57051051;38,34804857
617,019;33,48250294;40,2315526;38,95256287
617,591;34,07461466;40,71837839;39,51221816
618,162;34,52727939;41,16801535;40,1295956
618,734;34,97416579;41,53456951;40,64637221
619,305;35,52690326;42,04973447;41,342966
619,877;36,12148106;42,51033328;42,02620972
620,448;36,58350423;43,09415469;42,62913502
621,020;37,05360225;43,66030875;43,1497785
621,591;37,56246052;43,81190002;43,88402691
622,162;38,18126491;44,01377074;44,51064978
622,734;38,58735591;44,41547263;45,2772514
623,305;39,08857653;44,69125384;45,74303469
623,876;39,51635701;45,18367031;46,4213936
624,447;39,930369;45,80904571;46,9988973
625,019;40,29944819;46,15598591;47,66532464
625,590;40,68032675;46,38747632;48,16679709
626,161;41,0180256;46,7856421;48,6588487
626,732;41,34299415;47,0179588;49,17945327
627,303;41,65584502;47,40370475;49,72644813
627,874;42,08945673;47,7737825;49,97487307
628,444;42,4118002;48,22382518;50,5975087
629,015;42,89261579;48,57113858;50,89076829
629,586;43,17442012;48,6519026;51,371906
630,157;43,30349658;48,98659289;51,81525219
630,727;43,73520873;49,29618703;52,35282683
631,298;44,13959207;49,46172561;52,74961363
631,869;44,41382978;49,97854915;53,21930635
632,439;44,68319914;50,32831578;53,64890001
633,010;44,9435539;50,6626496;54,12083271
633,580;45,22067725;51,04617348;54,28418592
634,151;45,44892278;51,32069797;54,88043202
634,721;45,82408883;51,57681007;55,20254708
635,292;46,26418831;51,81459323;55,66377076
635,862;46,40054641;52,11439446;56,00326583
636,432;46,50135753;52,37853524;56,48085342
637,002;46,81563477;52,47618523;56,61484201
637,573;47,10373182;52,72695438;57,11911984
638,143;47,2829104;53,00062001;57,3940465
638,713;47,49834886;53,03599831;57,88484876
639,283;47,77878767;53,01816174;58,10937045
639,853;47,97298759;53,26549233;58,46138778
640,423;48,18654589;53,5256207;58,36600931
640,993;48,66766678;53,57521222;58,71433513
641,563;49,04680785;53,67495058;58,91610421
642,133;49,37934342;53,9051599;59,26180496
642,703;49,60156619;54,03523543;59,23910932
643,272;49,80280707;54,08366797;59,55465212
643,842;50,06722962;54,14886787;59,85255042
644,412;50,01770702;54,32522708;60,18483854
644,981;50,2280475;54,30991045;60,32854241
645,551;50,26698834;54,16480387;60,63711845
646,121;50,16541964;54,19749832;60,72322927
646,690;50,10867891;54,25293737;60,89804749
647,260;50,0789848;54,11825878;61,18278206
647,829;49,98084044;53,987454;61,17975838
648,398;50,1253312;53,92249446;61,30995336
648,968;50,01713455;54,06875335;61,15500917
649,537;50,14741196;54,03719966;61,12512732
650,106;50,08712057;54,1710096;61,16377845
650,676;50,34523969;54,33504461;61,47026147
651,245;50,44683374;54,28876962;61,54540957
651,814;50,49070808;54,35994545;61,65265534
652,383;50,47747909;54,52049917;61,49421903
652,952;50,54825737;54,59824954;61,74250114
653,521;50,5884304;54,62785795;61,83930335
654,090;50,67529993;54,60710911;62,15237795
654,659;50,84209196;54,43572281;62,38251161
655,228;50,96035811;54,38872362;62,58711969
655,797;50,8117012;54,27013301;62,5285774
656,365;50,9312214;54,52260192;62,44368886
656,934;51,08088593;54,52353996;62,69312499
657,503;51,22251132;54,53282017;62,69625345
658,072;51,20654759;54,4540022;62,75871533
658,640;51,35696997;54,43950111;62,80807127
659,209;51,42470929;54,59900333;62,65753499
659,777;51,49479367;54,78509088;62,65985223
660,346;51,39504736;54,66068546;62,59286644
660,914;51,5943052;54,84622748;62,5134122
661,483;51,798551;54,69789703;62,75552838
662,051;51,85431056;54,46689051;62,64434974
662,619;51,84742043;54,38357614;62,66017101
663,188;51,85191213;54,43096112;62,55438757
663,756;51,54889231;54,32587033;62,6095825
664,324;51,33577754;54,18323271;62,63587795
664,892;51,39637931;54,16370315;62,61009159
665,460;51,55427116;54,20613294;62,62013183
666,028;51,31587964;54,05594437;62,70201484
666,596;51,05869568;54,03205962;62,62263394
667,164;51,04734319;54,1468017;62,49801179
667,732;51,02222648;54,11943654;62,39568212
668,300;51,01666777;54,00289131;62,63599558
668,868;51,12501534;53,92235826;62,42631871
669,436;51,33712097;53,64004099;62,5468128
670,004;51,25400425;53,74426745;62,44555908
670,571;51,1451904;53,67437034;62,52584859
671,139;51,30395566;53,69151286;62,60158454
671,707;51,22397684;53,57126997;62,70476762
672,274;51,08657647;53,4691362;62,96445874
672,842;51,04948682;53,69879772;63,14359244
673,409;51,05220595;53,53468525;63,07003932
673,977;51,16391575;53,68286994;63,19579035
674,544;51,11966132;53,96686975;63,03309135
675,112;51,23392823;53,71493183;63,18706821
675,679;51,46423187;53,87783005;63,02131426
676,246;51,45388106;53,8473301;63,08724804
676,814;51,60413303;53,84749356;63,23821681
677,381;51,89022414;53,8641317;63,1363763
677,948;51,98410001;53,67649851;63,21067868
678,515;52,22162821;53,94700855;63,39088771
679,082;52,29342853;54,11124878;63,48600972
679,649;52,24825395;54,18670618;63,94261605
680,216;52,23498041;54,45461639;63,93714277
680,783;52,22416531;54,58009242;64,40878247
681,350;52,38670494;54,86170507;64,4729477
681,917;52,48330813;55,16376418;64,45272473
682,484;52,37497462;55,33336067;64,58035503
683,051;52,40895198;55,62429226;64,9970057
683,617;52,55133244;55,7161224;65,05446801
684,184;52,67081618;55,68496991;65,24513078
684,751;52,9713075;55,72037335;65,19204894
685,317;53,07722431;55,99621598;65,49002666
685,884;53,11037993;56,10971018;65,3882087
686,450;53,18194322;56,10129517;65,56192014
687,017;53,41671537;56,35520749;65,89761588
687,583;53,82027565;56,81409325;66,3405706
688,150;54,28892394;57,01736444;66,41138673
688,716;54,38226079;57,33837546;66,74917894
689,282;54,71790089;57,54138927;66,90236156
689,849;54,85913532;58,10289055;67,34491478
690,415;55,04496486;58,07228766;67,36304478
690,981;55,67687973;58,37144842;67,55285686
691,547;55,72916782;58,72903767;67,86526468
692,113;55,550982;58,83220827;67,98707575
692,679;55,63998024;58,95911602;68,01643263
693,245;55,60869572;59,07543395;68,27172171
693,811;55,94268639;59,32550449;68,29576527
694,377;56,00716881;59,71251653;68,46002862
694,943;56,25927505;59,76223525;68,43337704
695,509;56,41848499;60,09210363;68,80536585
696,074;56,42303447;60,07209062;68,95291346
696,640;56,68419747;59,77043293;68,6528742
697,206;57,19690618;59,84405333;68,54489691
697,771;57,23366128;59,93458087;68,45996643
698,337;57,52674964;59,98354372;68,45438777
698,903;57,44637659;59,98429612;68,55536368
699,468;57,61646209;60,02825907;68,62849596
700,034;57,48248942;60,07594566;68,74683146
700,599;57,8004186;60,16937923;68,68927383
701,164;57,73909857;60,12975551;68,79002619
701,730;57,87380435;60,50941435;69,24585159
702,295;57,87787338;60,59252325;69,3359843
702,860;58,11461017;60,71221437;69,59701249
703,426;57,93177155;60,86415523;69,9272355
703,991;58,11666158;60,88163656;69,7339166
704,556;58,03023681;60,97517479;69,8111852
705,121;58,6356168;61,03054922;69,8689361
705,686;58,26222331;61,08905558;69,85967933
706,251;58,60862365;61,08618143;69,72844348
706,816;58,67600282;61,16819836;69,634646
707,381;58,60814322;60,85312505;69,92490115
707,946;58,52420111;60,92775061;69,8427571
708,510;58,85902589;60,76112679;69,40130745
709,075;58,73865244;60,75119058;69,88409831
709,640;58,9629302;60,48863423;69,884181
710,205;58,6493302;60,26914874;69,97748379
710,769;59,08966371;60,36516337;70,18439122
711,334;59,03459288;60,51691072;70,57762207
711,898;59,12125166;60,55820679;70,70378448
712,463;59,29406684;61,10820939;70,39958608
713,027;59,40560399;61,04352947;70,49981981
713,592;59,50540497;61,08459491;70,66999028
714,156;59,72585999;61,5533858;70,49514356
714,720;59,59982614;61,67915942;70,83714833
715,285;59,65829023;61,97205669;70,64782921
715,849;59,52778237;61,75341283;70,49522524
716,413;59,04807352;61,57429341;69,99782616
716,977;58,90978878;61,59497174;70,13696766
717,541;58,8837568;61,08003008;70,23371451
718,105;58,9146495;61,03308539;70,34706289
718,669;58,78939253;61,21452799;70,41393128
719,233;59,04258241;60,5292806;70,53851194
719,797;59,28382917;60,56510331;70,02376829
720,361;59,55107489;60,58529321;69,94233119
720,925;59,4257631;60,70434674;70,08455387
721,489;59,85262648;61,05566237;70,50624056
722,053;60,41814032;61,09026034;70,5374434
722,616;60,58684705;61,44383633;70,89875664
723,180;60,65084376;61,46009229;70,77469448
723,744;60,65874075;61,24498993;70,63386657
724,307;60,69013033;61,74243577;70,32345524
724,871;60,73778353;61,76017607;70,58604738
725,434;60,77808722;61,96106461;70,86450714
725,998;61,38417351;61,97052645;70,89970192
726,561;61,68453816;61,80810742;70,58267444
727,124;61,75193613;61,53807029;70,44906666
727,688;61,54251572;61,62983128;70,01485003
728,251;61,62517657;61,28743378;69,74379808
728,814;61,95957593;61,57253532;69,80993559
729,377;62,04004805;61,06376417;69,92495801
729,940;62,2736776;61,47457841;70,0478536
730,503;62,14252502;61,05835026;69,59763876
731,067;62,23341601;61,25175318;69,69835692
731,630;61,82986526;61,16442743;70,13770227
732,192;61,54589215;61,32469959;70,07516225
732,755;61,80210803;61,36758605;70,28554237
733,318;61,78308423;61,6867598;70,80277769
733,881;61,57887852;61,54343949;70,89451696
734,444;61,60981837;61,87853422;70,75281165
735,007;62,05198951;61,29669321;70,63048349
735,569;62,51669679;61,51106753;70,94626547
736,132;62,14478397;61,37727999;70,78179274
736,694;62,52505472;61,44179307;70,41781259
737,257;62,13634752;61,02183174;70,93054397
737,819;62,17918351;60,74183175;71,19128478
738,382;61,93069371;60,91150443;71,07689969
738,944;62,01821426;61,17162564;71,08225339
739,507;61,86553537;60,74775949;71,62372334
740,069;60,86923911;60,76374093;71,7375991
740,631;60,17538873;60,45936974;71,99025046
741,193;60,35592101;60,25021505;71,8926597
741,756;60,26208872;60,32875188;72,47779689
742,318;60,73465089;60,90442563;71,653473
742,880;61,14943164;61,15711913;71,10607921
743,442;61,37352508;61,06687611;70,76941138
744,004;61,23480519;60,5418503;71,0139667
744,566;61,61438223;60,85983471;70,8048308
745,128;61,74219543;61,07380243;70,908057
745,690;62,02776255;61,32826249;70,74182467
746,252;61,89421226;61,53957636;71,04063885
746,813;61,84560254;61,63992943;70,91980407
747,375;61,80767905;60,92621771;71,35060358
747,937;61,65474074;60,58502291;71,52222094
748,498;61,69021002;60,37820034;71,95987927
749,060;61,96725025;60,55489989;71,41705281
749,622;61,33956445;60,41208733;71,02183838
750,183;61,69420351;60,77285896;70,18477263
750,745;61,58948633;60,35808915;70,26858896
751,306;61,47022452;60,54904658;70,27943438
751,867;61,30308866;60,38838447;70,05642305
752,429;61,49119006;60,88341273;70,01913748
752,990;61,00493504;60,90485552;70,13681693
753,551;61,14886445;61,30391061;69,89465285
754,112;61,39803506;61,32872793;70,29171369
754,674;61,81014967;61,79690806;70,83713551
755,235;61,73329534;61,92342371;71,09993849
755,796;61,87902337;62,23942272;70,70423482
756,357;61,81478986;61,93557145;70,48633078
756,918;61,59096468;62,01124845;70,44075725
757,479;61,00922484;62,04140628;70,58371668
758,039;60,76301123;61,90034641;70,38541116
758,600;60,65939545;61,44731382;70,71172352
759,161;59,48688853;61,26819022;69,9871579
759,722;58,79743892;60,64247158;69,23076432
760,283;58,54165721;59,46590824;69,78970377
760,843;57,56172069;59,98707445;70,04249884
761,404;58,12392;60,05867624;69,62960336
761,964;59,46376166;59,79479729;69,63714606
762,525;59,40841438;59,78022958;69,54216388
763,085;60,29990557;60,07564186;69,69792032
763,646;60,70110685;60,843427;69,0077846
764,206;61,48131566;60,94132677;70,25067392
764,766;61,59233957;61,32376857;70,69498782
765,327;61,65688189;61,4178101;70,53259268
765,887;62,37374367;60,93698694;70,99615369
766,447;62,32658475;60,7037076;71,85295387
767,007;61,68152684;61,84246733;71,35922636
767,567;62,27989496;61,42549163;71,1665862
768,127;62,09398633;61,93069753;71,12208173
768,687;62,38026915;61,62546665;71,1043174
769,247;61,89828414;61,28969486;70,71772169
769,807;62,05835226;61,2821797;70,47414846
770,367;62,26864987;60,97637444;70,99492643
770,927;62,42552312;61,1100477;70,85851701
771,487;62,35880852;61,13819769;70,02870807
772,047;62,46329575;60,54069906;70,37401518
772,606;62,62609231;60,86653999;70,44365476
773,166;62,57586602;60,14029934;70,71888376
773,726;62,21383472;59,60449651;71,11846829
774,285;62,48211654;60,14295498;71,47451466
774,845;62,95098447;59,96609137;70,98872897
775,404;62,6300859;60,64352005;70,395021
775,963;62,93665919;60,61108089;69,97863722
776,523;62,64098413;60,65682312;70,35702344
777,082;63,51813294;60,48497042;70,622868
777,641;63,39087477;60,39672069;70,73466522
778,201;63,44730438;61,06595745;70,20810629
778,760;63,07925952;61,76233107;70,11934783
779,319;63,01433479;61,47479135;69,5314374
779,878;62,38413772;61,18763683;70,22953381
780,437;62,61632183;61,12910753;70,833616
780,996;61,98520978;60,89834371;71,55040451
781,555;61,72139281;60,45804539;71,60073135
782,114;61,01471587;60,37057698;70,91242099
782,673;60,74110526;61,04109994;71,03711619
783,232;60,77272867;60,58186436;71,56294
783,790;61,15044047;59,9461966;71,47369977
784,349;61,50449796;60,50221096;72,13530396
784,908;61,78955149;60,37886308;72,55397438
785,466;61,20040114;60,31552373;72,2266878
786,025;61,537081;60,09105296;71,42607837
786,584;62,21983631;60,53781681;71,9906049
787,142;61,87467798;61,29263917;72,89371907
787,701;61,99252527;60,75197462;72,3968218
788,259;62,22533911;61,36690477;72,09875487
788,817;61,92074833;61,40247895;71,91092305
789,376;62,44299017;61,56793162;71,00734747
789,934;61,94171494;62,18932352;70,65381465
790,492;62,72631325;61,76883986;70,33074811
791,050;62,42500183;61,7631714;70,0762552
791,608;62,26283717;62,1597979;68,77023111
792,167;62,61707411;61,4133838;68,79963178
792,725;63,5922671;61,66706212;68,82586231
793,283;62,59321394;60,66167111;68,94619737
793,841;62,60943953;61,32756333;68,9019868
794,398;61,9175509;60,6089919;68,94005577
794,956;62,21561142;60,50828066;69,02539412
795,514;61,65600891;61,07176009;69,92457524
796,072;61,76635158;61,84259806;70,56865189
796,630;61,08528963;61,49062827;71,09652356
797,187;61,15005403;61,85789066;70,4080126
797,745;59,81340813;61,47622094;70,30991826
798,302;60,66494657;62,46596142;70,34101131
798,860;61,173223;62,6945342;71,06281432
799,417;61,16545027;63,5617812;71,24332995
799,975;60,21134163;63,23172187;70,91116022
800,532;60,31343134;62,65408989;69,61842147
801,090;59,89419876;61,18807848;70,09265302
801,647;60,21134475;60,81483832;70,43138468
802,204;59,26417136;60,15694215;70,87163676
802,761;60,16648099;60,70241139;71,28252073
803,318;60,03197387;60,57449392;70,79550844
803,876;60,12333569;60,36823425;70,44402187
804,433;60,01908683;59,9700542;71,01538913
804,990;61,22686739;60,05883408;70,2758932
805,547;60,90033709;60,00030694;71,04345548
806,104;61,59341246;60,98250084;70,75968997
806,660;61,64510153;61,05377626;70,64648921
807,217;63,11817714;61,12420479;70,00593479
807,774;62,81177652;60,48356572;69,33608695
808,331;62,80228755;59,80209723;68,37733439
808,887;62,47687941;58,25374909;68,71407244
809,444;61,87288101;58,21393739;67,83960328
810,001;61,4289354;58,00230785;68,34321979
810,557;61,65076726;58,9321851;67,67938903
811,114;61,30205797;58,48381947;67,16963015
811,670;61,42504545;59,14701382;65,57655033
812,227;60,73360685;58,43958267;66,02573646
812,783;60,8291824;58,41021485;65,9038977
813,339;60,20244179;58,50322815;68,04386527
813,895;60,44586626;59,57476488;67,00552761
814,452;60,35360672;58,37480589;67,37112719
815,008;60,78679498;58,54025061;66,8944903
815,564;60,20077002;56,78161348;66,71238614
816,120;59,20799369;57,99220795;66,45143966
816,676;58,61220005;57,68329932;67,63678936
817,232;57,71925236;58,74077669;67,68956537
817,788;56,946419;58,88238879;68,30563996
818,344;58,8043027;59,56531995;68,22405064
818,900;57,91188725;59,26799758;68,00124547
819,456;58,74836567;60,16360797;68,24910517
820,011;57,82531528;60,0449073;69,08767254
820,567;59,10069849;61,27892895;70,02612793
821,123;59,21815813;59,8731616;70,04526298
821,678;59,5702719;60,12112159;69,74715861
822,234;59,7713254;59,03524246;69,29971915
822,789;59,22553655;59,60476632;68,85054336
823,345;58,7280058;59,60482912;68,6205794
823,900;58,58794788;59,76171011;67,89088647
824,456;58,56645504;59,42785968;67,89636016
825,011;58,61233552;60,08536441;67,02863932
825,566;57,73381548;59,34937602;66,51038801
826,121;57,56745723;59,26906858;66,61941204
826,677;57,22051335;58,49239003;67,09090079
827,232;58,02784424;58,51193927;66,88457271
827,787;58,06274408;56,92164616;66,73559608
828,342;57,83509979;57,06119411;66,30133425
828,897;58,38368903;56,30038908;68,15489339
829,452;57,75851098;56,49990346;67,09615358
830,007;57,26685741;55,87324588;67,41350599
830,562;57,66295568;56,09523796;67,28474887
831,116;59,18907736;55,94908537;66,89753552
831,671;60,05414143;56,23917734;66,66280808
832,226;59,86272745;57,33041202;67,0410545
832,781;60,44075496;58,49171217;67,61626622
833,335;59,45539581;58,35569379;67,48735624
833,890;58,83271024;59,50008269;65,32590202
834,444;58,39812345;60,00595788;66,42827827
834,999;58,76589011;61,15336247;66,39741549
835,553;58,88018002;61,11715767;67,12443659
836,107;59,41807694;61,46322395;67,49695795
836,662;59,64282142;61,09787744;68,77917627
837,216;58,74872692;60,09128154;67,98328889
837,770;58,56260148;59,65953107;68,44664832
838,325;58,400267;59,04033711;68,53830657
838,879;58,08748094;58,26833232;70,73505651
839,433;59,20108473;57,41264557;68,66890197
839,987;59,12836566;56,92979831;69,39142147
840,541;59,12286793;56,71384379;68,77552622
841,095;57,1895508;56,77843092;68,22189132
841,649;56,25599182;57,43139087;66,24850195
842,203;56,65725238;58,06197279;66,99555346
842,756;56,96504703;58,71325017;67,15472979
843,310;58,11309257;59,66426939;67,05493828
843,864;60,00531883;61,14330977;66,69050091
844,417;59,4828182;61,57237688;67,89325318
844,971;58,94043187;61,55958471;66,83448028
845,525;57,57665;61,94683853;67,88684023
846,078;57,41324098;62,10005074;69,00548244
846,632;58,45590972;61,5252808;69,80259455
847,185;59,21934806;62,0263686;68,95066034
847,738;58,85303366;61,74226961;68,20170769
848,292;58,52196079;60,7204568;67,71395932
848,845;56,98289861;59,14774497;67,50296174
849,398;58,41280493;58,86031133;67,4283591
849,951;58,95604306;57,73736214;68,07253309
850,505;60,10322224;57,49446067;66,57790365
851,058;61,51320468;57,19654772;64,40886313
851,611;60,28519756;56,81732459;64,39795492
852,164;60,01104323;56,05030193;65,77408854
852,717;59,62699804;55,28282931;64,85236357
853,270;59,11805891;54,60305485;64,23475672
853,822;59,95690932;56,91474014;62,88274002
854,375;58,67210138;56,24825567;64,47801005
854,928;59,60995836;55,84338973;63,71085115
855,481;59,40110569;55,18566483;63,24561318
856,033;58,84067486;57,08698214;62,60993302
856,586;59,96291152;57,89673388;62,51870998
857,139;60,46151683;58,54343993;62,4204766
857,691;61,44006887;59,57038385;63,65632472
858,244;62,02229825;60,30903183;64,27904895
858,796;62,1691488;57,96396861;66,16829185
859,348;62,30843515;60,11094801;65,18872587
859,901;62,310731;61,38757681;65,77919095
860,453;63,28814684;62,70261883;66,95546372
861,005;62,98616762;61,24539786;68,78403701
861,557;62,25087769;60,63501538;69,17461188
862,109;61,69405712;59,74989113;69,44600086
862,662;61,29687153;59,95211044;69,20430511
863,214;60,99535455;60,32811519;69,69941197
863,766;60,49001347;61,41347051;68,08901188
864,318;59,77080262;59,424276;69,0078775
864,869;60,29908013;60,09553299;69,26522491
865,421;60,14077847;60,20343492;68,61103419
865,973;61,0328218;60,76872897;68,17844524
866,525;61,38862535;61,50818703;66,74879628
867,076;61,91434439;63,36871086;66,26349028
867,628;62,92402425;61,53481695;67,27573654
868,180;64,1744862;62,31819921;64,12153517
868,731;63,7259504;61,45833471;63,00238762
869,283;63,98992146;62,31119173;61,24775591
869,834;63,48531173;61,24483527;62,08459098
870,386;63,07429022;59,72805493;61,21565618
870,937;63,12077769;59,15279955;62,58487078
871,488;62,97981523;57,35820548;64,00405947
872,040;61,75024892;55,14027617;63,37857502
872,591;61,87951754;55,29882997;61,90066183
873,142;59,59710117;52,42551551;66,19176328
873,693;60,26334396;54,57905943;67,66152674
874,244;61,18246558;55,294044;67,40394568
874,795;60,93868921;55,08014786;66,30540824
875,346;59,89178211;53,34850416;68,32268601
875,897;60,31024299;52,77573717;65,9344753
876,448;58,6979535;53,76128748;67,70265828
876,999;59,3031087;54,79859859;68,82880262
877,550;58,19976946;55,42625173;68,84661424
878,100;59,63406734;56,38357615;67,22929138
878,651;59,82989265;54,83642761;69,61272831
879,202;59,95816977;54,22934822;71,38644298
879,752;59,68499856;54,60099532;70,84529932
880,303;60,08669827;54,7427615;69,52121352
880,853;58,78279242;54,0935297;70,80718375
881,404;59,92562909;54,73729906;69,0398414
881,954;60,61960828;53,43864905;68,83842235
882,504;59,72204557;53,22637938;68,18105515
883,055;59,6680289;54,85305462;68,48285856
883,605;58,78710391;55,75329419;65,23624329
884,155;58,72057702;56,28071747;65,20579358
884,705;59,40391662;56,41059132;66,10719495
885,255;59,59599258;58,00983246;65,69527206
885,805;59,90009981;59,24547794;64,6833889
886,355;60,36724242;59,805522;65,08552215
886,905;60,07839811;59,8323359;64,91159981
887,455;59,36049662;60,47399624;67,77107691
888,005;59,72387303;60,05258994;68,34257195
888,555;60,40154045;58,70315912;70,79557396
889,105;60,58777207;56,16175213;68,24496001
889,654;60,36829514;55,94377894;67,93754903
890,204;60,25540156;56,09558116;69,83947396
890,754;59,69210638;56,55176983;70,71422888
891,303;59,95023679;56,65052723;69,48044834
891,853;58,50195245;55,89805277;69,55907497
892,402;59,78979336;55,05012427;65,36885375
892,952;58,8494222;53,8290426;65,55717868
893,501;57,82758163;54,45706161;63,25740745
894,050;57,4007465;53,77294775;63,93912449
894,599;57,61440583;54,57636757;64,16383716
895,149;56,24671747;54,78582682;63,31564842
895,698;57,82422873;54,16513183;63,72655072
896,247;57,86757946;52,28657741;65,38531118
896,796;58,66744767;53,13513107;63,73908311
897,345;59,59032241;53,3100738;65,64062157
897,894;59,52555035;53,70410078;62,80653796
898,443;60,84560177;51,40782469;65,06067827
898,992;60,33887932;53,5541025;64,9595676
899,541;59,60708793;53,34258645;63,96063262
900,089;60,85195819;53,46296777;62,84115825
900,638;60,40310594;54,18093509;63,99688258
901,187;59,2245392;55,45793867;64,26414284
901,735;60,17073022;55,72560375;64,03242324
902,284;59,63496862;56,48905104;66,09588508
902,833;59,34666766;58,74933932;67,77791562
903,381;57,22134788;59,40419743;67,09356038
903,929;55,02070489;58,63191085;68,50462991
904,478;56,64256956;58,66570143;67,26405375
905,026;57,62285721;59,74180948;68,35110227
905,574;57,85023302;59,22639976;67,94745933
906,123;57,92923833;56,80303651;67,53860611
906,671;57,31421755;55,51167445;66,91760985
907,219;55,79493719;55,23310664;66,41815163
907,767;54,69582428;52,67211035;64,47506892
908,315;55,6764006;54,42852143;64,38002599
908,863;57,20805896;54,19221508;62,23511293
909,411;54,74128689;51,84510812;66,13151956
909,959;53,84756048;50,35789293;64,97114676
910,507;53,47864786;48,87500555;65,9089769
911,055;54,13751191;48,86721914;66,62774375
911,602;54,58919406;51,32940373;67,20080293
912,150;55,07281393;50,80761021;66,624223
912,698;56,34849123;51,34573495;67,50831114
913,245;56,09016509;49,39691977;65,97830572
913,793;55,49817084;48,79043083;70,3362984
914,340;56,59885795;49,08345684;65,55021027
914,888;56,64606316;50,43408972;67,03505196
915,435;58,23334942;52,98412675;64,31708237
915,982;56,48221545;54,70960512;63,17456683
916,530;55,74586649;53,9524395;64,56036068
917,077;57,15590028;52,89950616;62,79108541
917,624;55,43802443;52,55377127;61,41788708
918,171;56,22191859;55,23089473;63,16672553
918,718;57,86279766;57,35264211;58,92941337
919,265;55,74487945;55,84462346;63,19677471
919,812;56,19243297;55,20697627;62,59732661
920,359;55,55807292;54,74030633;63,69907577
920,906;57,17629123;56,41736078;63,84404844
921,453;56,09789455;55,63773629;62,98146225
922,000;55,8521383;57,1152808;63,97290761
922,547;56,52473635;57,3019642;64,86528716
923,093;56,02299085;58,3625288;62,84809077
923,640;53,64457471;57,72762414;65,16741858
924,187;57,06273217;60,16022113;62,12231672
924,733;56,55905646;59,4323393;62,95897894
925,280;57,8430408;59,71383889;61,87220618
925,826;55,86020872;59,24326511;59,8525282
926,372;58,96966468;60,03381555;59,48022564
926,919;59,68700692;61,20371273;58,44291484
927,465;61,70152514;60,32279136;59,81420612
928,011;59,82514217;54,94202601;59,80602961
928,557;60,782553;53,28787524;57,27137941
929,104;55,462356;50,69332431;57,90590855
929,650;54,48175786;49,20856002;55,27251958
930,196;49,14696864;46,32773278;54,48263075
930,742;46,26066544;45,3358833;53,87472758
931,288;40,75452013;45,29954048;56,5888822
931,834;35,89118459;40,08620205;53,84816979
932,379;31,77694031;41,00068757;56,47303515
932,925;34,584453;41,1464959;47,12462724
933,471;32,83835884;38,17874645;54,54545776
934,017;35,37004156;38,8367452;48,63099243
934,562;34,72964842;31,34627354;44,77768236
935,108;37,50458433;35,14865783;43,25966105
935,653;44,48747897;32,42992357;40,06993221
936,199;48,50872076;32,72727109;34,74641313
936,744;47,84734694;33,59561641;35,70785706
937,290;52,71389225;34,05861039;31,53666272
937,835;50,44803027;39,08823085;41,84664446
938,380;52,50377664;46,51192667;38,2456127
938,926;52,45861013;45,28760732;40,68014086
939,471;58,05079721;53,54875357;41,54705979
940,016;56,31898873;49,32639233;48,19939725
940,561;54,69076862;47,94627014;58,88275149
941,106;46,74137787;46,81985104;59,7472298
941,651;51,71786143;48,15349693;58,76288746
942,196;48,73056717;48,90900031;68,9576998
942,741;52,95467556;44,46535999;72,87546358
943,286;49,09090827;42,37331182;68,92302304
943,831;48,8580961;47,48962419;63,00940634
944,375;38,30258995;43,33888303;64,13983777
944,920;38,12598657;44,64190613;57,95213928
945,465;34,8618775;43,83219292;48,96054669
946,009;45,36592299;44,31412808;50,85999291
946,554;42,62979375;43,51754908;59,43885719
947,098;40,12362013;40,98028752;46,27868944
947,643;40,79926764;42,73632258;39,58944459
948,187;49,10256422;46,41588858;41,31418992
948,731;51,81195126;46,3039897;49,48470558
949,276;50,60830094;44,08299467;46,0275702
949,820;49,98788866;45,51189417;41,73682551
950,364;55,0316898;46,46912029;41,14862048
950,908;48,9904774;52,32214643;40,08393158
951,452;47,5496363;48,91248164;32,24235022
951,996;48,03149771;52,24071788;37,24166092
952,540;47,17336792;51,74579948;38,36826478
953,084;39,02148075;50,5310916;34,60652772
953,628;38,25463208;50,81361081;33,08657316
954,172;44,29814661;56,7193154;36,13848131
954,716;46,74595264;58,88680207;43,62317054
955,259;42,90356443;60,79859008;41,5266441
955,803;44,83016526;54,46737713;42,14814108
956,347;48,95216077;57,45679129;47,18345758
956,890;50,28318586;58,1937117;43,04944177
957,434;49,80952672;60,7456339;43,76253835
957,977;56,65019282;56,23356953;43,70612137
958,521;55,88759541;52,60766388;44,50489524
959,064;54,06958364;48,42713834;39,61453628
959,607;49,84574749;43,79258055;37,58295367
960,151;52,79915717;42,76294846;37,56327347
960,694;53,98303678;43,33369215;37,35836871
961,237;48,97636396;44,67655388;36,06980413
961,780;44,85901955;38,28988755;40,32463152
962,323;45,81285691;37,32806912;39,63477024
962,866;44,09418229;39,97432095;44,86680598
963,409;47,51246042;44,83698067;48,12905645
963,952;45,59562671;43,80599871;53,81497684
964,495;50,01690068;48,41173335;54,23581238
965,038;49,87011053;46,93895786;56,10601014
965,581;53,70310064;49,39148491;57,59280676
966,123;54,81378956;50,40534896;57,14407775
966,666;60,7436027;55,03129762;54,52448229
967,209;57,74404218;55,32948029;57,10961872
967,751;54,14054952;56,68507388;51,48372757
968,294;52,17325796;53,07179457;47,58914909
968,836;54,53606355;53,7639152;47,46316262
969,379;52,54841647;51,18889127;48,1159873
969,921;54,97753801;52,02868867;50,18235642
970,463;53,14305708;51,51144424;50,57406923
971,005;53,47705267;52,42901788;53,09903124
971,548;50,42480765;50,32528504;58,20765708
972,090;49,3103722;49,43001366;56,88130077
972,632;50,50893094;43,11534962;57,54272132
973,174;48,5171746;44,97023361;60,02857323
973,716;46,97602645;44,25774529;61,2250638
974,258;47,3878965;46,82029758;57,45487148
974,800;44,92178981;47,61095918;53,33083049
975,342;41,09514972;45,75010568;51,9352452
975,883;42,20754793;45,11112919;48,66751128
976,425;43,26116794;45,41137977;42,27418051
976,967;44,9181117;43,52664135;43,62557039
977,508;47,24911321;46,75449934;43,48564352
978,050;46,99254311;47,58761131;42,89584278
978,592;50,1950187;51,62810378;41,69671875
979,133;49,46636421;47,93985484;46,63996277
979,674;50,29283546;45,48776221;46,40707741
980,216;51,17389991;45,00376122;47,5487441
980,757;54,50385888;46,29810372;45,6573552
981,299;57,36097849;44,81810463;49,20634764
981,840;60,27193144;48,17832023;47,28245956
982,381;59,80276767;49,80730029;49,43095656
982,922;61,06825164;49,83017846;48,65831956
983,463;56,77457233;47,90648491;46,38084728
984,004;57,77705411;49,61955772;39,64104713
984,545;57,05640768;49,17218475;39,55145922
985,086;61,88083023;52,93982141;38,50862722
985,627;54,72688781;50,17160513;38,96059116
986,168;52,07468919;53,15329527;38,32554498
986,708;50,36490436;49,12648628;39,73555157
987,249;51,53799391;51,01477205;42,39094066
987,790;51,68890848;50,28527913;45,41718838
988,330;53,92690472;49,02682332;45,48599035
988,871;53,41317646;49,3395565;50,49800747
989,411;53,76526572;53,3207766;48,39801806
989,952;47,54933675;53,44583859;50,71837742
990,492;50,05208442;51,76265012;54,2257791
991,033;48,83406968;49,56433068;57,15394923
991,573;48,95893749;52,41691546;55,90517059
992,113;46,36895062;48,10939783;57,09819659
992,653;45,92960064;47,37741733;50,83191
993,194;45,0400818;45,39433933;52,10307306
993,734;45,82392614;48,45887323;49,70131024
994,274;46,68300746;46,97134054;55,17276311
994,814;49,78381948;46,14113265;50,31581077
995,354;49,81656446;45,70586957;49,72207686
995,893;51,62570172;47,98737336;48,32759255
996,433;49,87743451;49,03806532;47,89989038
996,973;52,30245797;48,94993177;45,00648795
997,513;52,72990092;48,3502237;51,87885317
998,052;56,24906064;53,02162236;54,1670521
998,592;54,58460081;52,10048172;55,25686326
999,132;51,93710755;51,64451561;54,59429845
999,671;48,59929411;48,30185242;60,16444007
1000,211;48,25986119;51,80318748;60,09080556
1000,750;44,61804046;52,06628835;58,93621029
1001,289;44,22869358;50,65697817;56,6058612
1001,829;40,29964543;53,99127506;55,64718809
1002,368;40,98318222;55,22915442;54,07331808
1002,907;34,80995187;48,91957923;55,08568808
1003,446;33,69151511;45,92540371;54,96928643
1003,986;34,8025968;43,66161566;52,2080334
1004,525;35,97632712;45,08843125;44,37181745
1005,064;36,06884999;45,53012615;45,12995412
1005,602;35,78957156;45,4087367;41,7468824
1006,141;32,35959767;45,33517804;41,1799729
1006,680;34,48701902;44,05625588;44,47268321
1007,219;33,90223661;45,04095855;41,09975467
1007,758;37,80692033;50,73969376;39,32397122
1008,296;39,22328182;52,42350903;37,90841492
1008,835;42,67716567;54,81372855;36,26203553
1009,374;43,62617179;53,64981343;40,78066917
1009,912;45,82254696;53,94969765;36,17302053
1010,451;52,24030772;51,7697504;40,95744681
1010,989;56,68782401;49,85701206;45,28301628
1011,527;60,07808534;48,61900481;46,44738357
1012,066;62,31426297;47,75331841;49,77459601
1012,604;55,30640719;46,20027818;51,3760226
1013,142;56,08478219;42,43299109;52,81588811
1013,680;49,44640614;40,79151116;61,49663569
1014,219;48,74034364;44,60364164;54,23871856
1014,757;52,02297063;40,99836645;54,52710089
1015,295;49,95140789;39,66430928;56,43147496
1015,833;50,98528944;40,24198251;58,10030917
1016,370;48,72834322;43,1333869;52,1224628
1016,908;47,10441304;40,01091718;50,35725592
1017,446;51,13051854;38,98965318;41,74183165
1017,984;48,70987692;40,32567368;43,30398973
1018,522;49,99999735;40,61419628;43,145403
1019,059;52,31468495;42,41284256;46,82783979
1019,597;45,93044715;45,74076312;47,39694784
1020,134;38,13379426;41,95209706;49,83676015
1020,672;32,31392384;43,60260986;41,73928669
1021,209;33,34685268;43,11369762;41,99064483
1021,747;34,12036169;47,12759153;37,37146978
1022,284;36,3105079;50,09269135;50,58870328
1022,821;37,81350444;52,9547963;42,02956279
1023,358;38,24961318;52,36897133;43,00355179
1023,896;34,24918441;51,10941058;42,76755309
1024,433;38,12563357;52,84258807;48,25174302
1024,970;47,09967018;58,67355702;32,34501414
1025,507;48,81989258;55,3359702;28,43078966
1026,044;45,98774058;50,49437806;32,49436361
1026,581;47,51732875;47,15850835;29,21950246
1027,118;50,47737336;50,65878461;20,98677001
1027,654;47,64081041;48,09286698;25,28839064
1028,191;50,70168109;53,73961374;12,44054035
1028,728;52,39444166;49,74802882;11,91358171
1029,264;51,78173524;45,97378336;3,951775841
1029,801;52,38407326;51,74672595;14,55032519
1030,338;51,6210804;50,23962034;27,3309204
1030,874;52,25139422;54,56763582;23,00635252
1031,410;48,88827062;56,85968711;31,48049136
1031,947;45,21461183;53,70370297;39,41018776
1032,483;43,97173243;57,76592582;28,51544727
1033,019;42,88758641;55,16057064;39,55412465
1033,556;40,1075573;58,3672796;41,78034321
1034,092;40,03711007;66,96304341;46,15712704
1034,628;38,5418295;59,66751478;47,57749714
1035,164;44,68881692;61,26878129;45,91736181
1035,700;44,89028631;61,30117845;45,41815654
1036,236;48,51413979;56,6984025;39,21012837
1036,772;52,38923945;56,8731639;32,61042445
1037,308;51,00209562;49,176302;48,67208766
1037,844;48,85696536;48,12030259;47,94286148
1038,379;51,43819216;45,3416161;45,00258737
1038,915;50,23306613;40,39542944;43,08923895
1039,451;46,39341848;44,03669585;49,21621042
1039,986;41,31187099;44,13641526;40,93453141
1040,522;38,64769694;42,72694247;42,03379875
1041,057;43,62744902;50,69210927;35,41450978
1041,593;37,45372518;45,70799601;38,37620735
1042,128;43,23341034;56,94650964;32,15170952
1042,663;44,555339;57,72225018;31,62084068
1043,198;42,46575452;66,33061062;29,55629711
1043,734;44,82001129;65,41820636;24,74377559
1044,269;40,45454552;58,6383991;24,58352211
1044,804;44,93647142;62,08701089;20,73361875
1045,339;47,02206482;68,85524798;21,03976917
1045,874;35,58659355;67,10526477;30,44955675
1046,409;39,51201877;70,14980463;24,38391712
1046,944;38,30944932;69,22312975;23,38138794
1047,479;39,38718548;62,30418523;16,91555356
1048,013;41,37434991;51,47829472;11,3787398
1048,548;33,73031098;45,28970298;9,727275323
1049,083;37,57496367;50,65143391;13,35974998
1049,618;37,1871268;48,02459633;21,44816095
1050,152;35,3077441;35,94880297;24,44826723
1050,687;35,28907313;36,64818432;16,7622865
1051,221;32,88872723;33,47716727;22,62569984
1051,755;26,84354157;30,52771093;18,738831
1052,290;26,44050546;35,57879891;26,41898933
1052,824;24,3418676;36,681715;23,93631054
1053,358;31,06694434;45,27468066;28,57516329
1053,893;29,34821756;44,74348154;13,06546665
1054,427;30,22763505;45,50332503;16,68472591
1054,961;37,94522913;55,58905801;22,77227624
1055,495;28,71698067;43,22966698;37,67084297
1056,029;28,92815924;44,84637973;39,24551246
1056,563;29,56571029;37,10598039;47,05882529
1057,097;35,09807974;45,2424167;37,58112203
1057,630;27,18655872;42,9026247;34,17508484
1058,164;17,91146515;30,58419128;32,92181335
1058,698;19,55399069;40,2910202;55,27505242
1059,232;11,69180883;37,89141236;31,49028096
1059,765;4,833752147;28,26145605;25,04440518
1060,299;13,25796504;42,97829892;16,88311647
1060,832;17,57897306;49,76779932;22,45626584
1061,366;15,59205612;50,02391309;12,06325902
1061,899;13,30586554;40,24295642;15,18386655
1062,432;17,22310592;47,0171315;22,66243903
1062,966;14,54406538;53,30930051;31,8214313
1063,499;16,20802849;45,39154698;15,52927007
1064,032;11,14956828;49,83073295;31,66514942
1064,565;13,3982385;69,89835856;14,53274616
1065,098;24,28705134;61,79695864;15,26470552
1065,631;17,89737196;50,01655068;2,603174008
1066,164;19,79967373;47,38980956;-7,680432361
1066,697;11,02733215;41,56607242;12,66409195
1067,230;11,14273288;40,89189253;25,74257406
1067,763;17,60772629;43,40068224;17,0677377
1068,296;9,798995205;44,31694066;38,08065268
1068,828;23,43821322;46,41115199;33,43035115
1069,361;13,05501885;39,61023896;44,21285828
1069,894;7,776365693;43,0501931;35,47031306
1070,426;10,96480749;51,18070878;59,36578208
1070,959;10,15452508;58,37424812;64,83350449
1071,491;11,81863221;50,5503131;48,57759031
1072,023;19,13022224;58,88423697;37,68932692
1072,556;11,94163916;56,8730901;43,28593793
1073,088;18,75647766;49,19458178;20,54012998
1073,620;15,48821614;44,25956915;24,3717419
1074,152;29,85873301;47,79373851;26,00405448
1074,684;31,6711847;34,91777841;33,70309931
1075,217;41,25551427;30,32433722;33,76733442
1075,749;48,49794016;29,44183974;41,9022379
1076,280;51,65751112;49,2794748;39,09171842
1076,812;50,44232015;45,61757382;39,95759079
1077,344;56,19491863;45,03510363;32,00120236
1077,876;56,98845737;51,66409566;42,03334216
1078,408;57,74647929;49,00904939;36,39988711
1078,939;49,38745545;41,24912599;38,94268675
1079,471;47,27488141;53,10376048;27,05998585
1080,002;39,01541556;55,73377872;24,68168628
1080,534;41,69211433;66,44059267;12,90627986
1081,065;40,58219238;55,31341872;16,93259493
1081,597;37,99668692;48,83720972;3,985931816
1082,128;32,91219334;48,3811052;6,096255771
1082,660;26,36894197;44,34351837;-10,20833503
1083,191;20,99583139;35,87145425;0,624349078
1083,722;31,61072285;47,7853044;0,521999091
1084,253;23,87044103;41,49330327;2,489177287
1084,784;22,28692447;36,63616215;-28,07323453
1085,315;18,82417777;23,12768039;-65,73816307
1085,846;22,65110756;23,09392288;-228,5377376
1086,377;30,91445564;19,1011246;-129,6502304
1086,908;37,25106001;10,68952932;-147,4001531
1087,439;52,25283579;1,606287887;-107,0270336
1087,969;49,15798051;17,02388238;-97,83228557
1088,500;35,07270957;-11,28684497;-154,4658603
1089,031;45,08566229;-16,7460632;-135,090765
1089,561;42,20543715;-8,893456141;-57,8367865
1090,092;33,62095475;-13,50812104;-76,86223032
1090,622;23,24510786;-12,25490298;-34,31310074
1091,153;26,68420925;-11,70971736;-27,59433956
1091,683;28,67554539;-5,056604204;2,116402157
1092,213;25,16331895;-0,467981258;23,71655962
1092,744;19,12839228;-8,240469544;33,81000781
1093,274;33,710351;8,344198506;-1,488980955
1093,804;27,64246242;5,977840733;6,258149702
1094,334;36,56628058;24,40123965;-32,12795359
1094,864;36,5679481;29,17312652;-15,35483831
1095,394;32,97286225;29,17653946;-40,87345846
1095,924;24,91386742;28,43195311;-69,61178158
1096,454;24,60117499;23,94028104;-88,27913449
1096,984;19,8289904;28,09488563;-70,49180251
1097,514;28,17827129;40,12505354;-86,36652122
1098,043;22,80530793;38,42612038;-51,66666572
1098,573;26,33860893;46,25110967;-56,57216279
1099,103;22,25399128;33,85243848;-49,02624715
1099,632;20,90446111;36,5601497;-17,23666181
1100,161;29,73655569;37,84130887;26,14475517
