Filename-->;FLOR_ROSA_1.RFL8;FLOR_ROSA_2.RFL8;FLOR_ROSA_3.RFL8
Mode/Unit-->;;;
Int.time[ms]-->;1,049999952;1,049999952;1,049999952
NrOfAverages-->;20;20;20
Smoothing-->;4;4;4
Wavelength [nm];;;
172,206;12,72727261;14,39868329;16,79717936
172,805;7,516891957;22,06477587;16,62108851
173,404;5,509451888;20,39703527;15,82753961
174,003;7,778205558;18,4769035;17,5629008
174,602;12,05217473;17,52101506;22,24025899
175,201;4,249624115;23,15343063;32,24785172
175,800;10,2128399;23,01874561;33,20754519
176,398;13,28461676;26,14413625;33,63123162
176,997;17,42537227;30,13795569;37,23047355
177,596;19,26131035;31,27842058;34,71706251
178,195;14,47148508;22,16721664;34,23067743
178,793;14,26661654;23,05624707;35,22669098
179,392;10,0244488;19,23159877;29,76252106
179,991;1,315248587;29,39790202;26,90677828
180,589;3,099885132;27,86370964;17,11335082
181,188;-5,154639149;25,36035095;18,30369387
181,786;-2,285318829;21,04380624;13,78068031
182,385;-9,950000085;14,78889091;7,733452156
182,983;-16,46116029;-12,41726326;5,066665495
183,581;-2,0024636;1,035397544;11,58637016
184,180;-11,19781324;-5,385655967;6,269270003
184,778;-6,928764642;9,215407336;8,472464571
185,377;-14,37674355;-8,81908661;1,780415777
185,975;-6,792804507;1,145988329;8,467927083
186,573;-11,07078228;-0,892133289;-4,915763208
187,171;-24,46351853;2,375170213;-14,20197015
187,770;-8,556760588;9,933318299;-1,06485927
188,368;-22,10357806;18,47752223;-5,386666571
188,966;-17,67764342;16,78372471;-13,99680743
189,564;-13,63193768;20,73354925;-17,24307079
190,162;-14,289295;9,097112282;-22,49357213
190,760;-12,15574586;16,15212435;-23,99660792
191,358;-12,43295995;10,20062534;-30,28744438
191,956;-14,19126231;-5,286342817;-38,21299079
192,554;-11,60166955;-2,255279622;-30,87689278
193,152;-32,24637392;-16,13285766;-61,58717861
193,750;-13,65461955;-10,00581866;-41,18565029
194,348;-19,34144993;-9,801252072;-35,24854688
194,946;-23,75135628;-16,79853884;-17,30708843
195,543;-37,89263375;-7,513839944;-8,253135411
196,141;-32,20228394;-18,10810913;-11,07266588
196,739;-31,31348709;-11,23110255;-5,962428778
197,337;-18,69975597;3,527874082;7,870259335
197,934;-3,827227674;11,12497459;22,72941179
198,532;-1,778496482;12,85132377;20,14264033
199,130;-4,915662651;12,8307935;16,14401755
199,727;1,061728388;15,84564824;23,16729357
200,325;1,471635432;13,68780716;16,37930999
200,922;7,599269779;11,64427435;13,45454483
201,520;-2,956003857;13,93980568;14,19270765
202,117;-7,439365252;12,90397126;9,395277341
202,715;-7,204189109;11,27950227;0,543167427
203,312;-14,32285513;3,731342806;-2,199074787
203,909;-15,73886591;-0,053049965;5,604363038
204,507;-7,422096919;3,269537769;8,953997267
205,104;-14,16377808;-0,63971318;9,160303289
205,701;-14,2181349;6,318681006;20,1666268
206,298;-12,09742953;9,139287291;18,02160403
206,896;-1,608785073;8,653026056;28,06641604
207,493;3,05738509;8,308543095;31,18653322
208,090;9,104046043;13,24803919;39,4534161
208,687;10,20137907;8,639562395;26,76837679
209,284;2,404304622;7,536876326;7,355345122
209,881;-5,607750183;2,958936876;14,83154006
210,478;-10,61130621;-2,572275234;-1,285140471
211,075;-10,33717864;-3,816975027;-21,24304333
211,672;2,698411352;-4,737926727;-0,851789155
212,269;22,14381648;8,918158927;10,01092084
212,866;35,42124185;8,393482741;16,82593948
213,463;29,55664699;1,909568965;5,070546547
214,060;23,03271937;-4,392312183;-5,012045045
214,657;28,04612015;-10,7273558;3,002661502
215,253;30,61071797;-13,46202727;-14,22037488
215,850;32,54021631;-10,4558869;-4,019238223
216,447;35,49214432;-7,185629586;-8,246073773
217,044;29,05547507;-3,826699098;-20,5152962
217,640;14,78079021;-26,90408136;-51,12876505
218,237;-2,687523007;-32,18523837;-73,07194556
218,833;4,810125451;-25,42005634;-44,69847493
219,430;11,23698707;-1,219220501;-23,84512828
220,026;30,50953488;12,48849981;-6,869317081
220,623;21,48972675;15,02266357;-0,604370153
221,219;16,82327949;20,33783849;-4,683329705
221,816;16,478614;15,9047818;1,79340005
222,412;22,50087116;9,525930343;6,679620422
223,009;14,687023;16,89679372;2,568936956
223,605;25,03897726;21,15773064;16,70839922
224,201;25,07866638;18,62393483;12,48077835
224,798;29,52041361;10,35160541;22,63029975
225,394;2,18013008;-1,267033687;10,55078684
225,990;1,015625175;-12,66275154;0
226,586;-3,906248974;-16,82595534;-10,26269634
227,182;-3,735632955;-16,66666703;-0,914205495
227,778;6,206712049;-3,854927463;2,208834652
228,374;16,84491938;5,181873849;25,5506609
228,971;4,318860941;3,60093292;20,49016683
229,567;-6,004902237;1,56569038;31,62170125
230,163;-2,493530999;-6,269367914;27,05354916
230,758;0,569865318;1,893203065;32,91518939
231,354;5,343992991;10,95406365;43,69318096
231,950;6,11541814;2,803010668;52,90463016
232,546;7,004132453;9,981368521;57,20692289
233,142;1,666666438;6,274627703;61,45647993
233,738;0,198118408;-7,534677274;46,66666424
234,334;0,657713836;-9,889066487;50,88532622
234,929;13,01495554;4,129405501;43,90243864
235,525;5,449190466;11,72222299;45,8536633
236,121;12,54786404;16,89930181;46,14280609
236,716;9,166154586;19,23076764;38,6789263
237,312;26,05960148;25,4553337;40,53217818
237,907;28,73524619;19,42533418;36,54791192
238,503;15,03046608;13,58643354;31,57090519
239,099;0,457746542;16,10085336;30,00739219
239,694;7,05550419;21,30343461;26,10258177
240,289;5,32560715;21,03228116;20,94455878
240,885;-3,323262313;15,26295024;10,35885863
241,480;-21,3595013;-0,771705317;-7,354119295
242,076;-25,40250474;-3,892842336;-13,19901231
242,671;-41,81326531;-8,722881985;-14,50883929
243,266;-51,50957086;-12,46228873;-14,62734273
243,861;-36,95045374;-7,656145173;0,734266515
244,457;-46,5874283;-17,8290648;-27,85494004
245,052;-31,096909;-23,1040072;-27,34428456
245,647;-35,02024246;-22,46168542;-17,19723298
246,242;-20,26902948;-15,10988932;-0,167279394
246,837;-0,537795821;-3,225806813;8,770421736
247,432;3,470032217;7,395418642;22,78761186
248,027;1,062175884;10,61234961;20,12717797
248,622;1,097664142;8,737596928;18,477628
249,217;-5,215879219;6,257413779;13,4004893
249,812;18,85800179;20,21531188;38,10747827
250,407;17,27425606;27,17638319;45,78313539
251,002;10,35460964;23,47229984;32,43014238
251,597;12,03971763;18,36027649;20,96057642
252,192;-1,647874857;10,87657517;25,750942
252,786;-7,188431848;5,43326895;14,80331237
253,381;15,96226287;8,273776594;15,57828324
253,976;5,16739451;12,10407136;15,30302947
254,571;6,599176347;14,11621574;18,33403236
255,165;0,819966134;16,96123051;30,15475011
255,760;1,675106183;-1,518371676;14,63223768
256,354;3,808012317;-0,672833643;7,03971203
256,949;7,208805521;0,159362395;9,987632312
257,543;13,87742178;7,565708441;10,77142758
258,138;11,70714133;-8,41829992;17,81970729
258,732;0,216920774;-5,931002124;26,22668772
259,327;23,38677958;-4,066161363;26,94300396
259,921;21,80660522;-0,810627474;22,21891883
260,515;-0,054496644;-20,22439614;0,782919413
261,110;-2,618242016;-17,01398837;6,539195461
261,704;0,16286583;-3,610629508;32,82031525
262,298;-1,377764133;6,377929439;41,60583845
262,893;6,002972624;14,82914063;47,93529323
263,487;9,856434075;22,93057303;37,26435742
264,081;19,7899646;23,69240142;34,90380577
264,675;12,18497729;25,60250526;34,96688773
265,269;15,2959684;6,559572873;29,07268433
265,863;18,59578264;12,21575897;28,98751919
266,457;12,05760297;18,94143001;31,49441275
267,051;9,249215506;7,45033082;14,81339207
267,645;3,591952535;2,376861226;11,10694214
268,239;-4,406131644;-8,983269357;1,877396682
268,833;0,089794672;-4,621953442;13,05073304
269,427;-8,875191658;-0,669809377;2,021933359
270,021;-4,018216707;-5,163636569;7,446468837
270,614;0,554657268;15,78062606;13,16010131
271,208;-3,918990281;18,39855848;13,7353955
271,802;4,345772644;23,48296017;5,884287343
272,396;13,95405736;20,40611272;13,95500527
272,989;19,74490939;23,18597216;18,05638977
273,583;21,19205172;34,33779847;23,77721328
274,177;19,31101301;33,28979269;14,76676794
274,770;10,84771934;28,14589631;22,17274991
275,364;9,89770593;26,12954804;13,93345294
275,957;6,248302725;16,56077085;14,73684397
276,551;2,328805366;16,67017122;32,14395563
277,144;5,779055074;8,481840541;44,83496315
277,737;4,901645047;17,84881065;41,40290832
278,331;-8,386409813;4,474217306;36,6493749
278,924;-13,46284937;-3,914680634;36,57862071
279,517;-12,3201999;-5,385171946;47,46389125
280,111;-18,68131809;-2,960753015;43,76535977
280,704;1,883052156;9,545855763;44,78183149
281,297;-3,487178563;10,88709672;50,56702598
281,890;4,803396901;11,58733721;33,16818151
282,483;6,774457431;20,70622662;28,40332273
283,077;1,09994312;17,0395876;22,56689611
283,670;2,23055301;22,74087477;28,0163597
284,263;-0,63787121;21,58079919;26,99080109
284,856;1,666005701;23,69057086;21,89819759
285,449;10,52737082;31,11296796;21,71085552
286,042;0,858369323;29,61625419;15,32663304
286,634;9,444444472;34,3487862;14,90241194
287,227;-11,37687727;28,05055999;7,341518533
287,820;-19,88031998;17,01642413;-4,357035935
288,413;-18,16269382;15,28254252;5,012077068
289,006;-9,964867261;17,64411074;8,700598758
289,599;-14,50756022;10,25319558;5,406927124
290,191;-9,884873421;10,10233536;14,93368623
290,784;-7,876137556;10,38589768;24,20826543
291,377;-13,49593555;8,50058943;31,07101716
291,969;-49,21905084;-4,769517167;22,66330125
292,562;-15,56821152;3,36457727;32,82732858
293,154;-24,17895131;4,456192358;37,739462
293,747;-24,68796816;7,963735242;38,62226703
294,339;-45,39877067;-1,231154935;16,60900072
294,932;-37,00105276;1,513738327;6,510718263
295,524;-41,41570211;3,126917618;-4,722637239
296,116;-46,2607734;4,134531335;-28,20186678
296,709;-41,34715044;0,95984267;-25,09104116
297,301;-28,39215763;4,290868108;-13,904267
297,893;-37,93103336;6,259219112;-20,762998
298,486;-25,18732115;0,69105563;-12,07111761
299,078;-17,58620839;10,89332792;-6,28825872
299,670;-0,757934564;20,56762232;8,405729423
300,262;-1,218084074;22,67462843;11,42517714
300,854;-1,582733376;27,70563105;14,07951508
301,446;-1,863498615;20,54931779;16,2322288
302,038;-11,29441408;13,7887146;8,596786062
302,630;-12,79176148;15,27446154;1,733295146
303,222;-0,334448794;12,80619581;15,26429395
303,814;-7,876631668;19,52273864;16,3757689
304,406;-14,50216482;10,07681015;8,859762851
304,998;-9,619283637;13,15188743;17,43052329
305,590;-4,717422041;17,71231156;21,83268686
306,182;-8,174511624;13,35098386;15,18049329
306,773;-16,63638748;11,01391596;19,67975135
307,365;-22,75915794;18,68707255;14,56264798
307,957;-11,23413508;25,6184488;15,69368965
308,549;-13,78482258;31,31270066;14,26897908
309,140;-9,719710905;30,35294307;9,880314815
309,732;-11,75796464;19,97481031;2,06659057
310,323;-26,74973441;14,73653805;-3,007999036
310,915;-30,14285793;7,694416037;-4,690966808
311,506;-28,60721468;10,31367379;3,86922369
312,098;-34,82470148;9,773507984;-14,59407311
312,689;-17,50388405;12,50281478;3,83026628
313,281;-21,82410418;9,907784195;13,36420797
313,872;-22,67720386;13,40026291;9,897809854
314,463;-20,56451567;18,86623334;10,37424284
315,055;-10,74891631;26,37520595;31,96151794
315,646;-12,07230477;21,66966214;25,40644935
316,237;-13,19883361;24,30870762;27,0547934
316,828;-21,17560269;20,85393242;21,44020819
317,420;-7,411188443;24,12946391;28,91036947
318,011;-15,82240187;19,81132218;16,10908128
318,602;-19,50457586;9,052368173;23,54532884
319,193;-21,70651553;3,864983928;29,36249963
319,784;-27,83171722;-4,11239072;17,78975706
320,375;-35,28437328;0,495337108;9,468637712
320,966;-41,1612937;-14,51104286;-6,373429776
321,557;-39,82501804;-21,73358844;-17,12607741
322,148;-28,85572215;-16,7554761;-14,47216763
322,738;-34,43380369;-8,838866982;-14,52167822
323,329;-13,1702416;1,185476794;-0,654957886
323,920;0,652528854;9,973877488;-0,451241558
324,511;12,66688284;0,557581055;-5,207836576
325,102;9,055705653;-2,622878488;4,381305784
325,692;1,961986321;-7,248843447;-8,882611102
326,283;4,993288271;2,994413103;-5,023500943
326,874;8,055555628;6,139593646;0,091378444
327,464;18,21314236;14,65989825;10,34968927
328,055;24,63698941;5,283098467;11,78430667
328,645;15,72265624;-8,534323518;10,37767781
329,236;13,2061464;-22,09767883;-0,147165833
329,826;1,573150036;-15,7431095;9,090909382
330,417;0,978981368;-12,55676996;-0,385975813
331,007;6,536819739;-5,653066093;6,681459763
331,597;17,93960867;-1,263924952;14,12131399
332,188;10,95160925;6,952099118;10,64501538
332,778;-2,528167868;-6,758977122;7,009464651
333,368;-21,04926506;1,945160404;7,604469669
333,958;-25,06345331;7,989636042;7,962747763
334,548;-28,81248163;12,97234191;17,9074003
335,139;-37,23302674;13,24701296;14,69557531
335,729;-36,52579575;13,18454726;14,67128174
336,319;-34,91505477;2,412722572;3,21390922
336,909;-50,69836721;-7,467144853;2,059972399
337,499;-50,72379695;-12,61855651;-0,772296574
338,089;-37,0150025;-10,13013032;3,771346643
338,679;-21,66547244;-9,227871192;6,668313044
339,269;-29,27984096;-9,217465286;5,111908724
339,858;-29,89463371;-3,719097549;-3,347396931
340,448;-29,43901318;-11,66477966;-10,59972141
341,038;-21,72920889;-9,261060747;-10,44776307
341,628;-25,52045183;4,537691826;2,573226703
342,218;-23,50039063;14,25426418;2,448745673
342,807;-18,10666608;15,64161014;9,918031691
343,397;-11,33280221;12,85084488;16,64145237
343,986;-14,66476407;5,321565372;4,170029638
344,576;3,139913446;10,00218907;2,898550155
345,166;5,334335358;4,717411459;2,218614103
345,755;10,33647916;8,329753984;2,896965309
346,345;10,34569147;6,676557753;4,957806588
346,934;12,3479159;-3,845384155;10,25859513
347,523;7,871865672;0,228712214;21,9356624
348,113;2,850354844;-4,168953059;28,90156303
348,702;3,703703782;7,954957905;26,59607834
349,292;-0,814521617;10,90846003;45,78447734
349,881;-7,65838929;6,178832287;47,4523934
350,470;0,683722893;5,370705519;49,50992585
351,059;-10,03959945;7,986456598;52,52497802
351,648;-19,93785434;1,559068993;58,2483537
352,238;-21,87825221;12,61140801;47,10790071
352,827;-11,57789411;8,870255941;44,20113543
353,416;-2,436902001;11,10657425;36,04258843
354,005;-14,11154367;3,139718074;33,12746902
354,594;-14,00437641;2,279019612;35,59409831
355,183;-1,101992609;9,637422753;33,7044759
355,772;-16,02418738;11,20287308;27,77260067
356,361;-5,288932372;10,70629648;33,90218357
356,949;-0,197758542;13,29512876;29,60072655
357,538;7,138384483;8,958205268;29,15795586
358,127;12,41227197;10,87284878;29,46708445
358,716;10,95196119;18,23694766;37,65522371
359,304;15,93724117;15,31052275;29,82334602
359,893;11,4981115;16,40364951;25,76836162
360,482;-2,171503994;8,037530333;17,3793395
361,070;0,453857344;3,698959104;28,65168461
361,659;4,774755735;8,567183832;20,18161267
362,247;11,4035081;9,118593486;31,58426016
362,836;8,458754599;14,82151006;41,59210741
363,424;6,905324143;17,32730955;40,20732281
364,013;3,685276661;7,349912388;35,05544207
364,601;1,131434778;10,40760372;45,4850537
365,190;-0,586280485;11,69251694;36,59466513
365,778;-4,731018867;13,11503546;36,89293205
366,366;0,187090021;12,86184778;21,26789387
366,955;-5,861393634;6,135389551;30,48419112
367,543;-7,575517433;10,52977898;21,05493487
368,131;-11,16003323;4,500915271;11,42495883
368,719;-12,74711242;0,214806481;6,742678205
369,307;-6,432021326;0,189422813;5,071500503
369,895;-6,540057747;-3,678930335;1,923076318
370,483;-0,999999381;-3,988888817;5,844557519
371,071;2,264434234;-2,796705638;4,054812252
371,659;1,914566941;3,226917185;8,949635197
372,247;4,383646778;4,706830125;7,12805024
372,835;3,909827508;2,980366917;7,073576923
373,423;3,172773211;1,717028726;4,340144238
374,011;-0,415205794;-0,069221337;2,892259792
374,599;-2,046675153;1,993200079;3,3071973
375,186;-0,568465527;3,767448849;3,363736029
375,774;-0,953496866;3,355896636;2,021787629
376,362;-1,594887156;3,25312695;2,128492582
376,950;-1,91464088;2,005150554;0,318575361
377,537;-2,542021562;1,403650237;-0,796031061
378,125;-2,38021841;0,101601193;-1,239009707
378,712;-2,188250254;0,035186483;-0,745297951
379,300;-2,177332351;-0,495318283;-1,462717261
379,887;-1,97264224;-1,454116069;-1,572507309
380,475;-2,470375183;-1,941683863;-1,705031238
381,062;-1,699639886;-1,286933758;-1,203966009
381,650;-1,335392998;-1,198833839;-0,696754407
382,237;-1,365783964;-1,774446097;-0,079523837
382,824;-1,226483539;-1,961255914;0,468589929
383,411;-0,708801154;-1,226498569;0,925033006
383,999;-1,061105441;-1,436805995;0,440336845
384,586;-0,008871665;-0,594211126;1,060770603
385,173;0,1370701;-0,467250463;0,903416015
385,760;0,322765647;-0,401040737;1,009500602
386,347;0,233254755;-0,489439579;0,986074786
386,934;0,340524136;-0,556852117;1,017956753
387,521;0,287088433;-0,343667476;0,65754238
388,108;0,294851194;-0,079749013;0,74774656
388,695;0,369881026;0,162636467;0,743977616
389,282;0,937946998;0,745303099;1,325820499
389,869;0,985248446;0,782282837;1,549915095
390,456;0,908473803;0,786855532;1,473004139
391,043;0,942904931;0,784959528;1,640216425
391,630;1,022209286;0,759802485;1,705028155
392,216;1,121154384;0,908980667;1,676971604
392,803;1,765512631;1,437657034;2,3118854
393,390;2,007023553;1,583457254;2,530132863
393,976;2,005762929;1,783250459;2,725263433
394,563;2,08626421;1,906361414;2,574000585
395,149;1,934586242;1,912816809;2,114567217
395,736;2,132262484;2,340634874;2,462958668
396,322;2,290054216;2,648733988;2,488113287
396,909;2,275862536;2,754436111;2,559834357
397,495;2,71014453;3,042083245;2,798807779
398,082;2,791467015;2,965869357;2,805164821
398,668;2,998680631;3,101229789;2,953945873
399,254;3,107585682;3,16774171;2,923819843
399,841;3,31373142;3,202406143;3,139500766
400,427;3,479624912;3,389896159;3,458164634
401,013;3,830085218;3,550821109;3,71960078
401,599;4,101526653;3,890680132;3,95729763
402,185;4,478461114;4,147551672;4,338124779
402,771;4,713358098;4,421438085;4,733039704
403,357;4,852516522;4,870545785;4,953373292
403,943;5,045070487;5,196437119;5,196623781
404,529;5,176100826;5,430773108;5,634832033
405,115;5,49484051;5,794620208;5,992778308
405,701;5,962125864;6,199808474;6,33591494
406,287;6,21801166;6,509224848;6,608124845
406,873;6,584324086;6,645765063;7,027536211
407,459;6,815495921;7,041516629;7,312847046
408,044;7,238485073;7,413182158;7,396748176
408,630;7,475215397;7,669083885;7,770786715
409,216;7,772022267;7,748726362;7,938922646
409,802;8,194132517;8,103390671;8,186181234
410,387;8,473715005;8,362919477;8,383196059
410,973;8,774221284;8,709677092;8,801768212
411,558;9,013354906;9,115323809;9,18683436
412,144;9,271369795;9,526831091;9,498103586
412,729;9,66334488;9,812154449;9,891004361
413,315;9,56853333;10,01099209;10,14847012
413,900;9,981680796;10,43794346;10,5836033
414,485;10,31541043;11,07750231;11,09944599
415,071;10,64800584;11,47761437;11,48868371
415,656;10,79447809;11,7567628;11,92018575
416,241;11,05127171;11,95519583;12,22974959
416,827;11,53505221;12,40984126;12,6966177
417,412;11,80218118;12,68297846;12,96098952
417,997;11,89910704;13,01250795;13,20192659
418,582;12,4288637;13,42772505;13,59397263
419,167;12,49226865;13,59717211;13,78997945
419,752;12,85356017;13,86285203;14,18263789
420,337;13,08866239;14,13350481;14,46272613
420,922;13,32724341;14,49156327;14,72839667
421,507;13,4632085;14,80352718;14,9632632
422,092;13,54537955;14,72142454;15,03055579
422,677;13,67047297;14,96738321;15,20097113
423,261;13,91655271;15,13962538;15,27004694
423,846;13,88264789;15,19318473;15,39619667
424,431;14,17420401;15,371278;15,64188831
425,016;14,14056704;15,4907667;15,64942503
425,600;14,23431622;15,55470501;15,78416111
426,185;14,42995231;15,79702687;15,88417517
426,770;14,64082624;15,82214565;16,00306028
427,354;14,71685152;16,06116946;16,06678856
427,939;14,77911083;16,13079411;16,24117865
428,523;15,04120029;16,3075843;16,60399102
429,108;15,25148307;16,61645961;16,87209248
429,692;15,44487523;16,74179006;17,01758585
430,276;15,69648886;16,748801;17,08281913
430,861;15,89493539;16,84382569;17,12333832
431,445;15,94085825;16,84207991;17,23338033
432,029;15,86730159;17,11460448;17,39368941
432,613;16,03320038;17,16183075;17,66622825
433,198;16,11717171;17,27591436;17,79009382
433,782;16,14033951;17,18903686;17,74256224
434,366;16,16851469;17,07623897;17,80167371
434,950;16,17918675;17,20043982;17,84490275
435,534;16,22963789;17,31860036;17,93966272
436,118;16,32729563;17,40718922;17,92624148
436,702;16,29840991;17,35935863;17,89037017
437,286;16,46306224;17,30513028;17,99739558
437,870;16,41229369;17,44105743;17,97276099
438,454;16,3920115;17,37421225;17,98200272
439,038;16,40588424;17,53206536;18,1603884
439,621;16,45867444;17,62427913;18,24363042
440,205;16,49400158;17,65328756;18,32134305
440,789;16,52218313;17,67316667;18,41564822
441,372;16,46226164;17,72129028;18,50214476
441,956;16,65186374;17,83691718;18,7144708
442,540;16,63567705;17,85775241;18,61026731
443,123;16,55164989;17,75270818;18,56647573
443,707;16,66731792;17,86442417;18,62037095
444,290;16,70981247;17,7294001;18,62593119
444,874;16,80322897;17,83908984;18,5132077
445,457;16,83476573;17,90179469;18,35983294
446,040;16,86947231;17,92477373;18,39465252
446,624;16,93036655;17,90857092;18,35704625
447,207;16,88329281;17,99568418;18,34697063
447,790;16,95135789;18,09316835;18,4579141
448,374;17,03954912;18,17616334;18,48928885
448,957;17,0918159;18,19567052;18,45921246
449,540;16,97320978;18,23890859;18,43751907
450,123;16,86474061;18,11067515;18,45574179
450,706;16,88876235;18,02370035;18,62032094
451,289;16,84233352;18,03476242;18,60570592
451,872;16,81399414;17,99075709;18,64319029
452,455;16,7361945;17,867568;18,55058138
453,038;16,60702222;17,83600382;18,49179959
453,621;16,57956752;17,81839825;18,50426008
454,204;16,43126618;17,7007215;18,48594614
454,787;16,57021024;17,76613559;18,44882532
455,369;16,6363406;17,84217102;18,51195835
455,952;16,58728091;17,9360311;18,47805506
456,535;16,59370895;17,92395082;18,37472161
457,117;16,48596204;17,98240609;18,3020005
457,700;16,44738548;18,02085214;18,32606893
458,283;16,54733028;17,9422775;18,27607744
458,865;16,48742484;17,80487457;18,09799003
459,448;16,52437293;17,84505912;18,13669542
460,030;16,33887218;17,8685079;18,14345687
460,613;16,32314815;17,76122261;18,09409871
461,195;16,31318936;17,67024025;18,01517633
461,777;16,2217993;17,59160955;18,02424101
462,360;16,23561309;17,54797865;18,04342278
462,942;16,25780697;17,44264846;17,96257796
463,524;16,15795793;17,37108687;17,92517359
464,107;16,17464688;17,36859186;18,0018296
464,689;16,08399031;17,29971349;17,97875814
465,271;16,12450875;17,2254289;17,82626813
465,853;15,98717068;17,23456847;17,66762476
466,435;15,81465153;17,11243161;17,53495116
467,017;15,73620418;17,0083747;17,48389735
467,599;15,73186652;16,96454123;17,45697905
468,181;15,69688374;16,95762668;17,41425064
468,763;15,58100855;16,89588435;17,30072047
469,345;15,46420602;16,77376496;17,11572427
469,927;15,35196482;16,61223287;16,92137719
470,508;15,23870505;16,4739718;16,86630997
471,090;15,21903778;16,32120638;16,83262916
471,672;15,19879604;16,210885;16,67775723
472,254;15,13541473;16,16739729;16,52866529
472,835;14,98032146;15,95093484;16,42207169
473,417;14,79670485;15,72314996;16,32440719
473,998;14,64263196;15,58753213;16,21549858
474,580;14,5505045;15,58243064;16,17149837
475,161;14,43955764;15,52803352;16,07268352
475,743;14,30720237;15,37365673;15,8952
476,324;14,18619174;15,21847833;15,82257179
476,906;14,04824445;15,08196874;15,7773223
477,487;13,94261482;14,99247332;15,59488452
478,068;13,86687081;14,92110887;15,41461086
478,650;13,8246806;14,91724331;15,24530131
479,231;13,77957845;14,85213456;15,14836231
479,812;13,67447325;14,71671236;15,05076633
480,393;13,62430952;14,65276178;14,94406554
480,974;13,51269382;14,50037415;14,83881341
481,555;13,39608311;14,47654223;14,73482771
482,136;13,36081547;14,36834504;14,63344093
482,717;13,31425024;14,16271898;14,64807029
483,298;13,16194705;14,11114409;14,53367014
483,879;13,00506487;14,00146844;14,46563041
484,460;12,86572093;13,85676825;14,32467829
485,041;12,72577167;13,73028891;14,12041009
485,622;12,60152498;13,55516347;14,0630126
486,203;12,51952131;13,53884828;13,94149946
486,783;12,3429285;13,30359995;13,71831552
487,364;12,09384819;13,16429963;13,54854169
487,945;11,90867571;13,06840858;13,42949203
488,525;11,83879742;12,89816618;13,39663943
489,106;11,74053091;12,78816985;13,18129121
489,686;11,68475332;12,70624813;13,0565481
490,267;11,56177908;12,60561818;12,94674963
490,847;11,48683501;12,48783791;12,75268709
491,428;11,35127085;12,32644745;12,64347571
492,008;11,29163767;12,29382244;12,53560502
492,589;11,22269127;12,20547558;12,37663953
493,169;11,16235588;12,18428158;12,19403766
493,749;11,0134408;12,05546749;11,99466335
494,329;10,90310944;11,9283046;11,95844969
494,910;10,74813207;11,79253769;11,86790876
495,490;10,68396372;11,69214793;11,76368187
496,070;10,48485836;11,522717;11,62358108
496,650;10,41712846;11,44098001;11,54832315
497,230;10,23942491;11,32566973;11,43154286
497,810;10,13155618;11,23411722;11,3958298
498,390;9,936411858;11,07639802;11,25022626
498,970;9,851721618;10,95985423;11,17950497
499,550;9,741938822;10,79299982;11,07431189
500,130;9,572276873;10,67998019;10,98809107
500,709;9,387669167;10,44554487;10,89823564
501,289;9,252621493;10,34833628;10,78055315
501,869;9,037435669;10,18381832;10,57861942
502,449;8,959887179;10,10780011;10,56860687
503,028;8,879167539;10,05598861;10,45573601
503,608;8,740743934;9,888201495;10,31780313
504,188;8,556625171;9,730492556;10,13343855
504,767;8,509833582;9,646351874;10,02207616
505,347;8,310408194;9,504510678;9,879605827
505,926;8,249168021;9,428552142;9,776081005
506,505;8,195822376;9,300031125;9,703359719
507,085;8,168034173;9,293052404;9,710712781
507,664;8,065452759;9,165210499;9,551492232
508,243;7,950525568;8,960293367;9,403392485
508,823;7,871448338;8,918307041;9,369937797
509,402;7,881676346;8,920846121;9,372742723
509,981;7,739890228;8,863300029;9,241465332
510,560;7,784766233;8,807669451;9,20359107
511,139;7,637590351;8,72128179;9,063103853
511,719;7,559119317;8,677775506;8,890751678
512,298;7,353270514;8,474525227;8,735377617
512,877;7,270582274;8,38994446;8,615365865
513,456;7,167392148;8,26076537;8,535068985
514,034;7,116935597;8,073198567;8,400642356
514,613;6,912399121;7,934007574;8,245557442
515,192;6,811177673;7,802909246;8,172762897
515,771;6,779050185;7,710448076;8,013200653
516,350;6,772141987;7,633571119;8,051649739
516,928;6,704539447;7,584104939;8,047702577
517,507;6,676020595;7,471691706;7,906661816
518,086;6,601149285;7,332337182;7,850114705
518,664;6,506607604;7,269727465;7,742785971
519,243;6,402950156;7,273895088;7,742110848
519,821;6,429221141;7,178546783;7,667853433
520,400;6,324163799;7,0903902;7,590245503
520,978;6,20136863;6,979605426;7,496156134
521,557;6,106286636;6,957565967;7,322696879
522,135;6,038074667;6,852139446;7,244663071
522,714;5,975780034;6,876599768;7,260543239
523,292;5,873523574;6,718201076;7,125970968
523,870;5,851114113;6,740979777;7,126979623
524,448;5,810018659;6,633679329;7,022544894
525,026;5,661294674;6,584005252;7,001301518
525,605;5,623615322;6,543701134;6,944348223
526,183;5,518807621;6,485573074;6,83558811
526,761;5,336626413;6,270500379;6,724384948
527,339;5,179108303;6,215474202;6,617046956
527,917;5,086663842;6,117855165;6,498851919
528,495;5,016029168;6,182725695;6,439718483
529,073;4,867418874;6,101379731;6,296400451
529,650;4,830443163;6,065456289;6,24949693
530,228;4,784703207;5,990439738;6,138813714
530,806;4,696751088;6,018149964;6,051780446
531,384;4,723502527;6,028798889;6,073872026
531,962;4,778855613;6,04341377;6,038844267
532,539;4,730143713;5,973510033;5,940926242
533,117;4,655175914;5,868645582;5,87455346
533,694;4,592359598;5,772636233;5,8098857
534,272;4,573779205;5,658400958;5,853733227
534,849;4,505021318;5,52906499;5,758212648
535,427;4,483217307;5,523090906;5,697577872
536,004;4,52607312;5,398349695;5,668200191
536,582;4,423309197;5,279134746;5,552515734
537,159;4,302589257;5,222685254;5,4752778
537,736;4,283862719;5,156889862;5,45431158
538,314;4,33328969;5,096867759;5,453972251
538,891;4,316360694;5,026134318;5,426372592
539,468;4,24610812;4,962812339;5,352720872
540,045;4,236176007;4,984882644;5,275825636
540,622;4,19652823;4,954115961;5,228915385
541,199;4,090710589;4,794522756;5,172368427
541,776;4,05763651;4,705221893;5,167705706
542,353;4,020021494;4,69060364;5,125199065
542,930;4,018813005;4,676552649;5,118324671
543,507;3,921631083;4,636887363;5,034728884
544,084;3,908883716;4,664356636;5,036226662
544,661;3,888534409;4,68055137;4,97772894
545,238;3,800927453;4,596126071;5,011152144
545,815;3,705055049;4,546485888;4,97571035
546,391;3,617960555;4,607710274;4,892115205
546,968;3,5854652;4,616015123;4,834216324
547,545;3,604669545;4,618139992;4,864008708
548,121;3,539835541;4,587959382;4,835711233
548,698;3,558554885;4,588849025;4,849531108
549,274;3,470325948;4,493331746;4,759931067
549,851;3,491808048;4,422930421;4,713627957
550,427;3,46454393;4,417372932;4,678736077
551,004;3,503259875;4,370363775;4,685044641
551,580;3,484475628;4,313465311;4,716297407
552,156;3,475974184;4,296933522;4,74173434
552,732;3,425304302;4,257960579;4,709513974
553,309;3,47194785;4,26388763;4,731107808
553,885;3,434788443;4,265292282;4,714175906
554,461;3,476795456;4,332408918;4,788237703
555,037;3,456293232;4,369068082;4,807107232
555,613;3,443779497;4,386388829;4,796442583
556,189;3,433723656;4,333616115;4,690406321
556,765;3,489143458;4,324249873;4,628149966
557,341;3,459432185;4,253813105;4,586326202
557,917;3,510605462;4,235247596;4,542391616
558,493;3,486334931;4,218900567;4,531206042
559,069;3,52235198;4,198925811;4,508003734
559,645;3,546072478;4,098420587;4,411144475
560,220;3,520267904;4,100549357;4,369957369
560,796;3,530723626;4,092374585;4,374902964
561,372;3,543859383;4,14945086;4,502555379
561,948;3,522199702;4,159089651;4,507374802
562,523;3,6065693;4,226918634;4,558836078
563,099;3,578949097;4,295090142;4,647703704
563,674;3,585713082;4,291028028;4,636641938
564,250;3,564770737;4,283929775;4,616304877
564,825;3,538954626;4,321047378;4,651183588
565,400;3,59579878;4,364759888;4,649203819
565,976;3,664870266;4,402848314;4,684313444
566,551;3,68702802;4,417525703;4,716121394
567,126;3,759612392;4,536697187;4,840755917
567,702;3,761239986;4,637219488;4,878531227
568,277;3,885555867;4,626232703;4,888087046
568,852;3,889151012;4,621520816;4,912678911
569,427;3,970903274;4,677980537;5,025009999
570,002;3,967881581;4,69991601;5,048193084
570,577;3,996927775;4,659790065;5,161923126
571,152;4,075777353;4,734750787;5,223839785
571,727;4,108708669;4,822096508;5,259236103
572,302;4,158524445;4,814785844;5,285229825
572,877;4,208385395;4,809836801;5,31285363
573,452;4,197724532;4,919435427;5,415786503
574,026;4,302145414;5,028927069;5,470752666
574,601;4,309104968;5,095645714;5,536606098
575,176;4,481625404;5,275820571;5,673395377
575,751;4,514276646;5,412620724;5,743787833
576,325;4,489825617;5,409627041;5,778998996
576,900;4,570796665;5,505067907;5,869725431
577,474;4,631558473;5,655824784;5,991366878
578,049;4,723378348;5,79890171;6,129632599
578,623;4,820328557;5,840315026;6,177899885
579,198;4,847254526;5,909465921;6,268452826
579,772;4,916920395;6,048354422;6,343523397
580,346;4,970713492;6,116853573;6,477217068
580,921;5,164382171;6,266025685;6,591427857
581,495;5,302380463;6,435556908;6,716751734
582,069;5,397891405;6,492780632;6,848619711
582,643;5,474494094;6,606254006;6,989108983
583,218;5,597615559;6,775715076;7,152048397
583,792;5,751915133;6,969953556;7,300068317
584,366;5,977599458;7,199975063;7,523273986
584,940;6,139602737;7,402791795;7,739067952
585,514;6,245484333;7,584098261;7,944239783
586,088;6,40939841;7,744122626;8,194345353
586,662;6,608458222;7,968476038;8,467748604
587,235;6,805680371;8,25708007;8,64230217
587,809;7,035830715;8,416072689;8,819180631
588,383;7,205793305;8,473807337;9,003908456
588,957;7,406632967;8,745359265;9,225780242
589,530;7,590752717;8,934996019;9,441138669
590,104;7,89889632;9,051105651;9,730232085
590,678;8,127990394;9,254228029;9,89187524
591,251;8,293045641;9,506028578;10,01672939
591,825;8,526826039;9,711630017;10,21169888
592,398;8,772455015;9,909492411;10,44235665
592,972;8,913140777;10,16537396;10,66644837
593,545;9,068249637;10,47197885;10,88845121
594,118;9,280674621;10,63364286;11,18816802
594,692;9,491348294;10,85190096;11,36673012
595,265;9,564722429;11,08216147;11,52891684
595,838;9,868966705;11,35412852;11,76735997
596,411;10,13778625;11,61767526;12,20292399
596,985;10,29627079;11,89522028;12,49406716
597,558;10,46228522;12,07422483;12,87326575
598,131;10,82923681;12,34776994;13,13070397
598,704;11,15951538;12,64701241;13,43159734
599,277;11,39534149;12,90402807;13,76098665
599,850;11,63596683;13,16515749;14,13575355
600,423;12,04393798;13,6016645;14,49282207
600,996;12,21220831;13,82076067;14,81146971
601,568;12,49375304;14,11702863;15,00054497
602,141;12,72866368;14,44840305;15,20935429
602,714;13,07133435;14,79340477;15,41180255
603,287;13,23610571;15,0650114;15,78450785
603,859;13,46283086;15,27979732;16,12345899
604,432;13,67366724;15,51580629;16,34934797
605,004;13,87772831;15,80160786;16,60765949
605,577;14,0133489;15,91342876;16,84124522
606,149;14,30246392;16,23392047;17,09849853
606,722;14,47811423;16,43666702;17,48864182
607,294;14,79374602;16,64549463;17,74921714
607,867;14,91050172;16,80391809;17,9433655
608,439;15,17029488;17,04762132;18,20030216
609,011;15,39744531;17,45668766;18,37751334
609,584;15,63264812;17,75925352;18,50670757
610,156;15,92453789;18,00665853;18,79349402
610,728;16,18592761;18,35565656;19,04324925
611,300;16,30331212;18,55954603;19,34912019
611,872;16,47127485;18,75029679;19,38150884
612,444;16,60102467;18,88524097;19,6586523
613,016;16,79811892;19,13487716;19,90402799
613,588;16,8706485;19,44209133;20,11800085
614,160;17,02989761;19,47862982;20,24214096
614,732;17,23944484;19,72054589;20,60304669
615,304;17,32771615;19,92356596;20,82904343
615,876;17,55084429;20,12408679;21,00652705
616,447;17,79897917;20,46016463;21,26386735
617,019;18,01480281;20,73452612;21,56074182
617,591;18,21360691;20,97861742;21,65141765
618,162;18,47698471;21,21034806;21,84812084
618,734;18,78553644;21,32786247;22,04281617
619,305;19,00301877;21,6642844;22,39698078
619,877;19,19238957;21,89772098;22,67429549
620,448;19,3901669;22,07078315;22,87907935
621,020;19,53567325;22,20500067;23,02311067
621,591;19,67069708;22,33411286;23,08637829
622,162;19,90136841;22,41394086;23,32534757
622,734;20,08554838;22,70802471;23,64548577
623,305;20,21932768;22,76428617;23,93193634
623,876;20,3997496;23,01875432;24,13897666
624,447;20,5845877;23,12319153;24,24738335
625,019;20,66477381;23,21939268;24,35049086
625,590;20,90012896;23,54099991;24,42928235
626,161;20,99118844;23,9132591;24,73759199
626,732;21,30021608;24,04168768;25,04943953
627,303;21,3049816;24,27273388;25,2566892
627,874;21,43843699;24,52882587;25,41933548
628,444;21,47734162;24,98647164;25,52163818
629,015;21,62012554;25,05894304;25,59162231
629,586;21,67276072;25,27852811;25,68786443
630,157;21,87458168;25,48762768;25,94518637
630,727;21,9597275;25,51670598;26,14495127
631,298;22,08109888;25,45002845;26,11493073
631,869;22,05542549;25,59844337;26,08169088
632,439;22,17260775;25,64620353;26,121664
633,010;22,22227294;25,72557653;26,2603744
633,580;22,4409841;25,5968696;26,49089538
634,151;22,48747714;25,63284415;26,66189021
634,721;22,78618466;25,67862763;26,80103688
635,292;22,87650177;25,63281896;26,70061764
635,862;23,04442986;25,67944451;26,86691097
636,432;23,21059136;25,81557833;27,0912292
637,002;23,32992081;25,83814982;27,24863455
637,573;23,37193676;25,94943995;27,18854958
638,143;23,47327173;25,90627155;27,31046303
638,713;23,56415945;26,09392647;27,27949423
639,283;23,79590767;26,3439347;27,31834379
639,853;23,6996702;26,43374628;27,54331792
640,423;23,77208432;26,49309748;27,60702143
640,993;23,78524876;26,69023152;27,53819571
641,563;23,89389228;26,81311416;27,59318037
642,133;23,89377209;26,80478539;27,73457609
642,703;24,03372388;26,96128153;27,88603553
643,272;24,18500595;27,11778687;28,02234485
643,842;24,27295839;27,06302114;28,14229347
644,412;24,29305954;27,1268228;28,14366106
644,981;24,35490263;27,17128934;28,10879974
645,551;24,30033133;27,43047831;28,30222591
646,121;24,2393466;27,48628123;28,29741942
646,690;24,18378421;27,43245682;28,40824501
647,260;24,41266855;27,73464207;28,42811872
647,829;24,48583057;27,79260281;28,45738355
648,398;24,57934653;27,98481025;28,56419266
648,968;24,69039474;28,27366326;28,76477612
649,537;24,5855175;28,28982865;29,07936709
650,106;24,65441985;28,38230135;29,28235983
650,676;25,0704838;28,51200541;29,44318197
651,245;25,30322774;28,50431304;29,71094778
651,814;25,42098878;28,65935909;29,73467088
652,383;25,41836095;28,79866251;29,82341892
652,952;25,42997056;28,74485716;29,93102484
653,521;25,56201067;28,5954453;29,9639217
654,090;25,44892881;28,59771135;29,89127378
654,659;25,67535384;28,59479616;29,55503498
655,228;25,82755535;28,77605406;29,59635748
655,797;25,83460353;28,63860488;29,6144556
656,365;25,84312948;28,73281259;29,61636704
656,934;25,93762978;28,84737097;29,65043599
657,503;26,10604016;28,89906751;29,89184233
658,072;26,20977887;29,06756734;29,96617837
658,640;26,07592595;29,16434111;29,87175061
659,209;26,08235703;29,0986806;29,85014522
659,777;25,99804482;29,10318404;30,12495931
660,346;26,01912039;29,10117003;30,16784038
660,914;25,97747809;29,2281874;30,1887963
661,483;25,97752026;29,25518893;30,35341895
662,051;25,99115031;29,19118895;30,44351336
662,619;26,00430173;29,00004749;30,30841035
663,188;26,329691;29,02926622;30,64393438
663,756;26,48287614;29,07355393;30,72860196
664,324;26,76940592;29,31395024;30,67496434
664,892;26,88418784;29,40118872;30,75074558
665,460;26,77347559;29,43819531;30,61050247
666,028;26,74211874;29,43659622;30,62533835
666,596;26,96983278;29,55998524;30,77321926
667,164;27,00150235;29,74038791;30,8610589
667,732;26,84634964;29,83329611;30,90037285
668,300;26,60110191;29,90669533;30,6757977
668,868;26,64003115;29,86715217;30,62109013
669,436;26,51336363;29,6761572;30,87081184
670,004;26,69265105;29,72241956;31,10624588
670,571;26,94403456;29,66950665;31,18725947
671,139;27,09236158;29,82761721;31,41841854
671,707;27,09221973;29,83321181;31,30863748
672,274;27,29592713;29,7389726;31,30890478
672,842;27,36095653;29,81530233;31,34512842
673,409;27,37160952;29,88397234;31,55517773
673,977;27,18479444;29,86637521;31,75937186
674,544;27,31461101;29,97600602;31,74029192
675,112;27,31191941;30,13898778;31,51612823
675,679;27,32410096;30,39838843;31,67001545
676,246;27,2224682;30,3361565;31,53889847
676,814;27,09898586;30,28694788;31,46888065
677,381;26,94366464;30,39758208;31,4839307
677,948;27,20465237;30,46864638;31,54138941
678,515;27,26949142;30,59471802;31,44754822
679,082;27,58559081;30,7338867;31,42261034
679,649;27,60762948;30,80821394;31,47604271
680,216;27,5607035;30,72955214;31,62182122
680,783;27,50751919;30,83989274;31,65452896
681,350;27,66996809;30,97161955;31,84979144
681,917;27,99496709;31,18421159;32,09608965
682,484;28,24321548;31,15392902;32,19168616
683,051;28,16422541;31,11788205;32,18441735
683,617;28,44734312;30,96212405;32,13765155
684,184;28,20455257;30,97908594;32,18052881
684,751;28,14383368;31,04352468;32,4020386
685,317;28,19652158;31,06215429;32,43588649
685,884;28,27230306;30,90782161;32,6320626
686,450;28,17856841;30,87661958;32,59094147
687,017;28,11287406;30,94104282;32,49613712
687,583;28,07889023;31,27695287;32,62282685
688,150;28,11785012;31,34376884;32,83060803
688,716;28,12975004;31,58577124;33,39303743
689,282;28,70030333;31,87903804;33,59961378
689,849;28,92068803;32,18789029;33,83765717
690,415;29,08456141;32,40214209;34,06389743
690,981;29,2649797;32,6699218;34,17249843
691,547;29,45727114;32,74172792;34,4090244
692,113;29,55550819;32,83892018;34,73029579
692,679;29,81093714;32,91739262;34,95221356
693,245;30,11191801;33,25826185;35,1871508
693,811;30,13039332;33,50915962;35,24620824
694,377;30,10497197;33,5806846;35,57566264
694,943;30,35760153;33,67420753;35,74598784
695,509;30,39639965;33,8695659;35,8724344
696,074;30,65212131;33,9349665;36,05393481
696,640;30,8235755;34,30890224;36,16711799
697,206;30,85949032;34,59751978;36,50424514
697,771;30,72981944;34,9736921;36,66480539
698,337;30,81817176;35,24097892;36,86368809
698,903;31,13187718;35,34924817;36,80371758
699,468;31,26750348;35,64439176;36,94622523
700,034;31,26345097;35,71450357;37,00627422
700,599;31,35117195;36,047291;37,35678948
701,164;31,33883252;36,22774692;37,57994512
701,730;31,84139282;36,70379629;38,03478417
702,295;32,07415388;36,60126251;37,9709199
702,860;32,46689788;36,51347706;38,23790858
703,426;32,50258964;36,62269457;38,63800405
703,991;32,62053119;36,78924904;39,22389773
704,556;32,57955924;36,88603471;39,4712548
705,121;32,77993002;37,36170384;39,69147177
705,686;33,00767764;37,49475961;40,01963454
706,251;33,13082279;37,79152991;40,16456704
706,816;32,66058991;37,74350283;40,20218735
707,381;32,71293106;38,42533885;40,57847836
707,946;32,71537859;38,81890525;41,09192531
708,510;33,13507557;39,0429737;41,24674097
709,075;33,14553065;39,32979733;41,10865203
709,640;33,47395012;39,3788546;41,1996135
710,205;33,35686255;39,45803482;41,23640738
710,769;33,60564479;39,50740628;41,42526724
711,334;33,74258398;39,55143516;41,7752076
711,898;34,14635041;39,90393777;41,90626006
712,463;34,41644047;39,73193002;42,05426373
713,027;34,50021072;39,60428149;42,01105098
713,592;34,30222904;39,84248468;42,06810598
714,156;34,41582429;39,93959461;42,26014365
714,720;34,39808086;39,88453163;42,26059829
715,285;34,75094598;39,94150194;42,69848366
715,849;34,78404462;39,99126024;42,39103689
716,413;35,0722916;40,15344235;42,44704357
716,977;35,4218209;39,73676011;42,66204979
717,541;35,49051336;39,70484217;42,78355006
718,105;35,5334993;39,89152312;42,89831544
718,669;35,65387059;39,94081016;42,97576357
719,233;35,56571483;39,80769741;43,51478821
719,797;35,49040845;40,36457124;43,92456788
720,361;35,45320636;40,23144244;43,89134777
720,925;35,65805831;40,61328123;44,47218338
721,489;35,63934626;40,5884487;44,85285376
722,053;35,305675;40,71521722;44,99455367
722,616;35,22610227;40,88296505;45,16310471
723,180;35,38309304;40,92307304;45,28151493
723,744;35,44754367;40,76465127;45,19806316
724,307;35,51097126;40,98081548;44,83665994
724,871;35,6859531;40,92502906;44,8635785
725,434;35,6874697;41,37728975;44,66386243
725,998;35,29182274;41,45349841;44,82643923
726,561;35,78767542;42,14634339;44,53285927
727,124;35,49501224;42,25006234;44,25279257
727,688;35,73561662;42,42818859;44,23644778
728,251;35,57406628;42,65648564;44,21123636
728,814;36,01161304;42,90462518;44,51325276
729,377;36,18966536;43,52695267;45,16823361
729,940;36,33716966;44,04891517;45,46812694
730,503;36,53334859;44,42186746;45,82254526
731,067;37,06157355;44,69061675;45,96758674
731,630;36,62345961;44,73509238;46,13181753
732,192;36,9788874;45,08217249;46,60440752
732,755;36,65766002;45,34465172;46,92061304
733,318;36,97201284;45,43931932;47,19351477
733,881;37,05941826;45,58565971;47,56582594
734,444;37,1530546;45,38661284;47,53379783
735,007;36,98650748;45,36045557;47,74403002
735,569;37,076855;45,17578461;47,85697413
736,132;36,99744674;45,08932362;48,07059042
736,694;37,33955272;45,17079337;48,81268418
737,257;37,86369404;45,34036354;48,61467781
737,819;38,0033813;45,88296366;48,85049538
738,382;37,96416784;45,99650318;48,8468242
738,944;38,00013517;46,39667796;48,9164688
739,507;38,02287333;46,44493946;48,99079978
740,069;38,33677899;46,47145743;49,29574242
740,631;38,51466765;46,49029777;49,38415799
741,193;38,46762379;46,85875503;48,94915085
741,756;38,18186821;46,92302609;48,55739011
742,318;37,67979002;47,13985994;48,98958979
742,880;38,22766781;46,57683203;49,16830203
743,442;38,52677853;46,69037612;49,1254761
744,004;38,08473587;46,60869652;49,30320743
744,566;38,12161712;46,56064828;49,37636068
745,128;38,1322549;46,66073106;48,71718993
745,690;37,91524981;46,85882841;48,85416731
746,252;38,16688346;46,82090735;49,38990573
746,813;38,08448105;46,50524564;49,46390649
747,375;38,09384216;46,25009836;49,37735092
747,937;37,98796179;46,8190605;49,46871502
748,498;37,9218743;47,10155263;50,14987957
749,060;38,2191564;47,06774731;50,04346325
749,622;38,00473071;47,26465487;50,23770548
750,183;38,16546028;47,33966545;50,67141186
750,745;38,14913927;47,59639313;50,78395853
751,306;38,5083754;47,24505132;50,63088653
751,867;38,3309242;47,13825526;50,84293985
752,429;38,60174297;47,66409632;50,9929767
752,990;38,65890259;47,35731555;50,68813054
753,551;38,76771537;47,33408979;50,41043241
754,112;38,71799537;47,57001264;50,16592436
754,674;39,13976594;47,94344431;49,62648951
755,235;38,97194428;48,36355724;50,00750557
755,796;39,43283664;48,07089131;50,58905232
756,357;38,775096;48,23052695;50,70963279
756,918;39,2262016;48,56287087;50,13180536
757,479;39,03428555;48,07893297;49,84821088
758,039;38,18786173;48,00886362;49,83473876
758,600;37,63952064;47,98768632;49,01709259
759,161;37,73725013;47,61445688;49,29882298
759,722;37,24353484;47,35043552;50,19654654
760,283;37,15451577;46,53863899;49,45391702
760,843;36,27311441;46,64952229;48,72775275
761,404;35,86735318;46,89008775;48,48265239
761,964;35,84014597;47,37846067;50,07700538
762,525;36,53306715;47,319363;50,61604255
763,085;37,32566706;47,81948702;50,85383504
763,646;37,91895369;47,25331285;51,14183921
764,206;37,83450864;47,12211927;51,3749743
764,766;38,59471633;47,17062406;51,25430714
765,327;38,94212334;47,30439742;51,29770938
765,887;39,47909005;47,18833719;51,11736141
766,447;39,44640983;47,43556283;51,04234663
767,007;39,68241618;47,36213387;49,92643693
767,567;39,79853942;47,58096888;50,34958207
768,127;40,5573588;47,31635131;50,13234495
768,687;40,58100656;48,11393951;50,50539477
769,247;41,30022383;48,61999139;50,42626818
769,807;41,42833162;48,75658579;50,94481826
770,367;40,98564714;48,52956182;51,45106583
770,927;41,03287583;48,90275356;51,65920289
771,487;41,46797862;48,8006028;51,52814031
772,047;41,69511846;48,41192153;52,44131539
772,606;41,87090736;48,09039393;52,72587394
773,166;41,28039891;48,52126174;52,97615504
773,726;41,39341724;47,50811808;53,23678446
774,285;40,6571993;47,0609262;53,26216591
774,845;39,73367473;46,60952402;53,00306186
775,404;40,02711942;47,21678916;52,79470204
775,963;39,77562209;47,02818188;52,72273491
776,523;39,87823296;47,06667963;52,71588594
777,082;39,26796125;47,47098468;52,50357114
777,641;38,78969816;47,69703019;51,91166254
778,201;39,03020447;47,16504065;51,9704162
778,760;38,79180151;47,80014585;51,15558527
779,319;39,40989525;48,54556637;51,16257059
779,878;39,63427161;48,67058798;50,51902467
780,437;39,78370528;48,97692005;50,07516278
780,996;39,35872869;48,80201217;49,71984352
781,555;39,20882619;48,57169926;49,97122442
782,114;38,98258736;47,74112594;50,57481024
782,673;39,41927901;48,63219483;50,56083563
783,232;39,25688431;48,65663207;50,73668357
783,790;39,22202881;47,61209498;50,85379579
784,349;38,47255664;46,76794381;50,6402553
784,908;38,38907437;46,73422691;50,71227535
785,466;38,14074598;46,34840598;51,09581812
786,025;38,8764023;46,36201688;51,75036345
786,584;38,30255937;46,86310377;51,40027009
787,142;38,83360372;47,91358482;49,84347574
787,701;38,60160031;47,15400419;50,03955128
788,259;38,82971872;46,88655449;49,31303307
788,817;38,76400618;47,52725693;49,38018168
789,376;38,87514875;48,58632691;49,58123661
789,934;39,11550929;49,05148481;50,30423845
790,492;39,46822085;48,88602655;49,47083747
791,050;38,86151255;49,09587003;49,08307623
791,608;39,31572226;48,77240491;50,06438667
792,167;39,46954348;49,33623453;50,9775448
792,725;39,46670573;49,31097988;50,57455699
793,283;38,65942608;49,73358669;51,14502771
793,841;38,9502441;50,27779161;51,49438627
794,398;38,27351943;49,59381722;51,6486154
794,956;38,29520234;49,34148962;50,67950085
795,514;37,80065318;49,54009364;51,19658174
796,072;38,22667569;49,31743741;51,14295273
796,630;38,42413476;49,15526341;49,95208885
797,187;38,75984173;48,22396499;49,08533441
797,745;37,99160318;47,46524062;48,90948809
798,302;38,69579081;48,80329389;48,85187638
798,860;38,14610195;49,67379305;49,30523679
799,417;39,09047131;50,15330927;48,7964333
799,975;39,02494719;50,73981521;49,3873084
800,532;39,16794336;51,50570939;50,18716441
801,090;39,68519017;52,37028725;50,74272465
801,647;39,6006917;52,34837861;51,31352487
802,204;38,41770803;51,85145921;52,25248563
802,761;39,96431175;52,13718285;53,74119044
803,318;39,76535739;50,23516362;52,35169634
803,876;39,96519901;48,90069372;52,3576881
804,433;39,8602344;48,26102839;52,77072026
804,990;39,62955372;47,23746499;52,98272394
805,547;39,82417985;45,87745196;52,39139979
806,104;39,19565847;45,14710263;52,22526676
806,660;39,80089872;45,23860476;52,56424592
807,217;40,37874504;45,61912736;52,19083545
807,774;39,81293779;45,96311406;50,86724719
808,331;39,57710169;46,04024491;52,10582098
808,887;39,21144121;46,28715962;51,13879696
809,444;39,22381128;45,82964772;51,20758919
810,001;39,31113593;45,83683376;50,45527886
810,557;39,93587761;46,48071154;50,68870022
811,114;40,00891802;46,42220207;49,0995962
811,670;38,89026065;45,00447651;49,3962702
812,227;38,96686444;44,77844446;49,77959926
812,783;38,00964788;44,92417165;50,14774794
813,339;38,26396657;44,94576443;49,51071925
813,895;38,84091636;44,43369572;49,22559832
814,452;38,14017532;45,17697763;48,960045
815,008;39,22811584;46,26753707;50,4729793
815,564;36,29527731;45,34482833;49,92447972
816,120;37,28749705;44,78318323;51,95728521
816,676;37,46449418;45,85058544;50,71758591
817,232;36,63094266;45,58322936;51,19240023
817,788;37,30352679;45,77095026;51,00620704
818,344;37,63594731;46,13885498;51,9836374
818,900;37,14657219;46,00464573;53,87075415
819,456;37,50532719;45,41592767;54,50396901
820,011;37,015517;45,50662171;54,31222494
820,567;38,23416323;44,49849971;53,73567566
821,123;36,67254441;45,17280957;53,18982474
821,678;36,14084034;46,14355369;52,12926061
822,234;37,64046401;47,22303041;51,32299629
822,789;38,1221651;47,00745204;51,23659504
823,345;37,97910368;47,04173495;50,39237888
823,900;38,03096164;48,06321006;49,25274455
824,456;36,88303978;48,73987983;50,18650206
825,011;37,14785238;47,77169639;49,31910495
825,566;36,87880046;49,58086252;49,24286141
826,121;36,71319694;48,48766658;49,55810154
826,677;37,76032;47,86988823;50,06742563
827,232;36,83869582;47,19653414;50,83283185
827,787;36,3303913;47,06288316;50,88228515
828,342;35,37434584;46,13532337;51,65897765
828,897;35,02513834;45,50700422;50,58945394
829,452;35,85093282;44,97504054;49,85619196
830,007;35,58298773;45,07834972;49,61419586
830,562;37,14390868;45,93837443;51,29709673
831,116;38,3400563;46,60870063;50,43221173
831,671;38,30726523;47,65938455;52,1693103
832,226;38,08528103;47,6988285;51,52000582
832,781;38,38663474;47,7452598;52,41076502
833,335;39,19974404;48,83167941;52,0872389
833,890;39,76936291;48,84201299;52,87303742
834,444;40,33580215;48,41726652;53,16965977
834,999;39,99636671;48,52300823;53,82270254
835,553;38,80179079;46,53938123;51,24497335
836,107;38,31824565;47,08963428;51,62602778
836,662;38,33252206;45,57341208;51,3498841
837,216;39,73280795;45,58454911;51,15944246
837,770;38,69203852;46,20555853;48,94752232
838,325;38,19102131;45,31460955;47,94513331
838,879;38,18153665;45,77327903;47,47713444
839,433;37,31750062;47,47361892;47,01159674
839,987;36,64746838;47,95587318;46,14322346
840,541;36,91606328;48,31457914;47,20599524
841,095;36,50047932;47,23401483;47,95693055
841,649;36,52816138;47,73308672;47,85001782
842,203;34,81709395;48,53733303;47,28114869
842,756;35,60423072;46,7053351;49,77832475
843,310;35,50599259;47,51791027;50,52046149
843,864;36,57924853;48,12065805;51,89862573
844,417;37,45313384;47,36782171;52,01938114
844,971;38,89335342;46,17672661;51,8868207
845,525;39,11020435;47,29876315;52,89034672
846,078;39,69634522;47,8497714;52,86089069
846,632;38,37177824;48,68196257;53,00907669
847,185;38,38764365;48,00422705;54,56188433
847,738;37,84507747;49,15016519;53,59188744
848,292;38,88744253;48,27460375;53,79509634
848,845;37,79290965;47,53998295;53,62674359
849,398;36,93715509;46,19537962;52,61924866
849,951;37,08825055;47,39765987;54,29691889
850,505;36,50528413;46,01997086;53,64704466
851,058;34,89411455;45,88846374;52,68494362
851,611;35,4696892;44,96186717;51,42605875
852,164;36,37008411;44,34885868;50,43508765
852,717;38,06980359;44,55618565;50,35374538
853,270;38,46081149;46,83165966;51,59033728
853,822;39,64461454;47,02709138;52,0120924
854,375;39,2265519;48,37551983;52,27329111
854,928;38,30758944;47,47258517;51,67214376
855,481;38,28766448;48,1488647;53,7520495
856,033;39,80075935;49,32746432;53,97594443
856,586;40,36770074;50,56162179;54,8033281
857,139;41,08650046;51,85032494;54,91941975
857,691;40,17484589;51,95451786;55,11641975
858,244;39,63299793;50,38153255;53,99751413
858,796;38,81397899;50,46977144;54,54937912
859,348;39,60384315;50,58223635;54,36670412
859,901;40,09925523;50,28975271;53,69314491
860,453;40,72428657;49,68299536;52,39050271
861,005;40,15335554;47,56400348;52,51142729
861,557;39,88330248;45,41635341;52,33694816
862,109;38,8624138;44,29959008;51,78590271
862,662;38,12552253;42,53514192;50,49794834
863,214;38,93196874;44,1492001;52,8465415
863,766;39,08940529;44,0287967;52,87522922
864,318;38,6878728;44,26582821;53,69092003
864,869;36,64407634;44,78956848;55,66295648
865,421;36,29347122;45,22508172;56,2277752
865,973;36,29980198;47,16751747;57,11751488
866,525;36,18897192;48,60886211;57,34690629
867,076;36,94048661;50,04460293;58,33010242
867,628;36,66211184;51,80105183;59,72620775
868,180;35,26543675;49,04697224;57,70585808
868,731;35,17098387;49,11567823;55,89773022
869,283;35,57130315;48,83829868;55,10485546
869,834;37,37244229;49,07350968;54,53330785
870,386;37,48783319;49,3686533;53,46833828
870,937;38,69661779;48,41044875;53,10262204
871,488;38,86104581;48,66613175;52,18803065
872,040;37,94541187;48,35577851;50,88069983
872,591;38,58876441;47,30988764;50,30915902
873,142;38,48892469;48,04708191;50,39082376
873,693;38,45143297;48,48039479;51,23860118
874,244;37,13213024;48,39816761;51,45661321
874,795;35,81581169;47,54991082;49,99034251
875,346;35,13331127;48,31266616;51,0741107
875,897;35,20014146;48,45433579;51,56532414
876,448;35,37448645;47,52370161;52,07665552
876,999;36,466428;46,28734514;54,27830006
877,550;35,87358716;46,64210476;54,04907427
878,100;34,62394973;46,9949939;53,39836714
878,651;35,75268695;45,82815101;52,60149478
879,202;36,98639741;46,05141366;51,18242004
879,752;37,63955133;47,27407059;52,07711655
880,303;38,06935884;46,46382381;52,17339087
880,853;37,75558089;47,45787899;52,99673227
881,404;38,59828982;49,71798331;53,78581517
881,954;37,22699876;50,57255243;53,31376127
882,504;39,07711189;49,188085;54,37847394
883,055;40,14774126;49,78075884;53,97667391
883,605;40,04138801;50,27907602;53,49160658
884,155;40,2815942;50,234622;54,54397643
884,705;39,61551602;48,86455701;54,4422917
885,255;39,11099761;47,44970817;52,94483517
885,805;38,70312062;46,55433885;51,20963934
886,355;37,88649268;44,90019103;50,73901525
886,905;38,73832395;45,11846282;49,42717647
887,455;37,83679788;46,22072553;48,96342101
888,005;37,61713001;45,12364319;49,58187514
888,555;34,81057545;44,25614541;49,59234988
889,105;36,56498756;44,76664653;49,04447709
889,654;38,27689567;45,56816924;47,81310069
890,204;40,2103157;46,9196189;47,28801904
890,754;40,22464839;48,02681702;46,86982506
891,303;42,26930982;48,55542042;47,90449012
891,853;41,74513961;47,14297082;46,34529459
892,402;41,81576725;47,59302705;47,72563144
892,952;42,67049002;48,029801;46,59478388
893,501;43,4090152;48,5296643;47,46619731
894,050;40,49351481;48,20539734;48,14453353
894,599;39,3777181;47,13672402;46,79239862
895,149;37,48052772;46,93763154;47,33765276
895,698;37,55035545;46,98840442;47,29987134
896,247;35,16009163;47,23023005;44,81253649
896,796;36,20788349;47,76282169;48,85387336
897,345;35,79507742;47,9254488;47,69230996
897,894;34,67109358;49,95155634;47,13683906
898,443;34,15061752;50,98897697;47,95988453
898,992;35,27123779;48,8828371;49,59963413
899,541;35,24294275;49,62694279;51,28742025
900,089;37,72768084;48,6351972;50,91924809
900,638;35,83259783;47,67465578;51,04556171
901,187;36,79950356;47,22378531;52,50694298
901,735;34,26157233;46,12677678;47,39088028
902,284;33,7722468;46,08535054;45,96765585
902,833;35,75335354;46,85736641;46,41634619
903,381;38,67449351;46,87026026;44,21041556
903,929;40,02207864;48,47943028;42,47041668
904,478;39,67536029;49,70810285;42,25359924
905,026;37,54339845;52,64085718;42,69946053
905,574;38,96631203;49,70933144;40,02856584
906,123;39,03643144;51,25282718;41,52341404
906,671;42,21113127;52,62155552;46,56397387
907,219;42,22869512;52,41394181;47,1339009
907,767;41,39630206;48,41890777;47,50617102
908,315;39,72970233;48,32918739;48,42692468
908,863;39,15889093;47,27477474;48,9126066
909,411;38,49506918;45,30109976;48,91156238
909,959;40,25842712;45,12279765;48,06554829
910,507;41,56061042;46,95346225;50,96609564
911,055;39,4676447;48,33199552;47,53773819
911,602;35,01019547;45,96080429;41,60184578
912,150;35,77466845;45,90911424;41,43015122
912,698;34,1478244;48,00835568;41,20321658
913,245;34,91497254;48,33052172;42,22376754
913,793;31,66928492;49,08053601;39,88848823
914,340;33,47604521;52,06467654;40,20666224
914,888;31,54256759;51,16879435;42,27003436
915,435;28,93724883;50,97936867;41,84651913
915,982;30,50580626;46,72596745;46,28896972
916,530;33,95763473;48,6198778;48,74026093
917,077;32,07577776;48,68331746;48,26911019
917,624;35,27857343;49,50404662;49,47410138
918,171;34,64077077;47,94812398;47,70375251
918,718;37,58677856;45,8769487;49,84788744
919,265;36,69117212;43,67740383;48,92559712
919,812;37,68790196;41,19656779;47,86197901
920,359;37,14218761;43,2515905;49,08207006
920,906;36,69434304;42,00384397;45,27638478
921,453;34,68296835;44,13499706;46,25040236
922,000;36,9293861;45,48981391;47,69564379
922,547;34,89450636;46,9837403;45,57563224
923,093;35,70694706;48,89198306;46,88979433
923,640;33,00060054;49,37647402;44,9367488
924,187;32,78731388;48,27087222;47,19391161
924,733;32,07835565;49,4391967;46,18689941
925,280;32,4626645;47,58644598;43,24695551
925,826;29,179481;48,64014913;43,03964176
926,372;32,97575684;48,27053057;45,65689272
926,919;31,41586186;44,62129164;45,71781203
927,465;29,5840985;40,86435652;47,33980594
928,011;26,28687777;35,41387513;42,93014957
928,557;27,51268087;36,05293974;43,46735949
929,104;26,54497253;38,33725477;39,63133853
929,650;29,63934564;39,84430526;40,57713915
930,196;29,60814383;40,45089062;38,4499172
930,742;34,51151219;41,02207681;42,86050305
931,288;30,50654323;44,79523456;38,80555981
931,834;26,43951515;49,56497113;32,74085245
932,379;26,7224743;51,33193115;28,01581933
932,925;24,82235704;60,51474813;27,58227098
933,471;27,06953849;58,3267215;27,7750621
934,017;23,9062525;59,25349876;26,8517025
934,562;14,3538936;57,81390933;24,77601724
935,108;17,89161031;61,30450815;34,27911903
935,653;15,64003861;64,85080052;29,60567064
936,199;15,30811734;56,10293266;30,93513837
936,744;17,59635719;52,96596648;30,61938904
937,290;22,39202663;52,7817428;33,29366207
937,835;26,63485237;49,93652588;34,41734401
938,380;25,52843254;55,88415377;39,63462989
938,926;30,45338987;51,73452192;48,04557451
939,471;36,11199034;52,6323611;48,50381907
940,016;33,28527841;45,56942571;38,75933986
940,561;33,93048858;42,94639838;43,49917351
941,106;35,76840032;43,57259598;42,41982539
941,651;36,19172721;42,56530865;46,70919734
942,196;28,81672134;37,72887205;50,03819761
942,741;33,74221903;42,88893507;57,45329839
943,286;35,0856897;33,76989441;49,04003388
943,831;33,76963184;38,01819951;50,82455784
944,375;30,16210306;37,00375926;54,05344344
944,920;32,22365422;42,50486281;51,38432705
945,465;31,13661415;43,70733114;43,21893481
946,009;32,34872764;41,71134047;44,98738905
946,554;31,5228595;40,94948918;41,84397446
947,098;30,4180563;42,58064508;42,5625384
947,643;28,85873933;45,22383205;44,04107132
948,187;26,54281423;50,27841417;47,20474149
948,731;22,89085453;46,07676759;37,71929607
949,276;21,97452229;40,70796631;34,10414917
949,820;26,48101908;41,28543536;45,76382028
950,364;32,09876553;35,96467451;43,31691346
950,908;30,36437173;37,09419663;44,03361389
951,452;28,55939223;30,43004771;41,70889063
951,996;25,89822336;29,30199377;38,76221709
952,540;18,58392607;20,57035414;32,2517988
953,084;21,62900379;25,30930315;37,52171652
953,628;29,07626488;28,49199289;39,16334839
954,172;28,98931956;35,75788191;42,416556
954,716;18,27876664;32,20126277;32,49251798
955,259;13,52534849;37,32465127;41,18327181
955,803;18,58647038;40,35262995;37,02537485
956,347;20,48437369;47,52145126;38,3210995
956,890;23,83237172;49,16102231;38,39678071
957,434;27,14027928;52,18509156;36,30962648
957,977;25,13661033;41,67066496;34,81124446
958,521;17,93672557;39,86024738;31,97507075
959,064;21,60292805;42,0065877;34,26123947
959,607;27,02462589;44,78895893;42,6141286
960,151;30,71989523;44,88054527;38,36213358
960,694;25,64134765;43,20222597;44,07417706
961,237;32,60046274;49,00013442;49,71114018
961,780;32,36040602;46,4792266;48,13909113
962,323;33,40420262;48,64153592;56,30129602
962,866;34,7344126;51,96296771;60,28899085
963,409;39,41183133;50,79712235;64,84222112
963,952;34,16607002;48,37774736;58,38791497
964,495;32,22838248;45,82463263;54,4941607
965,038;31,09086336;41,90647418;54,12418082
965,581;31,17049493;44,06212106;48,31389049
966,123;32,61453181;39,21908266;45,34813142
966,666;34,13972588;39,16813023;47,44857221
967,209;34,16406976;36,65974338;43,60089621
967,751;35,44979291;36,97726609;38,9348761
968,294;34,27876923;35,24590381;40,30296676
968,836;38,15826724;37,24536006;45,18555313
969,379;33,61049943;38,30670084;45,47837783
969,921;36,40557544;42,4245235;48,60351469
970,463;36,60143089;37,77899117;52,87015245
971,005;34,18598037;35,700733;53,41695548
971,548;33,51242904;36,93357798;51,05328717
972,090;34,89939625;38,74214248;54,33611692
972,632;32,14422334;38,87548732;57,0379828
973,174;34,81088982;42,86081281;57,32061724
973,716;31,88075615;40,26668951;55,4614876
974,258;36,62176239;39,96900192;56,78638928
974,800;34,2727968;39,10662401;52,17247038
975,342;38,3148135;39,58031967;48,94129915
975,883;35,20978603;43,10601267;46,96544745
976,425;36,03299037;44,40783578;46,45168213
976,967;32,44914369;41,74757121;43,35185001
977,508;38,95702662;41,78136498;42,53030705
978,050;35,40257138;42,93532479;41,46210737
978,592;37,44676295;45,93376462;41,11509624
979,133;39,87081927;47,16048957;44,04032079
979,674;38,89171568;44,55475725;50,44532117
980,216;36,21403453;42,21282206;54,56663443
980,757;36,15894077;40,77257571;58,95171856
981,299;36,02955526;39,02369614;61,81777714
981,840;34,90836205;39,15959912;57,51992988
982,381;34,09070074;40,24522259;55,29978362
982,922;35,17808619;36,23925355;55,99867492
983,463;34,6795907;38,50765488;58,96231688
984,004;34,44309234;38,33258516;54,86725506
984,545;33,69914402;37,94800743;51,31755115
985,086;32,97598717;41,2078007;49,21981464
985,627;35,57866414;40,37126685;51,73371269
986,168;37,05129779;41,11237048;49,91133485
986,708;38,7367102;38,72396167;54,23096933
987,249;35,69733222;37,4428429;57,12001712
987,790;35,5715683;39,89324309;55,01476555
988,330;36,97995351;35,90352636;57,9146611
988,871;32,28155239;33,50388323;60,22702013
989,411;35,7995041;34,11062633;59,94256788
989,952;38,26718108;35,29411765;60,58836619
990,492;37,00187757;37,21021079;52,21340346
991,033;36,6138456;35,6282396;53,77629375
991,573;38,45766891;41,90541023;55,42088868
992,113;37,05429553;36,84410632;52,54931281
992,653;40,21291183;36,10912358;49,15529371
993,194;35,94934216;36,32381274;44,99032259
993,734;37,06887889;38,25000127;40,46692683
994,274;29,16533451;36,51713203;37,87203919
994,814;26,07029828;35,35862778;34,74658658
995,354;29,40534887;34,63240958;37,33273089
995,893;27,162508;34,08710865;37,72403997
996,433;23,57301863;30,56720907;31,57149667
996,973;25,26966552;31,88257809;32,59188715
997,513;17,76464049;31,82260675;32,89284267
998,052;24,69322906;26,73892907;31,39393774
998,592;23,18467327;26,0055781;29,58879327
999,132;33,92803158;26,46473298;33,12892279
999,671;29,58597799;24,1305861;32,84782328
1000,211;32,44184241;26,16164392;30,54889006
1000,750;28,30391236;28,51846618;24,36896788
1001,289;31,3496415;31,16478119;26,80676837
1001,829;26,67958821;32,52206347;23,27652421
1002,368;29,1305762;30,12031666;27,38409144
1002,907;27,664025;36,31643711;27,34163016
1003,446;31,36823558;37,59773394;32,37612942
1003,986;25,43411943;39,88180849;29,19337886
1004,525;37,90587565;42,03475689;33,65532357
1005,064;29,66356602;40,92880365;38,80083156
1005,602;35,69601207;40,10404349;51,12222614
1006,141;35,58080481;41,37259874;55,18453209
1006,680;42,05804061;42,93870959;63,29296709
1007,219;44,27090524;46,84480625;63,03030756
1007,758;47,4169459;48,27016008;64,71471104
1008,296;46,71052498;47,98499393;69,85087763
1008,835;49,15020781;46,87015782;69,45863343
1009,374;43,59882639;46,07032487;69,26577056
1009,912;49,39898025;45,77391806;68,27871515
1010,451;46,08794124;39,79127503;61,30725376
1010,989;50,34895638;36,2293071;58,26995796
1011,527;40,55429253;33,17928375;54,89970864
1012,066;41,73359885;30,36241494;57,61289084
1012,604;42,30523792;32,86776086;61,8795287
1013,142;43,41110681;28,10184498;56,23227074
1013,680;45,87813295;32,80459377;60,67860248
1014,219;40,38495642;28,25087415;63,28268019
1014,757;32,65070039;28,05614226;67,26117057
1015,295;32,01719543;34,99446128;58,37784049
1015,833;31,10934734;34,21597256;57,90987859
1016,370;34,71824156;34,85550832;51,70795502
1016,908;32,1252628;34,30974975;41,2490801
1017,446;25,11822404;28,78504499;42,09119885
1017,984;21,67362525;32,05564206;42,81356497
1018,522;21,68481218;28,99435905;45,30274941
1019,059;24,51577302;37,09309913;41,33905424
1019,597;33,31949833;38,81534477;38,13263625
1020,134;32,02824414;38,52514083;48,07474223
1020,672;26,90127027;32,11206911;50,06481997
1021,209;28,16507542;23,52720504;52,22454827
1021,747;17,35705003;23,41911528;63,56222707
1022,284;13,07863973;23,82305097;48,70933827
1022,821;20,61334186;20,5634983;43,43960217
1023,358;22,65649201;17,87651653;54,87678575
1023,896;24,64561934;9,657450206;54,81826962
1024,433;17,57705263;8,458116376;62,37517894
1024,970;20,65404815;6,531050014;42,08264238
1025,507;21,87797019;9,399590692;41,40166081
1026,044;18,92531042;18,95585422;46,82638475
1026,581;23,97959202;20,67407492;52,30946503
1027,118;32,11661402;24,40374036;69,66446952
1027,654;29,02097745;25,78758804;70,93555888
1028,191;25,35465021;26,75092347;58,24853166
1028,728;17,06920313;27,70473213;57,62124502
1029,264;20,13598238;29,18183176;46,53944396
1029,801;25,40660491;33,41324256;62,46727003
1030,338;18,53546788;39,16840445;63,93910992
1030,874;23,6775799;40,08802454;56,6379788
1031,410;42,67129228;46,74190475;59,7731871
1031,947;38,24046587;42,68711149;52,13178803
1032,483;39,52940666;44,68574696;62,16334856
1033,019;34,42153802;53,2423178;59,93098528
1033,556;39,04689096;61,1853249;64,92341992
1034,092;24,15146232;62,40884653;73,48324561
1034,628;20,96235946;51,15462107;44,42588622
1035,164;29,77817759;60,80079054;48,65692339
1035,700;36,08159802;62,65402718;49,26668714
1036,236;19,06346742;54,42799846;26,3805865
1036,772;21,71967924;54,39367434;27,28208687
1037,308;19,68524229;47,59446853;14,42962646
1037,844;27,37201604;39,02551024;13,71134308
1038,379;21,64750592;42,14322379;1,289679949
1038,915;34,80392509;38,16285308;-7,784434863
1039,451;26,79072857;48,75240024;9,833887108
1039,986;18,37081188;36,83113353;-5,098040192
1040,522;-1,252408613;19,77665718;-22,51148199
1041,057;23,00380005;34,91567738;5,275781351
1041,593;19,42719357;37,41955445;3,290948894
1042,128;25,67616506;33,91775904;8,69779111
1042,663;17,68621368;45,93399091;7,831321947
1043,198;24,16260369;33,06426749;11,67207478
1043,734;33,59972658;32,14182981;25,26548456
1044,269;49,29625322;26,39814735;33,70676859
1044,804;46,02272698;29,15574045;33,2246238
1045,339;45,86632413;35,35353641;38,07706895
1045,874;36,363639;26,25650108;35,91355794
1046,409;30,95062613;27,4747459;50,02093988
1046,944;10,46104726;47,01055257;41,58381543
1047,479;18,84887501;43,24251534;41,67221621
1048,013;3,252032497;30,80995203;43,10554165
1048,548;-5,486726094;24,50925172;48,8292881
1049,083;-19,60712961;27,42036181;34,84915021
1049,618;-21,33439869;20,92221037;38,95959906
1050,152;-7,914709665;28,26674786;38,32450817
1050,687;0,387847074;26,27165855;31,51735042
1051,221;0,294600123;26,10325984;26,8711686
1051,755;27,11471369;20,29621239;33,13252745
1052,290;18,80128426;12,59954718;24,04136159
1052,824;41,84477274;33,21835991;39,2767311
1053,358;41,49543207;40,1061021;31,89580261
1053,893;44,50493446;39,57567443;27,8425659
1054,427;34,17941418;30,64515987;12,06699694
1054,961;26,53316467;17,23862466;-2,003082146
1055,495;12,14596714;10,60827273;12,21238554
1056,029;20,45197957;32,05492742;17,24499939
1056,563;-19,82558008;22,63513961;5,635349118
1057,097;-25,76064623;14,26822378;-5,269187827
1057,630;-140,7797677;-22,2891682;0
1058,164;-310,9704663;-44,99522817;0
1058,698;-189,6057049;-28,85608784;0
1059,232;-149,892497;6,119321026;40,26114944
1059,765;-122,823114;9,333918476;37,98178416
1060,299;-64,02439366;24,52829737;30,93406996
1060,832;-67,94172023;8,540920715;29,62963045
1061,366;-76,43077192;1,041667864;16,33403445
1061,899;-76,85342375;17,50881429;17,38879322
1062,432;-71,23193509;-0,960506711;-14,61411987
1062,966;-45,08907825;8,891866841;-10,80549878
1063,499;-33,05384319;3,556186256;7,298721543
1064,032;-49,95228944;-6,157230962;-31,02007412
1064,565;-77,65078107;-23,26732076;-85,09314673
1065,098;-104,9803309;-86,76257555;-86,77684993
1065,631;-90,13819253;-144,5635398;-56,83257285
1066,164;-99,40961147;-146,3687323;-80,39217336
1066,697;-174,4785312;-169,1099314;-176,9230515
1067,230;-141,6666645;-107,6729499;-35,38461771
1067,763;-116,1091714;-121,6066795;-14,9532744
1068,296;-124,5776989;-119,9203108;-98,12889093
1068,828;-131,0069603;-105,5132657;-22,27341886
1069,361;-118,5937492;-31,64098244;8,104882027
1069,894;-100,6108143;-25,58635415;24,03204407
1070,426;-102,9893964;-2,596653257;13,23328886
1070,959;-45,1802817;6,666665519;10,99623458
1071,491;-17,96407199;18,88988188;38,07531326
1072,023;-9,929536354;15,05321568;32,47680106
1072,556;-25,99410966;24,85311203;17,57322183
1073,088;-3,483308859;36,13707348;50,33112708
1073,620;-7,502798508;19,9305282;88,88888807
1074,152;8,778622787;2,318229091;45,34639081
1074,684;-69,27298811;-16,45185676;9,603334101
1075,217;-121,9178545;-44,25703708;88,35876969
1075,749;-81,68103853;2,490421739;69,58903681
1076,280;-76,10349587;-2,2727231;79,01408349
1076,812;-98,84141463;3,197024196;54,12623822
1077,344;-81,60442814;-17,7705998;53,96145339
1077,876;-84,72755178;-20,20360357;21,58176984
1078,408;-96,11419599;-4,208114015;-39,92348149
1078,939;-117,4764358;8,76378696;-31,85689934
1079,471;-49,00231882;15,54322048;36,9528619
1080,002;-45,69444458;15,28239367;-8,895266739
1080,534;-71,07811055;-5,888481562;-9,039089798
1081,065;-62,05128236;4,201680639;-42,07746839
1081,597;-34,39412477;-1,025057608;-12,40000112
1082,128;-54,25101048;10,80611558;-13,44706474
1082,660;-76,82206211;-0,846806626;-28,62088735
1083,191;-52,37507658;-9,163498029;-25,49751243
1083,722;-6,937799097;-0,481540453;-7,768362287
1084,253;-8,01447867;11,03663758;-29,06556636
1084,784;1,179244229;29,95433709;-17,93792825
1085,315;-9,404256165;14,16781416;-19,88210148
1085,846;-12,56567561;1,658769498;0,599354596
1086,377;-14,10368988;25,11363422;10,59602542
1086,908;5,480140488;12,51435521;12,21557277
1087,439;1,519891876;13,49927965;13,76734153
1087,969;1,726552631;23,48235089;14,01273911
1088,500;-20,84721631;10,92584387;-2,56991893
1089,031;-27,67762516;-6,088887704;15,72192327
1089,561;-42,19948368;-24,56049497;-12,31190048
1090,092;-8,081285799;-22,0725397;-26,44341998
1090,622;-26,54377966;-2,38693424;-110,5263205
1091,153;-33,94055698;-41,16424485;-153,1579319
1091,683;-39,09618613;-50,30769643;-176,4378552
1092,213;-59,69917699;-126,3982243;-245,0677274
1092,744;-34,54096237;-67,95200998;-80,13245414
1093,274;-44,03310085;-119,0656533;-82,33151408
1093,804;-34,71541305;-94,91341922;-47,42813725
1094,334;-31,02025221;-64,24331799;-13,99151935
1094,864;-28,81791712;-53,37598291;11,96993963
1095,394;-13,28837533;-68,13403263;11,08607533
1095,924;-2,466553976;-17,34649975;15,17271756
1096,454;6,983962694;-15,1263833;37,94912999
1096,984;10,84386498;11,62790671;58,34305279
1097,514;5,561992857;-6,631762373;58,23809703
1098,043;5,423522732;1,351904525;56,49233244
1098,573;10,28691408;8,811381502;50,28089727
1099,103;-11,12115638;11,99557742;46,06275892
1099,632;-30,46874956;25,074627;43,12130198
1100,161;-44,65753149;25,85034157;64,15300782
