Filename-->;PETSLO_ROSA_1.RFL8;PETSLO_ROSA_2.RFL8;PETSLO_ROSA_3.RFL8
Mode/Unit-->;;;
Int.time[ms]-->;1,049999952;1,049999952;1,049999952
NrOfAverages-->;20;20;20
Smoothing-->;4;4;4
Wavelength [nm];;;
172,206;26,78050986;28,00859666;6,94018404
172,805;27,90216953;22,48701336;2,860944828
173,404;27,99084223;22,84548537;11,10512096
174,003;22,87374507;26,19432468;11,52625139
174,602;11,46572148;29,80518287;12,3829799
175,201;2,604411718;27,07551103;16,21338979
175,800;-3,388732941;14,05242964;22,52292537
176,398;-19,49152667;10,74516322;24,03542036
176,997;-23,46002648;9,0423273;30,71009403
177,596;-21,00954922;6,002238864;36,67953907
178,195;-21,75012641;0,280182769;34,26844961
178,793;-20,01495448;-3,18570351;36,72627363
179,392;-6,268125223;-8,975978041;27,13700908
179,991;2,684413373;-15,49053368;36,96733822
180,589;-1,320379243;-2,22171345;36,19026197
181,188;18,82404498;12,26644955;36,51409803
181,786;18,72798052;12,8908507;34,2577134
182,385;24,11533623;16,86747018;33,21109165
182,983;23,26117873;15,71243256;21,26571605
183,581;24,455508;15,6896818;29,69042192
184,180;24,33541853;20,02295781;26,49895452
184,778;23,50445344;24,07667184;35,30627616
185,377;18,09749262;25,59523793;20,18518484
185,975;14,43277327;23,18568965;16,60460111
186,573;3,505536297;16,25409523;8,460012864
187,171;6,805074178;18,12899467;4,894035013
187,770;-4,343997601;13,74520325;3,214856222
188,368;12,05550672;20,79690976;2,869440512
188,966;7,317676048;26,99249666;-4,380148863
189,564;-5,680400273;20,27729662;-8,908406898
190,162;-9,994117999;21,38250572;-22,4316242
190,760;-9,280825799;20,72932462;-22,01834868
191,358;0,208147724;22,61339214;-24,80940858
191,956;11,70179281;27,58121113;-16,90369725
192,554;8,259348716;20,79698536;-18,52362212
193,152;24,45582465;14,71861367;-29,51057659
193,750;15,45479013;11,58841092;-19,98013842
194,348;17,55549057;9,511170017;-21,38075215
194,946;16,1676636;15,91427291;-23,83302541
195,543;16,95906385;10,53945767;-11,75991899
196,141;29,02558795;11,87827958;-13,15505733
196,739;28,39925719;4,094928581;-6,454316427
197,337;17,21980264;4,042135424;-20,86314396
197,934;14,29056188;8,390143091;-9,774266265
198,532;3,757827827;15,79575106;-7,769423534
199,130;-4,251143916;12,80143847;-8,423913281
199,727;-11,41045904;18,44289994;-9,861932413
200,325;-5,646630231;14,16833174;-12,06737431
200,922;-9,354838055;8,827845296;-15,78321756
201,520;-17,42926868;8,400460045;-14,23086663
202,117;-1,2282497;12,99231521;-19,84793002
202,715;-2,83649982;5,474861259;-2,064408785
203,312;-0,711132911;13,28027826;-13,09729507
203,909;-4,382470581;5,294790718;4,502304928
204,507;-6,664657566;4,165583914;5,134120782
205,104;12,02186031;-5,793144702;13,4104078
205,701;5,309734561;-15,2647003;19,75248772
206,298;10,33623853;-4,676145231;16,34743878
206,896;3,015720467;-4,391026577;18,82990176
207,493;-20,28740292;-4,993065214;29,43641296
208,090;-40,9071072;2,749816717;30,29743758
208,687;-8,446969052;-0,300466018;41,87082479
209,284;-1,837187309;4,883117549;37,90484724
209,881;6,364657255;-5,044901739;39,9869374
210,478;1,995305303;-6,948086298;44,54347576
211,075;23,46427707;-6,599749025;46,22335535
211,672;21,10591857;-16,70619176;46,29303649
212,269;27,92381987;-26,92532024;52,82124327
212,866;38,00093242;-29,47682773;51,41065697
213,463;58,03443613;-33,83838323;41,44796331
214,060;45,9631564;-34,77513548;28,27448038
214,657;41,24649907;-43,77038339;25,04527763
215,253;35,54672694;-42,51093921;14,30495583
215,850;40,79592954;-36,2625947;11,34441616
216,447;28,58707634;-46,13942712;10,92415391
217,044;29,63464117;-48,1932504;16,09382381
217,640;27,4990628;-29,89183632;5,948121509
218,237;21,95413875;-26,89518478;1,99596333
218,833;13,72036959;-15,86392855;0,619835088
219,430;15,27249736;-21,08196701;10,71276212
220,026;16,60239486;-20,43519326;10,29563775
220,623;20,11149156;-26,05680449;7,041090418
221,219;11,05664519;-38,77831249;3,83374462
221,816;18,43180019;-14,76612791;7,345334213
222,412;23,65930445;-1,931849166;0,926724042
223,009;29,06976693;-3,291493128;4,214223226
223,605;28,97836699;-1,625543471;1,301323833
224,201;33,42423016;-17,53764374;3,668903339
224,798;27,23446968;-9,871977722;4,129145001
225,394;29,32839231;-16,05609578;10,70624362
225,990;23,02566565;-0,309335627;5,838798719
226,586;14,31306809;2,390229707;2,895752138
227,182;-1,629007229;-9,854805603;0,944569611
227,778;-10,82603294;-21,22522671;4,927609054
228,374;-19,48562745;-15,61164812;-2,327987539
228,971;-21,68199734;-20,863549;-8,323072558
229,567;-34,90534566;-6,162557487;-16,48379102
230,163;-41,40351111;-0,033750031;-22,97332978
230,758;-37,89473608;6,731389858;-31,53781741
231,354;-23,64104127;5,588585458;-22,09405436
231,950;-10,52016482;17,22824529;-14,04525437
232,546;8,415233962;13,85818303;-11,78335487
233,142;-0,66918718;20,51023018;-9,625389236
233,738;-7,664233421;1,658826249;-0,865801854
234,334;-1,329012419;7,420578122;-1,989528357
234,929;-1,314902366;1,670645161;6,627174593
235,525;4,297726305;-5,3539714;9,384461711
236,121;-18,04979266;-17,28501585;16,52949148
236,716;-28,62305793;-20,95565346;33,8055352
237,312;-33,3863248;-28,97805207;42,93252606
237,907;-29,13283709;-33,41601558;23,93500028
238,503;-36,14372391;-33,53836282;6,812274441
239,099;-29,25515015;-18,04176384;8,508363206
239,694;-44,51048914;-48,57881453;8,992560963
240,289;-37,37035697;-43,47163879;9,973926549
240,885;-25,37926503;-49,39152416;-1,18260955
241,480;-6,742282046;-17,93292493;-19,46808711
242,076;-16,82847696;-25,89614711;-22,24304918
242,671;-8,955676839;-21,44342164;-28,21418903
243,266;-16,2266568;-18,24242529;-21,93117644
243,861;-4,647210202;-21,40209857;-17,40554025
244,457;1,282051059;-17,49116571;-22,30088565
245,052;0,841424033;0,081520496;-10,23686373
245,647;-0,364167794;3,697875444;-3,591530197
246,242;-3,635093153;7,455428926;5,102880501
246,837;12,21171026;-7,692307015;18,84207727
247,432;21,07558282;-7,615480857;7,407406529
248,027;24,1909121;-12,75719978;20,30209942
248,622;20,3947362;-3,304956484;24,27313981
249,217;20,72556133;-11,66358011;35,66027938
249,812;14,41701663;-21,60686474;28,61041574
250,407;19,60681401;-13,82795058;20,98324581
251,002;11,88038716;-17,43280455;15,64095839
251,597;16,44132001;-13,42086151;10,26259269
252,192;9,654979993;-2,014388082;4,094028816
252,786;17,76219667;9,318181312;15,78256364
253,381;3,28457074;8,796648308;0,899634463
253,976;6,726070185;5,132849506;6,666667624
254,571;8,294037519;12,68412509;-5,918562525
255,165;12,61233244;16,59024514;-3,106796003
255,760;13,90557959;6,518933238;3,250517354
256,354;16,1971839;7,651320852;-1,635770053
256,949;10,35175822;2,700963961;0,68011725
257,543;2,789585167;3,937007277;6,742640411
258,138;3,384692632;-3,297683423;3,711936025
258,732;7,677648582;1,099518496;3,961137643
259,327;9,704881735;8,909671384;-7,944358683
259,921;15,99397469;3,463633461;-6,59232605
260,515;-0,814066798;2,803308836;-1,700984515
261,110;-9,113926994;3,893636294;8,722651556
261,704;8,629646083;1,701031534;14,97975781
262,298;-3,645570613;-5,665164404;15,28936069
262,893;-8,560925518;-1,313268255;18,16391786
263,487;-25,15687112;-1,316108874;22,3180319
264,081;-18,79619829;-3,413237056;17,8884934
264,675;-9,777102399;-13,20808486;23,82988289
265,269;-31,28916602;-15,33651331;26,75388964
265,863;-9,045015996;-15,01511494;23,71109066
266,457;-5,003450628;-6,487916284;13,98252116
267,051;-14,23423457;-1,860463259;8,434344108
267,645;-18,6618571;0,810812927;0,442477839
268,239;-34,87544349;-10,75857053;-7,887161574
268,833;-29,20146841;-7,841865059;-5,004147376
269,427;-15,80806601;9,983360843;9,290629331
270,021;-22,76712251;8,383928941;9,51586005
270,614;-14,72553082;10,16225542;11,84923416
271,208;-18,06520531;9,38383173;4,73897639
271,802;-8,850973103;6,775701391;15,07755455
272,396;-7,903601619;13,02960098;23,97365617
272,989;6,335939815;14,70000125;25,81379528
273,583;14,84869797;17,61129291;14,15655428
274,177;19,82888677;25,9473993;8,143652356
274,770;10,84096213;12,0362009;0,557668869
275,364;22,43150769;18,97682611;-0,214420292
275,957;18,66367043;20,2705429;0
276,551;22,28590683;21,01105642;9,31321674
277,144;14,75609862;13,41520988;5,360227939
277,737;21,48098986;11,44200535;3,636869366
278,331;13,9072862;17,2859441;-2,058823394
278,924;21,3913062;19,73652344;19,60833205
279,517;8,583943276;15,12893983;27,82683726
280,111;12,57627978;14,59619182;29,72390059
280,704;5,6395216;9,333335639;29,32123104
281,297;6,579595688;5,396287112;28,31570378
281,890;8,452249977;4,473187588;17,91229023
282,483;6,492247397;14,31773043;16,68764177
283,077;-4,003501351;2,699755604;14,58483681
283,670;-8,769162727;2,208282448;18,74850051
284,263;-14,13339527;-4,179564706;6,008251665
284,856;-3,462219638;-12,71079935;-11,066931
285,449;1,079970322;-10,16141779;-15,90012988
286,042;-6,412884627;-7,918552241;-23,89620353
286,634;-0,639549526;-8,379887499;-24,80739556
287,227;-4,292845271;-7,942148502;-4,882459711
287,820;-2,037037851;-5,908204456;-10,98752034
288,413;7,57519755;1,451028466;-1,25874147
289,006;1,850451953;-0,722543073;-5,7028114
289,599;10,09870725;5,673336609;7,230769277
290,191;1,124361563;11,1255701;10,30439712
290,784;-7,442937639;12,88708246;11,45264105
291,377;-1,935485912;9,708161348;10,06205709
291,969;-16,01997709;18,38389871;21,77921225
292,562;-2,73972342;22,25732248;19,7248666
293,154;-11,82398526;25,8353244;26,22152923
293,747;-17,22473574;21,52438965;12,50497795
294,339;-11,92767589;10,79136919;24,41579208
294,932;-9,456740956;8,844341389;14,17399799
295,524;-0,959520838;2,565406602;10,59122903
296,116;6,115108078;-2,701993877;17,64232573
296,709;14,03612563;-9,768114829;16,3222707
297,301;14,92498058;-11,80245473;6,357584903
297,893;5,53041717;-20,94137616;12,98701282
298,486;14,60925931;-22,63067069;10,13177795
299,078;16,61672482;-21,2300411;13,34477629
299,670;22,31736757;-12,71676308;8,931956998
300,262;23,48971637;-9,920237791;23,8581849
300,854;22,03551099;-5,236028099;22,85048693
301,446;17,21508639;-4,352176333;15,72449605
302,038;22,47191;-2,213328328;6,705352147
302,630;32,35533568;-7,688430657;2,139616014
303,222;47,23473807;0,29161576;-14,21499329
303,814;46,11464691;-1,058455282;-13,46566463
304,406;31,42348756;0,864618683;-13,51279298
304,998;31,41326398;6,381018341;-8,559129381
305,590;15,11245227;3,940756893;-11,78526982
306,182;13,63341851;2,994791329;-3,869605232
306,773;14,03508755;8,215041357;-2,078569602
307,365;7,569266357;14,84577729;8,21802931
307,957;-2,222222057;11,10526408;15,60571077
308,549;-16,47521164;2,67686485;26,3665005
309,140;-21,47964696;-1,214682184;24,89557284
309,732;-29,42165702;0,101832171;26,79673095
310,323;-28,7688823;-7,334199944;22,88121117
310,915;-22,16606509;-4,105506151;18,97043063
311,506;-20,02915391;-6,316461166;13,186388
312,098;-20,7309944;-9,834676049;19,12390942
312,689;-14,99466438;-6,791420923;23,3216196
313,281;-15,10869609;0,344687121;33,43605684
313,872;-5,923248126;4,607843166;25,83886463
314,463;5,925302527;6,49058136;19,29923207
315,055;10,93239461;2,082033051;19,17730997
315,646;6,806127368;6,254003104;21,92339144
316,237;11,04742055;-1,722900659;22,34220798
316,828;14,55611772;-1,163852;27,70628307
317,420;20,06844174;11,03002573;21,01797487
318,011;19,68462501;8,67500979;16,04914948
318,602;16,92025204;4,160919875;8,481504516
319,193;7,871396819;6,707705553;12,71413833
319,784;-4,968153603;3,666937137;16,87422173
320,375;-2,460456603;-7,078651382;22,3097119
320,966;-2,998125905;-5,259768386;17,33141513
321,557;1,327591619;2,419354083;14,77449345
322,148;-2,338008917;1,853505874;18,45817662
322,738;-0,720201956;-4,244212662;14,80965661
323,329;-6,289707259;-2,865194862;14,70032979
323,920;-6,686627393;-0,31710114;13,57931704
324,511;6,52238392;-3,065589516;3,692159924
325,102;12,71812982;-1,330655766;6,89173458
325,692;17,23212103;13,11837573;-7,770349057
326,283;11,55155625;0,453564199;-0,064822756
326,874;5,901930088;-3,08525757;3,950616944
327,464;6,951872025;2,367747918;6,825045224
328,055;0,189873238;1,167656644;9,04141569
328,645;5,41721268;-0,442732677;12,12484954
329,236;14,10910463;-2,037455176;9,637326223
329,826;14,65447173;2,0837945;12,92027933
330,417;9,532710428;5,87212726;6,390211583
331,007;12,24263863;0,952767614;17,65370606
331,597;19,45749624;7,146008523;19,15942672
332,188;21,22892087;8,521626296;12,42471501
332,778;21,20874179;6,965291449;4,241645461
333,368;31,22210337;4,459883539;-0,351541427
333,958;28,8883743;14,08158515;-6,977335584
334,548;32,8347061;13,55672302;3,309002368
335,139;24,763706;10,18789144;2,288439548
335,729;38,38946564;4,04583704;2,421615717
336,319;25,09372099;5,700549689;-3,951368534
336,909;31,16375409;9,242064343;-3,534031448
337,499;26,36934409;-0,615006429;-2,271130998
338,089;27,3470401;4,618668883;-0,474031008
338,679;11,53658546;9,765984658;6,293443448
339,269;13,08036745;2,37635265;9,945255918
339,858;6,124797106;3,296489382;-1,250213888
340,448;9,19676836;3,69928395;-1,357230049
341,038;-1,920878275;3,837425163;-0,049464093
341,628;5,886287565;8,502663105;2,421142265
342,218;1,314555432;11,51479122;-2,821772449
342,807;10,45184815;16,40256851;-12,01836715
343,397;3,785349425;11,94130831;-23,8698391
343,986;10,19011508;3,454544847;-17,92980228
344,576;11,89626507;5,495942675;-25,14506964
345,166;13,4304648;5,106485514;-31,01142316
345,755;12,51287391;6,425902936;-26,61367786
346,345;24,28376474;8,514952463;-37,21917124
346,934;15,27361879;-3,923410581;-37,21042499
347,523;18,9336806;-29,47141593;-28,9886556
348,113;16,38678199;-9,459459003;-30,61275092
348,702;25,23256032;-17,45554592;-21,56392424
349,292;24,00671482;-22,2638004;-35,70888907
349,881;36,75925829;-21,49208606;-22,71135495
350,470;39,35867409;-18,34721604;-12,20821672
351,059;36,71510748;-15,70370385;-10,08492568
351,648;25,30685011;-3,779289845;7,715689033
352,238;32,87267654;7,702611775;3,771661668
352,827;18,32984422;17,54653693;4,415465705
353,416;18,83983562;10,4357987;15,56672939
354,005;22,02987842;17,71247013;5,532830801
354,594;21,51454363;25,03816837;10,65052301
355,183;4,100069679;27,49638265;4,635037192
355,772;-3,152615189;26,95069182;-0,36032614
356,361;2,811333006;21,08583641;-3,35954288
356,949;3,815416486;12,52556932;-8,313004313
357,538;8,70760803;7,735307125;3,311258884
358,127;20,62472378;6,338492272;4,244031695
358,716;16,40151615;8,747617169;0,800139419
359,304;12,34659705;6,706745283;12,23047648
359,893;11,15750784;6,47509631;15,51341134
360,482;17,00391102;8,973617517;18,3613751
361,070;17,17519631;1,225806288;23,40975761
361,659;16,98680459;9,123433899;28,75322743
362,247;13,10297613;11,95279135;26,53269777
362,836;6,997742691;9,836415142;29,2591204
363,424;6,36634355;10,10270611;24,84006464
364,013;7,278287481;10,53521147;16,26506081
364,601;5,338946117;12,80394349;13,79597309
365,190;2,887019397;12,77563965;4,599964162
365,778;-1,025081469;1,155860536;-3,934426778
366,366;-9,151291553;4,110275954;-4,997492863
366,955;-9,652174117;0,756966148;-5,44907396
367,543;1,573395641;3,761128639;-9,505015506
368,131;6,896055415;12,07694402;-16,50175019
368,719;11,770194;9,205189269;-11,16668912
369,307;10,70415943;6,694349935;-5,133057766
369,895;10,93982579;7,238768716;-8,879167827
370,483;12,53889844;4,685165577;-8,12166549
371,071;13,721536;8,711804388;-2,548869169
371,659;15,85182979;11,05932143;-0,253036181
372,247;14,200444;10,6170876;0,418138567
372,835;13,05213191;5,080782477;0,338212069
373,423;10,61224485;2,892254445;1,315360412
374,011;4,496029972;3,05800543;-1,633986836
374,599;3,703865281;2,461228785;0,704913982
375,186;3,431048491;0,787521119;0,08517884
375,774;4,606457347;0,308932977;0,984663226
376,362;3,343665899;-0,031140473;0,133700338
376,950;3,006093253;-1,693894438;-0,797126514
377,537;1,833600084;-1,270162201;-1,386802715
378,125;1,14395242;-0,529558963;-0,347592231
378,712;0,174238569;-0,077808291;-0,304789911
379,300;0,582801435;0,648688954;1,169441575
379,887;0,57897035;1,045523274;0,23441619
380,475;1,025817111;1,14289351;1,05003552
381,062;0,06747634;1,663694796;0,410927217
381,650;0,102541203;1,522135296;0,940615161
382,237;-0,103161708;1,798152662;0,575933991
382,824;0,68212468;2,240048748;1,350879282
383,411;1,306280928;2,510080423;1,88618963
383,999;1,788898083;2,150678979;1,666403015
384,586;2,449166708;1,540445126;1,122685941
385,173;2,457638062;1,988202513;1,329940995
385,760;1,815152436;2,166275925;1,011261126
386,347;1,692141413;2,329824874;2,029435555
386,934;1,561196865;2,762149783;2,030040176
387,521;1,44281052;3,238345208;2,234636801
388,108;1,590481574;2,885560219;2,196380695
388,695;1,011958755;2,928119992;1,79003213
389,282;0,830794067;2,803894385;2,152533821
389,869;0,346846643;3,062039684;2,1099048
390,456;0,137921474;3,192976287;2,014412051
391,043;0,708441998;3,600851866;2,498736496
391,630;1,058519637;3,896059457;2,234527585
392,216;1,244343986;4,083211098;2,466236632
392,803;1,19646237;4,319428221;2,689061954
393,390;1,083907164;4,664093944;2,847803449
393,976;1,119317452;4,918009598;2,751877384
394,563;1,336344523;5,479018047;2,6299922
395,149;1,539669706;5,699186113;2,829905094
395,736;1,664055763;5,403029852;3,325996914
396,322;1,153693033;5,095055844;3,347663593
396,909;0,886026553;4,920967712;3,636668724
397,495;1,207341137;4,950348576;3,653105556
398,082;1,417663179;4,801332349;3,70211704
398,668;1,304258557;4,798217549;3,820573497
399,254;1,469090402;4,967318333;4,041583123
399,841;1,374253031;4,897808678;4,113101604
400,427;1,368199316;4,934733663;4,252231753
401,013;1,373600799;5,255799592;4,297882713
401,599;1,49303112;5,332491136;4,479311675
402,185;1,457934727;5,499929355;4,567253387
402,771;1,178131967;5,497180437;4,87505241
403,357;1,05544116;5,716492743;5,04822041
403,943;1,292257276;5,987368673;5,339828397
404,529;1,153423686;6,251105434;5,650805797
405,115;1,31232391;6,583419629;5,977074552
405,701;1,477432216;6,80735369;6,238068202
406,287;1,627545594;6,920522729;6,564899005
406,873;1,79422522;6,952568702;6,719145808
407,459;1,89087246;6,965858578;7,094223754
408,044;1,992543015;7,366319011;7,217675975
408,630;2,147373281;7,584032521;7,66409515
409,216;2,108565465;7,679210039;7,808653294
409,802;2,238848672;7,65868025;8,073102148
410,387;2,239092902;7,755390212;8,29145819
410,973;2,231240215;7,925197728;8,688008846
411,558;2,257948163;7,935880021;9,020281799
412,144;2,164348594;8,112309359;9,359803009
412,729;2,154294326;8,469221458;9,481612587
413,315;2,336211569;8,530012555;9,773710524
413,900;2,458004788;8,706157445;9,870754674
414,485;2,457347687;8,879443234;10,21125727
415,071;2,594887447;9,023410843;10,38075082
415,656;2,544201586;9,11002504;10,75348466
416,241;2,512827406;9,089508633;10,81388958
416,827;2,473556257;9,463172597;10,97478629
417,412;2,50041815;9,834068201;11,20290579
417,997;2,680874073;9,902156107;11,65789307
418,582;2,595562371;10,05413504;11,74288786
419,167;2,58941306;10,31625955;12,17934282
419,752;2,693957152;10,40031908;12,30562311
420,337;2,675189029;10,60951428;12,61297251
420,922;2,720290721;10,9746528;12,67710595
421,507;2,855676767;11,11030001;13,07553514
422,092;2,834342747;11,17126151;13,28954661
422,677;2,824277314;11,30866413;13,50085947
423,261;2,923831608;11,49636708;13,50825858
423,846;2,931395404;11,72656196;13,80628102
424,431;2,99352881;11,71671868;14,00973959
425,016;2,879240241;11,91567085;14,23532372
425,600;2,841375436;12,08198797;14,32763466
426,185;3,078554241;12,03645691;14,68089589
426,770;3,212971918;12,44199121;14,66339908
427,354;3,281453285;12,50391645;14,80093518
427,939;3,275626955;12,57116226;14,91850404
428,523;3,207093685;12,58354294;15,12407331
429,108;3,285504638;12,6136632;15,30273197
429,692;3,093334111;12,7796092;15,45092264
430,276;3,173137052;13,0789411;15,4401989
430,861;3,259340025;13,10109203;15,70255513
431,445;3,120711824;13,26326116;15,64145172
432,029;3,057253402;13,12673235;15,90010363
432,613;3,111005289;13,24141749;15,99090603
433,198;3,207229072;13,43162873;16,0448521
433,782;3,196557155;13,67571787;15,93635967
434,366;3,071137212;13,54604817;15,98477245
434,950;3,1543551;13,70452531;16,01285028
435,534;3,125549883;13,63182362;16,23060388
436,118;3,115016248;13,66493225;16,27439051
436,702;3,130361363;13,77489234;16,5514843
437,286;3,066515992;13,94492638;16,59777074
437,870;3,083770755;14,01982431;16,68447742
438,454;3,11707229;14,0664045;16,87508098
439,038;3,221761027;14,13348581;17,10626951
439,621;3,290219463;14,48555634;17,31206186
440,205;3,216481228;14,43296889;17,3902869
440,789;3,204609938;14,65221998;17,39895262
441,372;3,213222629;14,75703356;17,54511907
441,956;3,29560285;14,73685201;17,48364698
442,540;3,395819888;14,79121769;17,5795531
443,123;3,37534815;14,92662514;17,61042402
443,707;3,353732739;14,86668054;17,5293811
444,290;3,233771744;14,92696346;17,54621166
444,874;3,346680194;14,89530502;17,42221515
445,457;3,482514133;15,03948856;17,47201418
446,040;3,623446499;14,88736496;17,57152069
446,624;3,545897937;14,90024537;17,44518366
447,207;3,418660584;14,9703039;17,46921238
447,790;3,314418097;15,0608924;17,50904622
448,374;3,379930186;14,98841654;17,64798498
448,957;3,359578045;15,0778892;17,71381065
449,540;3,249597604;15,03329432;17,79512366
450,123;3,185291014;14,99322734;17,91363643
450,706;3,192044191;14,95834498;17,82781743
451,289;3,14641912;15,18899364;17,74948987
451,872;3,24113595;15,24739352;17,78867204
452,455;3,252906441;15,30437053;17,75595957
453,038;3,289907882;15,26731238;17,72188966
453,621;3,205501034;15,29013946;17,8002843
454,204;3,265914764;15,29238664;17,79629812
454,787;3,395024191;15,31724406;17,77157872
455,369;3,438634359;15,34240973;17,69836578
455,952;3,343787848;15,35988961;17,73339739
456,535;3,314083197;15,19757772;17,81258338
457,117;3,167837642;15,25270382;17,84418647
457,700;3,159104928;15,26207481;17,93319861
458,283;3,172109817;15,29726004;17,95033459
458,865;3,121615951;15,29496364;17,81416836
459,448;3,058397601;15,32132756;17,78079109
460,030;3,063956345;15,34223739;17,87204554
460,613;2,935455372;15,42980915;17,88385509
461,195;2,958934671;15,4903071;17,92613227
461,777;2,962948023;15,57108649;17,91257059
462,360;3,063835374;15,53295752;17,96260421
462,942;2,99873247;15,50646218;17,84431358
463,524;2,980439296;15,48552949;17,79819357
464,107;2,990383565;15,48520676;17,81586715
464,689;2,978332714;15,48042465;17,9083717
465,271;2,972094969;15,55443421;17,87442771
465,853;3,018952443;15,60405341;17,93532163
466,435;3,041854176;15,53626609;17,88782379
467,017;3,023784659;15,52165194;17,81842466
467,599;3,000649039;15,53971906;17,77699711
468,181;3,055463124;15,54377575;17,79154985
468,763;3,005325157;15,47541699;17,77894063
469,345;3,030138899;15,53010981;17,77057964
469,927;3,017225198;15,5181771;17,66646042
470,508;2,987137722;15,45958597;17,61287331
471,090;2,90681788;15,36994805;17,44962344
471,672;2,871929266;15,3571908;17,36437012
472,254;2,892757529;15,26475037;17,38598627
472,835;2,906764679;15,15098405;17,27599425
473,417;2,904083921;15,1388823;17,25284041
473,998;2,947156452;15,20944068;17,15566338
474,580;2,982649806;15,14683434;17,06468567
475,161;2,935418673;15,0636082;16,87850353
475,743;2,902913664;14,98412392;16,74580218
476,324;3,022640163;15,01026279;16,78022315
476,906;2,99143118;15,03120271;16,83277035
477,487;2,971480719;15,06117761;16,67810005
478,068;2,91605997;15,14990646;16,52412634
478,650;2,867294367;15,07709446;16,50037694
479,231;2,810893631;15,02849371;16,44361973
479,812;2,734576329;15,00694998;16,3439652
480,393;2,783920979;15,08297004;16,41620427
480,974;2,787214829;15,08583093;16,31915704
481,555;2,703911457;15,01878762;16,18381229
482,136;2,713951092;14,9567627;16,10718228
482,717;2,610195557;14,95017101;16,10946442
483,298;2,660662816;14,86384235;16,13060843
483,879;2,664113761;14,88953973;16,01987919
484,460;2,631456162;14,79346743;15,9312016
485,041;2,615749359;14,76967945;15,74914308
485,622;2,648334382;14,73918927;15,64881802
486,203;2,646289162;14,72200983;15,60261079
486,783;2,665543799;14,72709908;15,49818486
487,364;2,601449629;14,68866762;15,29290967
487,945;2,664565728;14,60522861;15,18822947
488,525;2,660000221;14,64938144;15,0938818
489,106;2,714900825;14,5741778;14,95096105
489,686;2,71388139;14,61352664;14,81162738
490,267;2,748575949;14,52164634;14,8277027
490,847;2,758026433;14,5174496;14,67707781
491,428;2,760663618;14,44454055;14,57952543
492,008;2,770588808;14,34728753;14,49373659
492,589;2,775833956;14,26577267;14,43290719
493,169;2,736075755;14,22977245;14,27737214
493,749;2,688385232;14,15153109;14,2410061
494,329;2,649745624;14,15890451;14,14196937
494,910;2,681550271;14,1476545;14,11623401
495,490;2,661407113;14,23794056;14,02875259
496,070;2,554216378;14,06832769;14,01566417
496,650;2,587937164;14,10064618;13,89877358
497,230;2,586819303;14,09716099;13,81729726
497,810;2,608045489;14,13160346;13,72464529
498,390;2,655528387;14,090327;13,67911206
498,970;2,643622489;14,06121901;13,52734957
499,550;2,647992628;13,98066502;13,47042816
500,130;2,585778791;13,94473149;13,36307311
500,709;2,562911555;13,9014963;13,26820309
501,289;2,591322504;13,94352315;13,17504168
501,869;2,504316889;13,91318008;13,11455248
502,449;2,426166415;13,86300397;13,06124442
503,028;2,508093134;13,84486964;12,9876193
503,608;2,438495258;13,87005446;12,90958661
504,188;2,401205981;13,82843977;12,86114755
504,767;2,30413332;13,86203433;12,87480056
505,347;2,293022049;13,76258609;12,80477398
505,926;2,307877595;13,68862305;12,65103162
506,505;2,294849981;13,63215565;12,54609941
507,085;2,255393632;13,54690804;12,50876582
507,664;2,308122099;13,51882039;12,41411544
508,243;2,215011199;13,4835674;12,26814317
508,823;2,167626984;13,45686128;12,22435924
509,402;2,115189045;13,48898436;12,14706106
509,981;2,157275558;13,397391;12,01161725
510,560;2,09846917;13,47761982;11,90362851
511,139;2,076552893;13,42009419;11,90621144
511,719;2,112419367;13,42566433;11,85619243
512,298;2,146908547;13,40712588;11,77784439
512,877;2,104585309;13,41274769;11,69814006
513,456;2,053376914;13,32162239;11,61167795
514,034;2,123428564;13,33033826;11,46541698
514,613;2,131477526;13,2226234;11,42144163
515,192;2,179202708;13,25667708;11,30170461
515,771;2,280254412;13,18557132;11,26652873
516,350;2,232103129;13,16505101;11,15011286
516,928;2,208743967;13,15648241;11,04896375
517,507;2,217304664;13,10149686;10,89579262
518,086;2,141377964;13,01942826;10,83230377
518,664;2,093592853;13,0533816;10,78217124
519,243;2,036875837;12,94038896;10,74074037
519,821;2,071912765;12,9565914;10,62172858
520,400;1,991531417;12,83123271;10,64225144
520,978;2,01090316;12,76519925;10,58474161
521,557;1,964352257;12,69620769;10,51833653
522,135;1,944592372;12,68323233;10,40569799
522,714;1,879336618;12,72327765;10,37989517
523,292;1,914198246;12,73789051;10,25816032
523,870;2,017111736;12,65965762;10,22436908
524,448;2,060117601;12,54483933;10,16183754
525,026;2,090692845;12,51721176;10,12332707
525,605;2,093542387;12,53448503;9,972753362
526,183;2,049099419;12,45499616;9,86468546
526,761;2,126568703;12,3918469;9,709948106
527,339;2,074058148;12,28866829;9,597442714
527,917;2,061172757;12,11528784;9,467927336
528,495;2,089681329;12,0741633;9,462122056
529,073;2,007662635;12,04031873;9,392308215
529,650;1,957460656;12,16593297;9,298955675
530,228;1,909189337;12,07562404;9,218550145
530,806;1,87136391;12,05149365;9,174145642
531,384;1,831719947;12,07678098;9,146272167
531,962;1,809928438;12,14033006;9,147964565
532,539;1,773269809;12,17326942;9,085798786
533,117;1,792113594;12,21473265;8,995664697
533,694;1,750925282;12,19055629;8,976742108
534,272;1,760970411;12,285659;8,974948507
534,849;1,707329483;12,15585784;8,943512205
535,427;1,716958875;12,13409079;8,929781542
536,004;1,799036436;12,08575612;8,853080495
536,582;1,808661253;12,07679215;8,853480106
537,159;1,773170095;12,07840733;8,8264518
537,736;1,856420364;12,09586361;8,863570711
538,314;1,836902317;12,14450806;8,847370939
538,891;1,856166033;12,10455366;8,785137867
539,468;1,820951144;11,95657312;8,643401677
540,045;1,834260194;12,04712505;8,609073084
540,622;1,821114192;11,99279899;8,486512858
541,199;1,782268321;11,95114017;8,540630434
541,776;1,760947412;11,8898588;8,515403107
542,353;1,79019497;11,82276826;8,530047929
542,930;1,660390067;11,7513012;8,511238145
543,507;1,630105952;11,68894614;8,544973332
544,084;1,581348579;11,75386192;8,513114292
544,661;1,602229495;11,79826338;8,548308999
545,238;1,666148931;11,79423219;8,522452585
545,815;1,649555056;11,86311116;8,56142497
546,391;1,638075061;11,95015784;8,422201409
546,968;1,643250406;11,9690942;8,381915451
547,545;1,59938753;11,97644784;8,345657786
548,121;1,628874576;11,95971839;8,292542559
548,698;1,627927798;12,00332762;8,234569095
549,274;1,631448545;11,89397623;8,155716263
549,851;1,675458734;11,954618;8,08284981
550,427;1,638444544;11,91666398;8,082806269
551,004;1,65055208;11,94665539;8,041288516
551,580;1,605316484;11,88136701;8,030078785
552,156;1,609098538;11,87332911;7,991076546
552,732;1,617320758;11,94471941;7,961026634
553,309;1,591559207;11,96701978;7,969328501
553,885;1,653627544;11,94140694;7,995046601
554,461;1,560291347;12,01687041;7,976955862
555,037;1,466116407;11,94276212;8,022899025
555,613;1,463751647;11,91263079;7,950660391
556,189;1,408841617;11,83566288;7,967488002
556,765;1,399975176;11,87260827;7,966536864
557,341;1,424279426;11,86481688;7,908729688
557,917;1,389373485;11,84517142;7,960123274
558,493;1,404510174;11,76459783;7,925895585
559,069;1,37455516;11,67744356;7,947712404
559,645;1,502085278;11,6923681;8,053742894
560,220;1,576825408;11,69755742;8,043844539
560,796;1,597554031;11,75902175;8,077063635
561,372;1,554752239;11,78823483;8,105566695
561,948;1,546652549;11,84152837;8,18264769
562,523;1,48834803;11,82419012;8,26488948
563,099;1,497030287;11,75731457;8,27513542
563,674;1,536988585;11,85588624;8,2688145
564,250;1,520014514;11,95003501;8,246173691
564,825;1,478074752;11,8904673;8,183032754
565,400;1,438821287;11,90725986;8,254144661
565,976;1,37039527;11,85178796;8,358394182
566,551;1,461020386;11,80115409;8,350315379
567,126;1,530444154;11,80334681;8,264675715
567,702;1,606071042;11,92298528;8,290434521
568,277;1,612731476;11,99498181;8,260884096
568,852;1,587106964;12,01793429;8,302231209
569,427;1,604501425;12,05446291;8,336241482
570,002;1,664010677;12,10905286;8,382115993
570,577;1,708272071;12,1691522;8,403693382
571,152;1,717203334;12,23317045;8,429893956
571,727;1,727612965;12,40970751;8,401539151
572,302;1,747548849;12,40580265;8,639555485
572,877;1,750775103;12,43222848;8,6728672
573,452;1,777690678;12,43720984;8,735548802
574,026;1,747738609;12,39790267;8,860913594
574,601;1,749301858;12,38394382;8,962359656
575,176;1,731115447;12,4402465;9,039892246
575,751;1,757010547;12,47612979;9,104718311
576,325;1,819909037;12,49902032;9,091285923
576,900;1,8002129;12,42175866;9,283533306
577,474;1,765067333;12,44876921;9,30186975
578,049;1,754796941;12,51670839;9,414669856
578,623;1,795445976;12,55891673;9,480712532
579,198;1,82017139;12,64816099;9,57283683
579,772;1,889908677;12,69092528;9,670218315
580,346;1,906205891;12,65692167;9,77957938
580,921;1,875797312;12,64708424;9,825452221
581,495;1,905816212;12,70547567;10,05163976
582,069;1,982508572;12,81198542;10,12782431
582,643;2,047318178;12,83094556;10,20610124
583,218;2,0185877;12,8651866;10,35177332
583,792;2,061827679;12,86883763;10,48331795
584,366;2,137686821;12,95338225;10,60349643
584,940;2,102638101;12,96672367;10,7377182
585,514;2,09314431;13,18077257;10,85546476
586,088;2,075646254;13,2676858;11,14591335
586,662;2,071044445;13,32675156;11,15161751
587,235;2,1462674;13,39928767;11,24521713
587,809;2,153899016;13,46922395;11,32423943
588,383;2,217538338;13,43993923;11,40058031
588,957;2,164113936;13,49547427;11,62856155
589,530;2,235482438;13,44206117;11,8065678
590,104;2,241275204;13,60025551;11,90900099
590,678;2,371674381;13,50225018;12,01123071
591,251;2,38085564;13,48529343;12,02741937
591,825;2,483932859;13,51331898;12,17483227
592,398;2,388910606;13,52811592;12,35232696
592,972;2,4880444;13,6266967;12,57916285
593,545;2,517117161;13,67809473;12,72044794
594,118;2,636281181;13,82737884;12,8499777
594,692;2,61850714;13,96116406;12,96490958
595,265;2,743124707;14,00559869;13,18776238
595,838;2,740620402;14,18104058;13,38914264
596,411;2,842639945;14,32515341;13,56774919
596,985;2,744714117;14,41656805;13,7589736
597,558;2,877705131;14,42255382;13,93174839
598,131;2,812842895;14,42958852;14,09187743
598,704;2,865525823;14,51942604;14,43185728
599,277;2,898537931;14,45587079;14,70684682
599,850;2,92509931;14,5718426;14,88505754
600,423;2,871267834;14,60200892;15,07018299
600,996;2,951537126;14,58285656;15,34586722
601,568;2,960418273;14,53350922;15,54511809
602,141;3,112508411;14,55599887;15,76371254
602,714;3,102477618;14,58571;16,0134671
603,287;3,243604968;14,65085456;16,22747402
603,859;3,357436008;14,71528512;16,30223486
604,432;3,419993759;14,87107098;16,41210938
605,004;3,413283178;14,91904136;16,46111769
605,577;3,440474883;15,05944805;16,52824527
606,149;3,356579993;15,12230141;16,64482392
606,722;3,393764559;15,26371655;16,75996425
607,294;3,491997992;15,32890655;16,94678
607,867;3,600149241;15,34874436;17,10858471
608,439;3,582541435;15,38262729;17,20079736
609,011;3,540164891;15,37629164;17,35399814
609,584;3,494049273;15,40647511;17,43476361
610,156;3,621805297;15,4483485;17,76899617
610,728;3,737462028;15,47388547;17,90960203
611,300;3,818595778;15,56862911;18,12555748
611,872;3,92377763;15,63493608;18,32315101
612,444;3,87366065;15,77739201;18,4379526
613,016;3,710496502;15,8124617;18,47160357
613,588;3,692962482;15,84004719;18,59862097
614,160;3,709674703;15,80616381;18,6888837
614,732;3,731691203;15,86923486;18,86988282
615,304;3,752976674;15,8603464;18,96461051
615,876;3,701552526;15,91073232;19,19704303
616,447;3,733976392;15,87435934;19,18250293
617,019;3,683333119;15,91061318;19,33709245
617,591;3,59310993;15,81848446;19,56481524
618,162;3,77065086;15,88747823;19,81211701
618,734;3,755767885;15,99447232;19,9364713
619,305;3,886881923;16,06465911;20,07770943
619,877;3,929210409;16,06154647;20,22421133
620,448;3,93549511;16,06179227;20,37225604
621,020;4,002651815;16,02270923;20,44913229
621,591;4,062079865;16,10474908;20,60153132
622,162;4,021269364;16,08458758;20,66644795
622,734;4,261338311;16,23198224;20,76211631
623,305;4,151876094;16,47959317;20,77676031
623,876;4,194942548;16,49027003;20,86011708
624,447;3,965533407;16,66450682;20,93708809
625,019;3,978146693;16,75582076;21,00845751
625,590;3,912423735;16,94601503;21,01144873
626,161;3,83441335;16,83163162;20,98665884
626,732;3,806895012;16,84531517;21,05505547
627,303;4,009741687;17,00652445;21,17618721
627,874;3,847677494;17,11732512;21,02488065
628,444;3,888239692;16,99487474;21,14075282
629,015;3,768144807;17,0752668;21,23233652
629,586;3,883370073;16,99301836;21,2027265
630,157;3,777591535;17,08550199;21,15156087
630,727;3,744213455;17,08266698;21,36855023
631,298;3,863806397;17,25874698;21,53089942
631,869;3,815568264;17,24926722;21,68412008
632,439;3,721266941;17,1891102;21,75848261
633,010;3,89886168;17,15627618;22,04464818
633,580;3,859611479;17,20630943;22,00018672
634,151;3,979705484;17,23841998;22,15918524
634,721;4,031451945;17,29420202;22,28709703
635,292;4,171795371;17,28189292;22,50762768
635,862;4,402076005;17,16386259;22,48514717
636,432;4,375421866;17,18162541;22,56129316
637,002;4,422895387;17,26314331;22,6971181
637,573;4,434690097;17,2324335;22,67384788
638,143;4,314201275;17,12663508;22,72995373
638,713;4,576953933;17,1499141;23,01066588
639,283;4,598117242;17,1506885;23,07197886
639,853;4,648760409;17,02039521;23,17368375
640,423;4,61957435;16,9350575;23,17541481
640,993;4,54291229;16,95846043;23,24854073
641,563;4,541999243;16,95966181;23,29427637
642,133;4,529744837;16,91209994;23,24081955
642,703;4,595940028;16,82964851;23,32246761
643,272;4,598072956;16,9320668;23,39438725
643,842;4,466667952;16,83979915;23,35465384
644,412;4,540248977;16,73716636;23,38172219
644,981;4,44814664;16,98206927;23,34067181
645,551;4,539416755;17,06652557;23,37306648
646,121;4,549380406;16,92780043;23,50602368
646,690;4,581656493;16,99804513;23,66448155
647,260;4,665071355;16,93379418;23,6851101
647,829;4,652295682;17,06615171;23,95795578
648,398;4,754203;16,95407303;23,90580401
648,968;4,56066168;16,98943918;23,91812248
649,537;4,394361832;17,13564285;23,89235803
650,106;4,385388019;16,89796955;24,11898788
650,676;4,207430717;16,78841857;24,19261834
651,245;4,250639231;16,98510032;24,10699748
651,814;4,124534002;16,78275593;24,05282751
652,383;4,0737901;16,80160375;24,21096833
652,952;3,980477868;16,92504732;24,09713721
653,521;3,868340682;16,84710237;24,24424325
654,090;3,992450101;16,98653789;24,38821173
654,659;4,185447122;16,88043756;24,64052933
655,228;4,316046455;17,13584475;24,66790538
655,797;4,494535488;17,23252247;24,87238892
656,365;4,37439657;17,1914634;24,94381949
656,934;4,472793845;17,3927932;24,99878148
657,503;4,447361679;17,48729413;24,86330539
658,072;4,499422118;17,32175654;25,05338616
658,640;4,586170592;17,4912303;24,99012105
659,209;4,645739413;17,62843773;24,99717901
659,777;4,565692436;17,69537853;25,02109948
660,346;4,540999804;17,85294643;25,06806851
660,914;4,441448225;17,94089856;24,81223387
661,483;4,500856034;17,9853021;24,96629647
662,051;4,535450022;18,01858716;25,03497104
662,619;4,476656617;17,89423913;25,3075092
663,188;4,567027774;18,06731174;25,18377617
663,756;4,608651015;18,03916202;25,16373412
664,324;4,484118288;17,92658391;25,15822282
664,892;4,551106808;17,76910215;25,24982581
665,460;4,398342075;17,57611163;25,22357071
666,028;4,482033517;17,47122677;25,39879335
666,596;4,419960388;17,45652141;25,40597313
667,164;4,36868468;17,51809641;25,474701
667,732;4,377288074;17,63815674;25,37979825
668,300;4,265089601;17,57636501;25,46533952
668,868;4,126694637;17,66290918;25,66024033
669,436;4,144007818;17,59406219;25,67252673
670,004;3,991492923;17,85240847;25,44440383
670,571;4,237171065;18,02520845;25,3863815
671,139;4,318095397;18,20537297;25,49277781
671,707;4,395376481;18,33403594;25,41585937
672,274;4,42898175;18,27114181;25,3305103
672,842;4,45313853;18,25951065;25,39222473
673,409;4,581886155;18,31909757;25,45255523
673,977;4,64792698;18,31330241;25,43075105
674,544;4,637106131;18,44311233;25,62432044
675,112;4,78495725;18,33189996;25,82184084
675,679;4,667974847;18,21733006;26,007231
676,246;4,588363306;18,22870706;26,0168535
676,814;4,470604583;18,30424998;26,13870596
677,381;4,515030457;18,3332835;26,40416552
677,948;4,516222661;18,45951994;26,46854573
678,515;4,522774121;18,46797635;26,42843384
679,082;4,578052772;18,42063654;26,47736912
679,649;4,710999515;18,21786949;26,50291276
680,216;4,733221556;18,27311536;26,45864642
680,783;4,720143613;18,29664364;26,453355
681,350;4,779068236;18,14955806;26,43370088
681,917;4,967567246;18,02588726;26,4759312
682,484;5,057773799;18,00212572;26,37763971
683,051;5,258763376;17,97642858;26,37687919
683,617;5,099735547;17,9807493;26,42457896
684,184;4,955552257;18,0065747;26,51001414
684,751;4,815475996;18,0822738;26,32722646
685,317;4,774464233;18,03102405;26,38255886
685,884;4,671035048;18,11746648;26,28428645
686,450;4,490563181;18,07403071;26,4109826
687,017;4,327969388;18,17841945;26,40539342
687,583;4,262093707;18,15918821;26,5768809
688,150;4,174076259;18,18870984;26,60010474
688,716;4,295619477;18,32065758;26,84210449
689,282;4,39438446;18,43831337;26,83288708
689,849;4,517151066;18,52691464;27,09099088
690,415;4,555312227;18,66658778;27,13936303
690,981;4,771139496;18,65498019;27,2031406
691,547;4,930853546;18,87243632;27,20067405
692,113;5,079587135;18,99350691;27,30938278
692,679;5,048603804;19,084801;27,16792421
693,245;4,970625651;18,98206424;27,36459589
693,811;4,885688382;19,01314064;27,16685248
694,377;4,918661075;18,75826719;27,20604128
694,943;4,941535135;18,9325941;27,29290524
695,509;4,966431449;18,77067484;27,44586738
696,074;4,936808227;18,78855034;27,62539721
696,640;4,848624842;18,66992621;27,60134218
697,206;4,764862752;18,52676654;27,51078243
697,771;4,846628323;18,42836819;27,58484585
698,337;4,798060413;18,58326583;27,34146132
698,903;4,866347489;18,46699892;27,30282225
699,468;4,654774637;18,73171216;27,31710507
700,034;4,709595992;18,767544;27,14320615
700,599;4,686278039;19,02017681;26,97059036
701,164;4,716740991;19,2111305;26,98036872
701,730;4,93806611;19,30610949;27,03534827
702,295;4,92102582;19,32490014;27,05807742
702,860;4,859430105;19,39364056;27,03047421
703,426;4,938624954;19,42925464;27,27443609
703,991;4,946386354;19,43196643;27,37794379
704,556;5,189155298;19,37251768;27,38453085
705,121;4,99720592;19,33606577;27,36988047
705,686;4,853943935;19,15708832;27,60363703
706,251;4,742980433;19,05783517;27,40675392
706,816;4,508904514;18,91946262;27,53126861
707,381;4,705225215;18,98334736;27,70294005
707,946;4,674181681;18,97534265;27,86242133
708,510;4,632897462;18,9523732;27,77446707
709,075;4,677131421;18,97903394;27,77639424
709,640;4,630559186;19,0272009;27,79733494
710,205;4,726987891;19,12021015;28,07292031
710,769;4,791242786;19,35274354;28,12024546
711,334;4,859341739;19,29015645;28,25872048
711,898;4,849549993;19,48477918;28,11595389
712,463;4,981076174;19,45810164;28,04058564
713,027;5,143872779;19,43958497;28,06997363
713,592;5,052651609;19,48205039;28,16697566
714,156;5,241993065;19,42560308;28,1894782
714,720;5,138889444;19,40684253;28,02469371
715,285;5,255432835;19,38518158;27,75090093
715,849;5,503756918;19,28284364;27,65694805
716,413;5,484154477;18,93581905;27,68642035
716,977;5,588577705;19,12826382;27,89393217
717,541;5,08371405;19,25723014;27,97541432
718,105;5,115526549;19,52745258;27,87269604
718,669;5,152453322;19,45765377;27,97453356
719,233;4,758745574;19,58450926;28,25853313
719,797;4,877780071;19,65269438;28,33993444
720,361;4,819224394;19,32851775;28,36021233
720,925;4,627653136;19,45167388;28,19293477
721,489;4,782893295;19,77927865;28,23685375
722,053;4,884846247;19,70825501;27,99169847
722,616;4,78664317;19,66219086;28,09598035
723,180;4,408761949;19,76322895;28,02595625
723,744;4,700185504;19,57737348;27,98758375
724,307;5,003471949;19,43545163;27,60824648
724,871;5,279131001;19,64856222;27,88854014
725,434;5,304071598;20,05470341;28,24744589
725,998;5,275396486;20,07710449;28,52054828
726,561;4,998556932;20,28722646;28,49715846
727,124;4,971679508;20,53498162;28,7199736
727,688;5,400359044;20,29197735;28,5949687
728,251;5,62035859;20,65830957;28,501708
728,814;5,222267303;20,94018764;28,37714654
729,377;5,371103193;20,93703856;28,49406924
729,940;5,300252221;20,88038765;28,17694102
730,503;5,160132128;20,82998775;27,91197516
731,067;5,046769873;20,93584515;27,69103172
731,630;5,25835223;20,96017322;27,88173839
732,192;5,465873074;20,65615892;27,54072015
732,755;5,26296515;20,79780796;27,31689556
733,318;5,354512426;20,43336609;27,49458897
733,881;5,430185836;20,12388912;27,66846506
734,444;5,294635745;20,13110396;27,86264953
735,007;5,196539382;20,19140452;28,05835495
735,569;5,374341061;20,0497463;28,37561772
736,132;5,617809739;19,72724222;28,85006975
736,694;5,543753789;19,67518655;28,56603543
737,257;5,096071292;19,5354883;29,01765916
737,819;5,044954595;19,77934732;29,3147915
738,382;4,757309993;19,86213388;29,15053151
738,944;4,421426706;20,92088575;29,07655058
739,507;4,230387494;21,42269131;28,76391941
740,069;4,196558842;21,21102433;28,69482155
740,631;4,377694058;21,44552147;28,48775819
741,193;4,223900935;22,05352222;28,3575212
741,756;4,205785001;21,79269744;28,6178883
742,318;4,42672119;21,92199485;28,49386218
742,880;4,963072038;21,49669982;28,65608536
743,442;5,18851417;21,32794156;29,01019998
744,004;5,898555942;20,70627339;29,05018884
744,566;6,02450632;19,97891435;29,40182511
745,128;5,697316105;19,99341655;29,62341378
745,690;5,417674013;20,02714241;29,88193877
746,252;5,50280286;19,63350581;29,76127933
746,813;5,585769599;19,60185927;29,7163888
747,375;5,874719297;19,42929133;29,75452558
747,937;5,173442943;19,65040573;29,43515837
748,498;4,991750681;19,55991316;29,45220278
749,060;4,660546723;19,44329;29,19623688
749,622;4,650400059;19,73397704;29,48336711
750,183;4,957642271;20,14460793;29,300679
750,745;5,140263846;19,93604358;29,33450741
751,306;5,448724123;19,79279061;29,19183294
751,867;5,680842752;19,88896594;28,97531537
752,429;5,270938656;20,33866867;28,86080617
752,990;5,865894531;20,28577408;29,07096242
753,551;6,031584842;20,41804374;29,06199666
754,112;6,222854466;20,30198018;29,12391755
754,674;5,73105239;20,56589092;29,12330184
755,235;5,816570688;19,81440398;29,6685387
755,796;5,645924984;19,71715841;29,12535765
756,357;5,671700153;20,04346101;29,19404509
756,918;5,024965834;20,24888605;29,42945669
757,479;5,552298487;20,25947106;29,53201917
758,039;5,452384872;20,60208832;29,36564464
758,600;5,643231956;20,5229214;29,52754947
759,161;5,846092209;20,85149103;29,4604273
759,722;6,922642436;21,03501156;29,11956738
760,283;7,245612691;21,47808604;28,4485285
760,843;7,561945009;21,36230058;28,71186735
761,404;6,989723041;20,45681322;28,14666882
761,964;8,351035976;20,51743631;27,9932155
762,525;6,688262737;20,18392797;28,1075511
763,085;5,696851371;19,5934589;28,38897375
763,646;4,709664512;19,47872674;28,25538265
764,206;4,661560151;19,18429283;29,16779267
764,766;4,036468714;18,7732438;28,69939978
765,327;4,362653232;18,96304223;28,57127211
765,887;3,766022488;19,76959863;28,59348489
766,447;4,024822769;20,47640523;28,80619563
767,007;3,246767509;20,21857695;28,75264223
767,567;4,326761935;19,67936459;28,83891426
768,127;4,745049769;19,88975864;28,45114215
768,687;5,34198295;20,11341912;28,30630486
769,247;5,042276823;20,30152215;27,35499365
769,807;5,237500391;20,38042572;27,79547828
770,367;4,823790151;20,06993031;27,91365206
770,927;5,530382537;19,55024827;27,56216448
771,487;4,933437509;19,47306847;27,54360427
772,047;5,410615766;19,61060909;28,41784591
772,606;5,228788325;20,29918394;28,107675
773,166;5,428760339;19,57003227;27,92790886
773,726;5,662883768;19,59152063;28,46421745
774,285;6,232225167;20,03338779;28,90483393
774,845;5,947010896;19,84624772;28,13898203
775,404;5,977950833;20,75632858;28,98967395
775,963;5,972883299;20,78301044;29,39585059
776,523;6,503018247;20,52425686;29,40393499
777,082;6,235359952;20,76169842;28,33601765
777,641;5,935501315;20,17811644;28,44008069
778,201;5,528133932;20,78823042;28,76206637
778,760;5,617390093;20,8737406;28,66691259
779,319;5,57924774;20,42392594;28,40668839
779,878;6,223827475;20,48710137;28,95832868
780,437;6,242926029;19,88701745;27,85743922
780,996;5,977503919;20,10700678;28,19159466
781,555;6,356575386;20,41926294;28,74873227
782,114;6,590422319;20,14887599;28,99308413
782,673;6,064942079;20,59127811;29,18081949
783,232;6,054062972;20,72856288;29,38200647
783,790;5,560470702;20,72872727;28,89899802
784,349;4,76030535;20,33266896;29,4363174
784,908;4,439278333;20,54987726;28,69592731
785,466;3,892966808;21,17995499;28,74753641
786,025;4,190064945;20,75627635;28,34203915
786,584;3,698629562;20,35778719;27,79532875
787,142;3,285905727;20,69617556;28,05732221
787,701;4,349167989;20,71928916;28,01417855
788,259;4,755012119;20,69019805;28,21535652
788,817;4,869335823;21,13706797;28,24951301
789,376;5,47334236;20,98395417;27,79041764
789,934;5,521394898;20,46983372;28,52091713
790,492;6,388863971;20,10806689;28,85971101
791,050;6,297497646;20,60165304;28,80173476
791,608;6,599335792;20,76109494;28,76997151
792,167;7,44207328;20,57872954;28,58284375
792,725;6,083193043;20,34211749;27,91267777
793,283;6,030257205;20,47003802;27,559475
793,841;5,750428699;20,18857567;27,64650703
794,398;5,84246397;20,12565246;27,84723037
794,956;5,342041957;20,20132132;28,07229379
795,514;4,902242718;20,28853614;27,05201946
796,072;5,337743112;20,33699456;26,132208
796,630;5,129197814;19,91017346;26,14792201
797,187;4,705921596;20,01136738;25,40963459
797,745;4,530426315;19,56816235;25,71104212
798,302;4,692768009;19,94842721;25,27297455
798,860;4,865063;19,27991246;24,8673126
799,417;4,385540908;19,42944426;24,74413052
799,975;4,288987153;19,64401956;24,84441238
800,532;3,87620981;19,09150137;25,5405472
801,090;3,014099034;19,25311518;26,61869054
801,647;2,727526784;19,72455261;25,99607089
802,204;3,057333138;19,08747206;26,66888365
802,761;4,274468519;19,32618253;26,8388731
803,318;4,040478487;18,23422016;26,99988552
803,876;3,114708438;17,71178828;26,90122137
804,433;3,038475432;17,68765935;26,77259577
804,990;3,606486661;18,23489926;25,93182388
805,547;4,184401815;18,48057741;26,48579012
806,104;4,540959738;18,27056765;25,45147963
806,660;4,496853938;17,99510708;25,8014649
807,217;4,685456808;18,53094352;25,77455661
807,774;4,481953423;18,69618794;24,97970459
808,331;3,521869243;19,3340033;25,04688004
808,887;4,331517896;20,27244741;25,04029431
809,444;5,175385835;21,70843039;25,3981496
810,001;4,440196173;21,29932551;25,68643802
810,557;4,221072401;20,99404683;25,70456016
811,114;2,623207941;20,60791038;26,00657116
811,670;1,872511727;19,17740521;25,67441051
812,227;0,38253094;18,09544499;25,79004403
812,783;0,626847312;17,83473431;26,21424927
813,339;2,426397673;17,89990335;26,40326649
813,895;2,037871749;17,87186934;25,95950347
814,452;1,201681174;16,67728829;26,51639585
815,008;1,712738306;17,21288317;26,63192529
815,564;0,359715482;17,17251958;26,39096544
816,120;2,609004597;16,92190647;26,54291011
816,676;2,859824148;18,81763169;27,57458869
817,232;3,15099308;20,17545868;26,07593175
817,788;2,424609457;22,02881483;25,96618532
818,344;1,474958016;22,55107927;25,37524284
818,900;2,560674485;23,42745671;27,25781939
819,456;2,050130237;22,92114554;25,96785918
820,011;3,063558441;22,82771994;25,78399837
820,567;5,163140916;22,41383702;25,50717553
821,123;4,814875304;22,59970489;24,73819975
821,678;5,613939853;22,97645956;23,69624114
822,234;6,097756908;21,89615795;24,33747954
822,789;6,63621066;20,77223774;24,60940944
823,345;5,696725541;19,88696242;25,16877526
823,900;4,619386793;18,61228632;23,27294936
824,456;4,916412396;19,14061563;23,8068273
825,011;4,773326101;19,7187756;24,45807727
825,566;4,436758355;20,42953083;25,0376631
826,121;3,438139846;20,24400794;24,71177257
826,677;3,902206589;20,59303779;25,46507364
827,232;3,43289078;21,61540889;26,15816727
827,787;3,44798513;21,27761445;26,67075748
828,342;4,304133168;21,25787601;26,07279916
828,897;4,281738385;20,90386192;26,08989971
829,452;4,891427892;20,82779818;26,30157785
830,007;4,788339142;19,40618898;25,18600093
830,562;4,098846163;19,19197467;24,24034692
831,116;5,39413097;20,1713827;26,62767142
831,671;4,748653524;20,2397865;25,9787683
832,226;5,049037912;20,21815641;26,36588273
832,781;4,409282807;20,12125425;27,2648127
833,335;4,687106385;21,05958436;28,84189215
833,890;4,787072593;20,9684833;30,02971496
834,444;5,294522905;21,79648369;29,70178119
834,999;4,30234857;22,23423523;29,22722686
835,553;4,713525099;21,54961597;29,62335794
836,107;4,146644294;21,08313003;28,00138475
836,662;5,264001185;20,88647994;29,34589243
837,216;5,326603889;21,69833097;28,75037893
837,770;5,708051227;21,99091692;26,53337061
838,325;5,19738446;22,0071685;24,64533316
838,879;6,235396065;23,19695143;24,50684134
839,433;5,84577724;23,49407912;24,67035694
839,987;6,209077719;23,70387138;25,63084922
840,541;5,939450567;25,30404888;25,68901991
841,095;5,754159384;24,76643904;26,63551252
841,649;3,321305743;24,68190653;24,90683203
842,203;3,02314404;24,97230791;25,20459668
842,756;2,641027367;25,59756628;26,85371254
843,310;3,115620941;24,37562117;28,27868845
843,864;1,54078309;23,95037359;26,97409942
844,417;-0,121755368;22,86860307;27,27527249
844,971;0,494108636;22,45295242;27,04874376
845,525;0,113945398;20,72448497;27,47892888
846,078;0,500623141;21,48778359;27,71620913
846,632;2,157851845;21,17739364;29,46360788
847,185;2,955997018;19,96550269;29,69832447
847,738;3,144255413;19,79323825;29,03797453
848,292;2,661307468;20,4738275;28,47724558
848,845;2,646622669;21,6431027;28,80333612
849,398;3,049965676;22,50109942;27,83089681
849,951;3,061390247;22,50366211;28,29766436
850,505;4,011949558;24,31313421;26,88219453
851,058;4,343851126;23,93300164;27,65243402
851,611;4,584548072;23,41243711;26,23886998
852,164;4,630641299;23,7371733;26,6856333
852,717;4,707254123;23,95688134;26,13060641
853,270;5,723976956;24,20733513;27,08173229
853,822;7,124111722;23,90834799;28,0022452
854,375;8,318062892;23,37225982;28,18376098
854,928;7,98814375;22,85828559;27,30810287
855,481;7,36628684;21,245071;27,43627086
856,033;6,469319761;20,84072107;26,18766066
856,586;7,686376192;20,99095368;26,9785338
857,139;7,093094696;21,58999729;26,07745571
857,691;8,097346569;20,42363699;26,92513708
858,244;8,341073319;19,89772556;25,67246705
858,796;9,308703417;18,52094762;24,96551115
859,348;8,384866771;18,53729975;24,61439012
859,901;7,936048896;18,09122976;24,6652098
860,453;8,406937087;18,11270529;24,88049063
861,005;10,58027062;19,5088904;25,79070692
861,557;9,97108544;19,63319041;25,73633914
862,109;10,58240999;18,87115346;26,47963459
862,662;8,835239086;18,06768548;26,78378684
863,214;9,532363963;19,3565137;28,12555657
863,766;8,291354394;19,62040265;28,47722933
864,318;8,754730066;18,86772894;29,90201621
864,869;8,238344919;20,1481971;30,67087174
865,421;7,672128054;20,62921367;30,54138088
865,973;5,330783591;20,14348693;28,22386954
866,525;4,845573517;20,90525628;28,62736434
867,076;5,344177655;21,39346193;27,74583334
867,628;6,71652492;21,51387134;26,31632029
868,180;6,515253762;20,47297967;26,09124131
868,731;6,573893445;19,30583318;25,89729446
869,283;5,674130853;20,10189762;25,83341901
869,834;5,505030968;20,68916998;25,96722987
870,386;5,646060203;22,03509987;26,44892804
870,937;5,899519256;22,36728088;29,07961904
871,488;6,291241011;22,19101446;27,65427505
872,040;5,152871255;20,7865792;28,5427015
872,591;3,790771122;22,10456408;29,62902911
873,142;2,763781851;22,51825844;27,66326084
873,693;3,335905532;23,14928276;27,46830641
874,244;5,600113408;21,37398713;27,52517459
874,795;6,495533987;19,29065427;26,48296858
875,346;6,258156684;18,34571766;25,21961711
875,897;7,685638935;16,50485164;24,88298877
876,448;7,527794313;14,95932319;25,16491672
876,999;7,926089991;16,11313144;24,53855472
877,550;10,17668873;15,17951617;24,9848156
878,100;10,3274551;16,05647743;25,23751084
878,651;10,32073891;17,63322557;24,19166219
879,202;9,571699308;17,93163458;23,55593841
879,752;11,17524692;19,45760827;22,43402758
880,303;10,65485217;19,55677632;23,53421989
880,853;8,720162941;19,43599045;22,55595028
881,404;6,966569776;20,1198805;22,33224291
881,954;6,514368463;20,74760179;22,00232575
882,504;7,669908534;20,60907514;20,0147817
883,055;7,143683622;18,82776098;21,194824
883,605;6,246885052;19,21499413;23,28312588
884,155;8,206274949;18,86531812;22,45489635
884,705;6,496047915;18,24882432;24,47054864
885,255;7,98240328;17,6652355;25,827767
885,805;9,196235071;18,32513857;25,07625964
886,355;10,47651895;17,13979699;25,53982797
886,905;8,63797697;16,22044237;25,76580961
887,455;5,907747487;15,51477405;27,03022813
888,005;7,476054034;15,41083623;26,76136344
888,555;7,299702204;13,89819009;26,37063725
889,105;5,70677952;16,54006759;26,37413936
889,654;7,44180535;17,2223134;25,91288269
890,204;7,592080826;18,26508399;23,25085585
890,754;7,885569868;17,96881398;24,2718451
891,303;8,377479417;18,44248138;24,49618958
891,853;11,24769235;16,70901823;23,78722718
892,402;11,07959101;17,69093406;24,16445784
892,952;9,730967344;18,09609164;24,45606647
893,501;8,128128971;17,80477193;23,14217973
894,050;9,009283819;16,83512234;23,20862448
894,599;7,94166939;16,77015608;21,6813612
895,149;6,790063995;15,0853354;23,90741411
895,698;7,379193848;15,06739341;23,37590497
896,247;5,512357714;16,49463623;22,78141684
896,796;4,390192401;18,64335901;23,10082774
897,345;4,070329662;18,15793988;23,40109854
897,894;5,068163286;18,587171;21,90475946
898,443;9,015288163;18,51372938;23,64548525
898,992;7,461533483;18,47982629;23,95478653
899,541;7,119498972;18,85479142;27,07594019
900,089;8,292576477;17,32517556;25,4262825
900,638;6,927528118;19,9655451;26,50495217
901,187;6,680505097;20,57097652;27,59922742
901,735;6,216861237;20,37087171;28,30713836
902,284;8,433923987;21,28199726;27,24804274
902,833;6,58912968;18,82022737;28,61125338
903,381;5,432146971;17,7544749;28,42727226
903,929;3,625407388;17,48072344;30,37412694
904,478;2,759337933;18,39481534;28,50946595
905,026;4,692888708;21,39127873;30,47797398
905,574;2,866034129;18,81792782;30,4850605
906,123;1,947447161;18,92564311;30,02717661
906,671;1,545861152;19,08603394;29,51626069
907,219;0,036986338;17,85891361;29,2897514
907,767;1,179727753;19,24029342;27,38954345
908,315;0,890175113;20,65717284;26,69791271
908,863;4,837896251;20,94007336;23,109416
909,411;6,177390032;20,42027868;24,125854
909,959;2,194967415;19,39311079;21,24866001
910,507;3,908777737;19,68382067;20,35856087
911,055;4,400466711;16,97919587;18,96720293
911,602;4,221242774;15,53808747;18,27434609
912,150;7,335561441;18,16216284;18,57638078
912,698;7,955095342;20,54240336;20,77159278
913,245;9,258711999;21,09143731;19,56302879
913,793;5,16634063;21,98940487;23,82971948
914,340;5,23213017;20,29472261;21,83754833
914,888;7,231404377;20,4583445;24,58100462
915,435;7,936310166;22,7630565;24,46695623
915,982;10,52138076;23,93809067;25,75646697
916,530;11,80823436;26,54226754;25,8549039
917,077;8,129511716;24,40055703;25,75551286
917,624;4,637664845;22,60125539;23,92973405
918,171;1,743035009;21,97731631;25,27740292
918,718;2,923978625;22,02946821;22,46520757
919,265;2,176374349;22,31001791;23,25632672
919,812;0,744523641;22,62742467;19,91328021
920,359;1,443712383;22,35505982;20,11888894
920,906;1,117489383;23,66606911;18,03892609
921,453;1,971051177;20,86269221;16,69348001
922,000;3,397423251;22,42010155;17,67848095
922,547;7,462594945;24,06864425;19,04473866
923,093;6,96535199;22,13089439;20,14010695
923,640;7,501726035;18,8229402;21,24176108
924,187;8,869372022;19,21069419;22,20260104
924,733;10,62838593;17,08644437;25,90966306
925,280;10,16828437;13,83527549;23,9591675
925,826;9,424985241;12,97144945;25,49780846
926,372;6,718415941;15,41664033;29,06830957
926,919;4,617847141;14,87586994;28,31782845
927,465;1,098579996;12,58798364;27,31557312
928,011;4,159671333;15,93842761;25,41917437
928,557;6,292172758;17,35870193;25,77080748
929,104;2,908820059;13,75496116;22,61085908
929,650;0,369645686;14,73131095;17,44207329
930,196;-0,472321486;16,59106343;21,35791805
930,742;-0,603096374;12,52501639;23,38100095
931,288;6,164902961;11,37623236;18,16333228
931,834;9,399586804;15,22633657;9,056648169
932,379;15,72847934;16,30580111;9,237218256
932,925;13,64907447;12,39880247;2,445279196
933,471;16,47414478;16,45983208;-7,768333895
934,017;18,27659252;26,08626819;-5,725049164
934,562;18,64491251;25,70176929;-7,857910806
935,108;21,14701278;28,66170019;-9,357654978
935,653;23,32520156;30,94063112;-4,839280441
936,199;17,86778811;23,14356536;-2,26521212
936,744;20,28669847;17,31795251;2,295440166
937,290;19,27980603;15,20850219;2,643171828
937,835;24,11184361;23,15724923;1,597958357
938,380;15,34591143;20,61202139;6,821704147
938,926;20,55002599;18,01920975;13,149742
939,471;20,61760698;13,21134685;10,97797522
940,016;16,97054816;14,07430679;14,47337369
940,561;14,81313286;16,63389197;10,3167551
941,106;15,3218202;22,59298914;12,92596997
941,651;10,12326583;19,54239342;10,53491269
942,196;10,13076963;14,86486499;4,563938191
942,741;6,600606617;8,665511437;5,504447417
943,286;11,48756021;11,67951862;-4,355715765
943,831;6,503159469;13,19468297;-14,28571475
944,375;7,540981865;20,09648848;-4,891017075
944,920;3,422886707;20,02741171;-13,71867729
945,465;8,747513448;18,84536783;-9,389510129
946,009;8,422053056;21,06529691;-11,84610369
946,554;6,993145213;26,42116026;-4,76539654
947,098;4,458356402;32,20411509;-8,803896499
947,643;3,623467072;29,21348377;-9,27412033
948,187;3,412907515;27,09886123;-6,238564357
948,731;2,52355225;25,76438161;-2,952590038
949,276;4,705514348;28,3352031;-10,10082834
949,820;7,641083614;31,15671718;-2,755768367
950,364;10,21642283;36,93379781;-7,026392222
950,908;7,916316126;35,32276278;-6,80083117
951,452;10,72796973;29,2511355;-5,475142022
951,996;10,56678182;27,00159101;-2,087259046
952,540;16,2954318;27,90331634;3,012227149
953,084;17,69762541;28,31937682;4,293114984
953,628;15,36355211;26,99040763;8,837014516
954,172;15,30391665;23,98844004;8,056422367
954,716;15,75993033;20,9255524;7,32513821
955,259;19,37528312;11,82432727;10,25786637
955,803;17,67178991;6,489398076;8,049128485
956,347;18,47273761;12,62917975;9,772610959
956,890;16,98817549;16,33294953;8,418588856
957,434;10,19240759;17,93054491;10,07963947
957,977;7,395498847;15,7842884;11,48365459
958,521;7,399608221;21,73198291;6,623709144
959,064;5,045870373;11,24468535;6,354064457
959,607;4,963280701;10,30610965;8,539041957
960,151;-0,73304964;15,48261651;8,242068089
960,694;1,813871607;14,73861851;11,2340117
961,237;3,770359736;11,80400859;13,79385168
961,780;6,021764836;8,892063895;19,72124769
962,323;9,433741955;11,35854568;18,36044916
962,866;14,00212659;11,92869618;18,18084202
963,409;7,411422999;5,319865588;16,64231931
963,952;8,016322044;10,94567248;15,20436373
964,495;9,8905251;9,386850392;16,43412543
965,038;10,90309534;5,811969184;19,01789543
965,581;12,76006766;7,433344369;19,54450055
966,123;11,37088257;12,85040629;17,96355517
966,666;10,22360637;11,01576801;22,53814373
967,209;11,50886188;9,34006712;25,32255099
967,751;4,072397275;9,783367176;25,856322
968,294;14,56953647;17,94872004;29,82285367
968,836;12,22612332;18,0939514;35,34547575
969,379;12,05600723;16,31487376;32,28707366
969,921;10,81485593;18,01327213;30,61735064
970,463;11,7144839;19,30626118;34,52093204
971,005;9,677419355;16,84430779;30,14126305
971,548;12,60248856;19,84926889;27,47630628
972,090;13,21903502;20,67752608;26,22621606
972,632;16,72938007;19,82490407;29,21457779
973,174;15,73543148;16,66493311;24,60577297
973,716;16,441766;21,46720056;21,1684177
974,258;16,91785413;23,78224061;20,38825514
974,800;19,98734852;24,43188155;20,88442222
975,342;15,16294736;20,03201365;16,95274889
975,883;17,1049845;18,13968023;22,95456665
976,425;11,89297096;18,24352345;22,35926902
976,967;10,70438482;15,53232261;22,55382282
977,508;11,95746314;18,8043166;24,55106022
978,050;10,44040097;18,14962114;27,96355092
978,592;8,194120585;16,24365364;30,4040035
979,133;7,8483696;18,57069285;31,32972249
979,674;4,886094239;20,73624343;29,54744056
980,216;4,918360345;24,60848109;32,03017021
980,757;3,726063756;28,75743267;29,0900941
981,299;7,653784791;26,00166004;29,49296059
981,840;5,78095972;29,3866649;29,6094527
982,381;3,705996818;28,7537963;26,53042302
982,922;2,318057764;28,04272669;24,7192028
983,463;5,169671095;29,93043333;24,77336014
984,004;2,818755708;27,97228126;24,59990233
984,545;5,903382244;23,88016998;25,9572354
985,086;5,625225206;24,45744364;23,39317217
985,627;6,39529727;21,85884837;21,92735038
986,168;2,649414605;23,22849316;19,93425484
986,708;4,394855686;21,01435704;19,24156032
987,249;5,209259186;20,44658918;19,18160831
987,790;5,388792005;18,30547861;23,99741889
988,330;1,890798988;19,19433452;18,75115764
988,871;4,664724793;18,4205494;19,21759796
989,411;1,720965286;24,00037683;16,74692175
989,952;1,69063751;21,72802052;16,43570374
990,492;3,761612962;22,3915031;17,68032091
991,033;5,15085387;22,78952343;21,63312278
991,573;2,775902368;20,7292669;18,26698388
992,113;2,892025061;19,19931684;19,64680129
992,653;1,825026414;21,16973967;13,22330834
993,194;3,389411645;15,32869561;18,98301374
993,734;-1,980557488;15,16351905;18,75529083
994,274;-1,242238077;7,968865129;22,2175902
994,814;-1,281419735;10,69317002;22,48305331
995,354;-3,592589715;9,436432561;23,23746421
995,893;-8,041818467;13,80104281;21,02799289
996,433;-6,251623967;15,90840506;27,86497314
996,973;-4,332969701;17,82168183;25,70967139
997,513;-4,423780837;12,94801567;23,40031331
998,052;-3,981089741;21,30906327;21,31673853
998,592;4,252380806;24,07407581;24,38465257
999,132;4,187861268;28,96780042;26,2206486
999,671;1,997130861;28,27513696;25,38719743
1000,211;5,050120505;29,74524843;27,15170974
1000,750;12,59187835;20,10567512;28,535021
1001,289;10,09314771;19,56373343;22,44189888
1001,829;10,89082345;19,44674988;23,51962711
1002,368;11,26948126;26,67058243;24,17229194
1002,907;13,15789443;17,56699485;22,68933316
1003,446;9,943488019;18,65217261;16,48386173
1003,986;7,156589038;17,77745292;13,15734655
1004,525;13,27711826;17,62422573;12,03345432
1005,064;8,428648367;20,22843605;10,22068667
1005,602;4,586644639;28,34678817;5,707707521
1006,141;5,143174518;28,82429024;6,13851101
1006,680;-0,729237441;29,04593493;9,747467832
1007,219;-2,64193273;26,3559866;16,92996762
1007,758;-3,854096763;29,82596018;17,01375501
1008,296;-10,84247878;28,84812777;19,97848763
1008,835;-10,49731545;26,52972203;20,4435121
1009,374;-11,52154809;25,69237246;18,55616541
1009,912;-11,63191793;27,89019327;15,0052176
1010,451;-7,480487894;25,38625088;18,68218012
1010,989;-4,509548938;28,14708075;20,6434935
1011,527;2,500749894;27,56104989;19,28046437
1012,066;1,396487219;32,73332262;14,3229851
1012,604;4,321677086;34,39700641;17,89459599
1013,142;9,308807222;35,86909271;18,19420233
1013,680;15,656717;35,44690575;21,73067189
1014,219;17,74117805;39,05307935;24,79686059
1014,757;26,50699224;34,22450724;29,52009857
1015,295;20,57897902;33,84433824;24,99999641
1015,833;20,41230234;27,72650247;24,67634961
1016,370;11,31524687;30,06635632;25,2010725
1016,908;19,05493514;21,93444105;24,07209316
1017,446;16,83088869;20,1763385;16,95736544
1017,984;19,57625135;21,60058159;21,86679832
1018,522;16,11365023;24,57925022;18,31033974
1019,059;21,75194811;14,25826157;19,64401098
1019,597;12,09262353;18,83951545;13,58423455
1020,134;8,439179473;18,34966138;18,19457198
1020,672;11,51484188;24,52329742;15,00596487
1021,209;18,81734748;21,61851441;8,938546548
1021,747;11,99602026;24,17564776;10,04649452
1022,284;8,368199592;18,0600338;15,30437661
1022,821;8,872795494;14,74283431;12,16904018
1023,358;9,911277328;16,40582102;9,36477667
1023,896;4,411191901;17,83163948;10,06434682
1024,433;10,10081196;6,887444187;10,12319346
1024,970;11,33039435;15,31817071;8,9979551
1025,507;8,224441564;9,526605145;11,01413796
1026,044;2,205028563;3,471765345;16,47182209
1026,581;5,385385303;-1,569152672;19,8208111
1027,118;8,480502544;-0,937141645;11,18311621
1027,654;4,49857497;-4,098894521;11,84669007
1028,191;-0,722763512;-8,218180465;17,62982217
1028,728;-4,999999483;-10,91196712;23,25879828
1029,264;4,366923294;1,664416459;30,2439012
1029,801;12,42708446;-18,26763068;27,8102036
1030,338;13,36792916;-20,55998078;29,83077572
1030,874;21,25550633;-7,760844682;21,87865997
1031,410;22,6596888;-7,240798937;21,54826731
1031,947;30,94730628;-10,34247944;38,39163863
1032,483;18,57483592;-11,65299044;31,94553857
1033,019;24,95905823;-7,902036083;30,97676412
1033,556;22,18264103;-0,352257962;25,11391256
1034,092;-1,496265152;-1,809066976;30,61115071
1034,628;-5,075753709;8,738697959;32,29339654
1035,164;-1,967214242;14,62877548;33,33899634
1035,700;4,558139342;7,969641089;31,85083701
1036,236;-3,403059673;3,028380259;30,4044625
1036,772;-2,992591934;6,845513961;26,30423036
1037,308;17,04980846;12,24146342;25,92447635
1037,844;9,097421477;2,139169972;27,16305138
1038,379;25,0122373;-10,20304274;27,49331759
1038,915;28,83986915;-11,35483975;13,29234713
1039,451;27,07460084;-15,14084284;8,353629455
1039,986;32,7519385;-15,35547458;3,491775742
1040,522;37,91748469;-4,58097164;11,94292069
1041,057;50,40509475;6,106672877;5,609810376
1041,593;55,711031;4,031641935;0,466309384
1042,128;37,7977923;-6,019320984;-0,257730967
1042,663;44,8322509;-10,44984442;-1,068015564
1043,198;25,61037816;-5,60146766;5,954993958
1043,734;30,55820669;-6,788324044;13,73580707
1044,269;32,00102535;-19,69800971;9,950248991
1044,804;21,51898777;-30,15075261;19,92918555
1045,339;12,97814009;-42,75728593;13,87967826
1045,874;7,40207383;-45,48115117;23,62728775
1046,409;9,913043251;-33,35517629;22,41860372
1046,944;26,32245576;-33,15454577;27,58161167
1047,479;16,08098037;-28,246652;22,87494429
1048,013;21,75904625;-31,19629767;20,0634615
1048,548;19,27653756;-18,48869786;12,46083438
1049,083;23,62042268;8,975612528;22,69212208
1049,618;28,76447986;6,409102628;9,519299258
1050,152;41,07230604;8,555686592;12,90828283
1050,687;27,60501886;2,248230069;11,31947635
1051,221;23,98629287;-2,200068523;17,73444789
1051,755;4,620648426;2,028883444;7,051596887
1052,290;6,697575148;17,08899865;9,846079127
1052,824;10,40540542;34,29103544;3,586931672
1053,358;11,85628743;14,32577131;3,079576493
1053,893;7,954547708;-9,371583115;0,024183601
1054,427;22,4604971;-5,362405307;6,240126498
1054,961;30,01537135;-12,4448648;7,11638291
1055,495;43,81153368;7,97704486;8,936170018
1056,029;33,24342622;5,988670002;9,463313259
1056,563;44,71900551;10,9596498;12,18828771
1057,097;50,97588966;-11,25198104;11,21901377
1057,630;52,55830316;-23,49420118;9,594487358
1058,164;57,64084566;-8,215574464;11,38358356
1058,698;63,28216981;11,62597195;13,33333429
1059,232;57,69086326;16,385137;6,765522299
1059,765;76,29685302;30,90957335;4,342104082
1060,299;64,50317866;24,64114964;-8,074123409
1060,832;67,70258298;34,27652985;-11,26708671
1061,366;53,70461242;24,13667616;-8,409088433
1061,899;63,31775822;44,24371172;-24,66539241
1062,432;56,9338594;30,24138225;-20,73684107
1062,966;61,30420684;39,07313213;-12,9156011
1063,499;55,25070685;29,07801227;-22,79435002
1064,032;46,67143702;20,89809836;-18,58864135
1064,565;23,335388;-7,560358633;-28,85722676
1065,098;24,68619164;-25,04649783;-18,19463845
1065,631;27,90357797;-42,44792156;-24,74949567
1066,164;48,74458967;-25,81648389;-16,28686394
1066,697;24,77693705;-25,15438393;-16,51376271
1067,230;28,115016;-14,02240718;-12,88321368
1067,763;8,684682925;-4,297726305;-21,4482485
1068,296;17,50829304;3,915171089;-13,55857882
1068,828;31,50419537;2,862299591;-3,573065033
1069,361;29,79737998;-2,702032569;8,853407962
1069,894;24,63181168;-0,999210955;-10,89418054
1070,426;21,36678098;-5,006552914;5,013831592
1070,959;11,01376711;-1,176156053;0,866425143
1071,491;34,57985104;-1,460298026;1,984607836
1072,023;24,82136266;-2,210884056;-3,010162245
1072,556;41,6597855;-29,38368035;3,45572134
1073,088;27,32035977;-77,75933012;-4,6721302
1073,620;15,16059979;-74,46945388;-21,2211791
1074,152;11,21951187;-26,49442788;-23,34399309
1074,684;30,67178512;-15,77060907;-8,194840971
1075,217;19,72514178;-22,57323463;-40,3422955
1075,749;15,35850658;-28,31499794;-39,05956311
1076,280;-7,537960063;-40,22222903;-36,4002332
1076,812;10,26820116;-53,4215157;-13,69168312
1077,344;-11,91028655;-15,59633399;-30,68391928
1077,876;9,770118911;-14,16694506;-35,29999831
1078,408;4,494382689;0,67712031;-50,70175499
1078,939;18,33332952;-6,364006609;-13,92781308
1079,471;-25,5258176;-17,25806319;-22,28076893
1080,002;-13,60730804;-4,676652734;-15,99535195
1080,534;11,63387553;-10,11149475;-8,647950886
1081,065;46,89873364;18,99555985;-0,554699677
1081,597;31,96644964;17,07398722;-21,09658696
1082,128;57,80866772;12,23655174;-1,362683469
1082,660;43,98801751;15,11885877;8,63261882
1083,191;51,90804452;10,19641841;17,25444468
1083,722;33,87096972;-0,122136408;-2,545568731
1084,253;43,38825606;9,949956185;9,485094862
1084,784;48,41473795;6,210283512;7,906497216
1085,315;31,27659567;19,19048813;0,466200685
1085,846;26,17283835;-0,779726367;-8,928574382
1086,377;64,60381573;11,99557751;4,20466028
1086,908;34,86911101;12,90220756;-24,04371596
1087,439;45,67833912;-2,095499837;-26,15669358
1087,969;35,6292507;1,499464569;-20,12986983
1088,500;58,7724097;0,729086604;-11,91806489
1089,031;35,33296396;-6,307054818;-19,32002037
1089,561;51,34883572;-3,287128463;-5,281689537
1090,092;52,96471347;-10,3405822;-0,998184821
1090,622;55,89251487;-12,10217654;-0,822199354
1091,153;30,90972959;-23,88359064;-5,076390049
1091,683;27,31958679;-30,12669874;2,341671529
1092,213;19,555556;6,100796008;-3,804347757
1092,744;25,25667211;0,052934226;6,747495464
1093,274;17,30268766;12,02928748;-2,223557653
1093,804;24,98730296;14,79438319;-8,972392931
1094,334;-5,708908065;6,915547283;-8,897638889
1094,864;-32,99344749;-4,623005564;-35,12719991
1095,394;-66,72914118;13,86093371;-20,69271809
1095,924;-35,95387968;16,86868594;4,125177955
1096,454;-40,21381484;27,87067756;-20,73934705
1096,984;-4,081631353;25,71283281;-18,37865132
1097,514;7,521059165;35,45150471;-33,34932809
1098,043;32,23954354;28,7550186;-17,24006075
1098,573;40,86021789;30,7243969;-17,32064985
1099,103;45,54525942;41,03237178;-27,68653173
1099,632;74,93540273;52,4176923;-17,54385948
1100,161;77,83725734;48,78806557;-18,63173185
