Filename-->;PETALOS_1.RFL8;PETALOS_2.RFL8;PETALOS_3.RFL8
Mode/Unit-->;;;
Int.time[ms]-->;1,049999952;1,049999952;1,049999952
NrOfAverages-->;20;20;20
Smoothing-->;4;4;4
Wavelength [nm];;;
172,206;17,14053585;-31,92854114;17,3364487
172,805;23,04536574;-20,05030672;14,91424174
173,404;15,54821383;-19,66527332;17,07100596
174,003;19,28766119;-13,35958072;19,40039839
174,602;18,7262025;-12,54523505;25,19167624
175,201;18,00262839;-4,701425583;21,75545651
175,800;17,02247066;-9,787003133;30,57754736
176,398;21,80405013;-8,103360131;22,58624791
176,997;21,01299137;-6,871850223;30,60639312
177,596;31,77906844;7,534245129;33,08743558
178,195;26,42682198;16,65470226;40,95733801
178,793;35,18556113;25,60794986;42,49840538
179,392;30,31596863;27,11337792;44,71273828
179,991;34,33438841;25,99300259;36,74926534
180,589;31,791812;16,65868809;31,13294921
181,188;35,30801672;10,45891124;19,76720851
181,786;35,95200538;11,1202811;27,9138825
182,385;42,48868601;14,36989208;22,92425356
182,983;32,73966112;12,94425649;30,98916754
183,581;25,74039536;-0,292169574;23,29999915
184,180;27,2130163;-5,319999902;20,78137997
184,778;31,18046929;-2,791429245;20,54181304
185,377;35,63353444;-0,226943998;24,44134007
185,975;37,16433922;3,247261091;40,0000016
186,573;34,39443398;12,7989009;46,33770079
187,171;36,10573931;23,24195494;40,87891467
187,770;32,69511987;18,59634454;56,05633733
188,368;40,20547914;10,86299074;40,25438192
188,966;47,47887875;14,75750442;39,58624737
189,564;52,45666835;8,375026814;41,51096665
190,162;49,24330607;0,915674198;33,80423575
190,760;43,43857407;3,994113967;31,02755249
191,358;44,02769731;7,605633311;38,64746068
191,956;45,65881968;7,589286278;37,25169164
192,554;36,95391941;0,205761417;36,50759767
193,152;36,25357183;0,601410225;26,63201635
193,750;31,46374784;12,86067546;26,01188216
194,348;29,85637329;11,72889592;24,68671542
194,946;22,90995484;12,52836015;24,76809036
195,543;26,75963935;15,8764552;31,75113222
196,141;27,00693775;9,813925654;31,25616485
196,739;31,55006836;5,42568486;22,35606712
197,337;31,93457861;4,934568433;27,03604751
197,934;45,08457456;5,974093992;25,08160053
198,532;40,54010349;10,89617922;24,98323287
199,130;33,26882542;3,458353691;22,08039655
199,727;33,61688694;9,503240404;30,28550659
200,325;31,9451858;14,70792041;22,16411896
200,922;28,74068404;22,98056221;18,99609762
201,520;27,80007361;15,85391115;21,66636924
202,117;22,70381802;22,45898259;29,31281145
202,715;16,44004939;22,46675935;23,79139772
203,312;4,503265767;26,38287635;27,7106444
203,909;7,207850125;27,37515982;30,01031458
204,507;9,319503145;29,01807724;35,16235347
205,104;2,567975587;19,72743503;29,74591689
205,701;10,27936442;25,63930037;39,58148748
206,298;11,03208445;20,61050558;39,44206945
206,896;7,243460541;23,5432216;37,48581685
207,493;10,7155509;16,85714211;33,51992892
208,090;14,12818736;13,74133846;40,32485866
208,687;22,02483368;10,3676636;45,36955728
209,284;18,47863271;11,8780096;55,2871725
209,881;32,54528268;20,37777864;49,44119549
210,478;36,89679641;29,81308202;56,88311326
211,075;27,09113727;18,00913783;49,81839887
211,672;26,89269262;24,98779757;43,80066501
212,269;34,11479317;30,73132779;49,62546517
212,866;28,36633048;28,63528113;40,56346613
213,463;33,17693277;30,2491985;25,98424817
214,060;29,49693992;18,51482748;30,50897246
214,657;38,09983798;18,82915186;19,89311326
215,253;33,19013379;10,700163;22,664071
215,850;38,99793205;6,592899958;15,81861362
216,447;41,38110075;11,05837636;26,83465925
217,044;40,64552507;3,382213771;27,1916783
217,640;30,10481382;-5,078627793;21,31117152
218,237;31,41191677;9,789525757;19,20093147
218,833;28,41382061;15,85698546;20,09794592
219,430;31,23179268;22,47160729;10,43326231
220,026;26,64946541;19,69602944;12,32401565
220,623;23,87758912;23,91594525;5,199827864
221,219;12,68057777;20,58057068;4,136885724
221,816;20,02915997;31,14698125;2,168396934
222,412;21,80711062;33,24356809;2,1178634
223,009;26,465532;33,66282546;4,985718863
223,605;27,39342023;27,96377568;16,09363556
224,201;33,86192577;14,45355215;10,4905659
224,798;27,0615749;21,90247642;17,77892302
225,394;29,66855172;17,63170358;11,96102404
225,990;28,00449913;12,40486949;20,32265766
226,586;35,64870917;9,974365307;22,17752753
227,182;31,340105;0,280899344;20,84114625
227,778;31,68556064;-7,918227152;16,4864866
228,374;29,78307346;-3,434344871;20,69940864
228,971;26,65809238;-14,55004231;11,00186129
229,567;16,98924739;-16,77067147;22,21425202
230,163;23,71584746;-16,32902027;15,07083582
230,758;24,68062392;-2,763958166;20,75980389
231,354;31,36505736;-1,634159519;16,4023931
231,950;30,85619215;14,2114841;15,31431064
232,546;36,76419869;18,93714612;13,59408463
233,142;29,2199071;29,04199909;13,64351604
233,738;35,83406839;38,99831;14,33840387
234,334;33,07421722;49,79643685;21,26064015
234,929;33,77060781;53,52612897;14,03789095
235,525;26,19660184;62,20874459;13,7126035
236,121;26,12517576;37,20728315;2,932133823
236,716;19,00106716;40,07180184;12,96073689
237,312;16,65831201;38,0311988;6,12701178
237,907;9,447004709;29,97297366;0,738916488
238,503;15,9224645;22,97430828;4,678649767
239,099;8,074856696;9,468572341;3,680145796
239,694;12,13793083;0,196078239;-12,93442061
240,289;9,790337417;12,716237;4,816752946
240,885;15,05076643;19,13427146;4,472764258
241,480;4,968944035;21,60108596;16,37723117
242,076;7,977323338;14,19497526;0,080841823
242,671;5,255286985;7,493782746;6,22509927
243,266;5,605991582;3,703705292;7,177679613
243,861;-4,038004499;-2,03545523;19,23885192
244,457;-4,955357886;0,900163994;9,62525761
245,052;-5,931321577;6,224951764;12,87321481
245,647;1,094890326;10,698286;6,600518535
246,242;-1,403572627;7,013457892;15,73748853
246,837;3,879149628;9,315265818;13,55540126
247,432;-7,524599422;13,86701638;27,19018543
248,027;-4,704219577;7,322751266;31,37888364
248,622;-2,159344786;15,82764604;36,26987486
249,217;7,30688942;20,67831488;34,30877759
249,812;9,378937874;30,32886603;48,98785487
250,407;7,662981587;22,24268393;52,65007597
251,002;9,88501507;20,58232933;51,65114058
251,597;19,06097999;25,73936338;48,3709297
252,192;14,20786301;34,41822675;44,74656882
252,786;29,48328315;41,94273885;27,6737157
253,381;28,68782951;48,93704209;35,46039866
253,976;23,60203419;41,93608831;33,86658468
254,571;17,44595284;27,8330459;34,29222501
255,165;17,70086051;20,92877935;21,72307728
255,760;20,14528699;25,10056346;31,93971721
256,354;14,07794164;24,04847685;34,89596951
256,949;9,481883079;16,48284374;39,81358225
257,543;13,18377899;10,85148452;32,4733708
258,138;12,70381655;5,761676491;40,72246399
258,732;10,2322073;2,060047434;34,31574502
259,327;19,24999981;-1,815392645;36,72734194
259,921;33,88968089;14,22714243;37,19071098
260,515;34,33427859;7,26843967;37,14914856
261,110;37,10188026;17,22993996;34,14207988
261,704;29,20104935;12,53990046;36,78473989
262,298;26,57358114;18,41073279;30,77689201
262,893;28,39110813;18,95277288;32,76076347
263,487;25,06459936;13,17797525;29,86736148
264,081;25,84431968;18,26335061;28,87565721
264,675;22,60033258;24,73227953;24,09258318
265,269;17,71918029;23,58660458;22,22815829
265,863;21,11790028;37,0304756;17,62839099
266,457;13,6490772;29,84970337;25,02176973
267,051;19,06829938;30,24084075;13,24146415
267,645;20,6935335;28,87493075;20,63578877
268,239;16,29133648;33,5447391;25,21141819
268,833;6,823438843;39,7455717;35,58989513
269,427;7,407407391;36,86267683;36,25285428
270,021;12,18750025;34,59767922;46,29629706
270,614;9,583086418;42,35701749;45,59953745
271,208;2,240361379;40,23100855;48,13453286
271,802;2,024786266;36,73590425;41,76950888
272,396;6,557118668;34,35237366;52,22159371
272,989;8,005123361;37,35150309;48,17309409
273,583;12,10578235;30,70378832;53,1825939
274,177;22,31334362;26,53135154;48,89507892
274,770;17,23422707;27,21815824;41,22220364
275,364;11,47983792;32,28724466;33,59081346
275,957;12,36877319;29,61847158;38,03531391
276,551;16,80690942;28,93026589;36,86732842
277,144;32,05404379;34,0127605;38,2389288
277,737;33,91304455;34,80136468;30,28310347
278,331;28,33764054;22,71200684;39,00647288
278,924;34,32535124;24,17231869;38,32759341
279,517;18,07809207;22,08425833;38,59996538
280,111;23,18734699;22,67814188;48,28172164
280,704;19,76512365;22,58744221;53,61884977
281,297;11,87203791;16,48501361;50,98533421
281,890;11,26490633;11,00586302;56,80819908
282,483;5,805377888;6,363191395;60,13498833
283,077;8,937033708;-6,91990604;57,5109135
283,670;21,86763757;9,459130838;51,54377601
284,263;1,482478384;5,593551696;44,87695617
284,856;8,229585481;15,78947387;34,58969502
285,449;7,932406406;4,736725724;32,92505935
286,042;13,34586411;-7,869355522;21,63204121
286,634;11,27560223;-10,44776112;29,5212769
287,227;23,72625272;-11,99124683;17,12695449
287,820;17,90363243;-7,466442877;12,56370094
288,413;14,2739482;-0,018822009;14,33256306
289,006;10,57111413;-7,690734652;19,68504043
289,599;23,35803516;-6,126915027;16,14827418
290,191;28,86934825;-9,475424975;14,73662682
290,784;29,52408977;-4,682069114;17,45960502
291,377;30,36674824;-7,10980225;19,27710856
291,969;40,78947358;-6,790123107;2,960372511
292,562;29,35620173;-7,159300298;14,14720281
293,154;37,2844844;-8,838155325;11,95705232
293,747;35,02465049;0,249716149;11,46004261
294,339;29,12223089;5,362319013;3,895813314
294,932;27,63374487;2,13408512;16,53853315
295,524;32,30706096;-0,925212033;20,25907744
296,116;29,23587992;5,39930188;23,51618625
296,709;27,49031431;8,48701162;11,5458933
297,301;29,916458;14,89950306;18,98852821
297,893;30,60913693;16,31689339;12,07413423
298,486;18,50594319;14,97665794;23,59577029
299,078;25,27216036;8,308494703;28,27290778
299,670;33,46511804;8,918640768;32,95739278
300,262;27,94997466;16,31071709;22,48607352
300,854;21,44882468;17,31601676;15,45278279
301,446;32,41085822;18,09479439;-3,296995985
302,038;35,19054366;14,73261939;4,827587086
302,630;28,82011477;8,667390896;-3,341550292
303,222;19,40796807;-6,568090451;4,664391167
303,814;14,40806023;-0,290697015;-5,170631099
304,406;20,50888507;15,04984086;-5,958885603
304,998;9,001549792;12,27657603;-24,16719284
305,590;20,25344376;1,598429303;-18,5413012
306,182;27,03672466;-0,432131544;-8,299493566
306,773;14,5704871;4,934868977;13,51229529
307,365;14,6525391;14,30621978;18,12955991
307,957;12,87939332;20,27385165;24,73167382
308,549;22,06827411;36,3292909;17,5006544
309,140;30,03930421;36,88152505;24,85846674
309,732;12,75885139;30,41212594;18,62853905
310,323;21,37862192;28,78490914;29,95780669
310,915;21,89116428;38,61709103;22,36778214
311,506;11,15935707;27,94947138;36,50714117
312,098;17,96679481;16,63375015;23,17722221
312,689;12,48766111;12,70193805;21,51274275
313,281;23,08480785;3,14392066;15,43959872
313,872;23,4974043;0,820826389;24,79629813
314,463;24,88299487;9,329939684;19,65452947
315,055;32,27990981;4,397322673;34,26883276
315,646;31,86676786;14,23589627;29,83462001
316,237;33,40503122;10,04158042;34,75978918
316,828;43,05136205;21,03265075;37,85242943
317,420;47,52554521;28,40591277;44,14792408
318,011;61,57471359;36,1977035;35,96702966
318,602;58,32034565;36,28113553;40,21117583
319,193;57,78995401;28,58750702;31,50901004
319,784;52,87156383;23,54364031;34,34160314
320,375;52,55997258;20,21889397;20,40252475
320,966;49,45146399;9,012271535;22,97111561
321,557;43,85275257;8,981424431;23,33706591
322,148;48,27527291;12,17083532;11,48271918
322,738;44,71318859;11,05640248;-0,90720567
323,329;32,11957355;1,336772734;11,16719258
323,920;29,37582523;9,002195425;13,51463635
324,511;25,89523121;13,27860926;20,0931867
325,102;34,49612526;11,65868118;16,82703088
325,692;28,9158559;8,611955341;24,07449533
326,283;31,5141784;6,448115682;32,01226178
326,874;35,36950732;-3,803278766;34,69186973
327,464;27,37440332;-2,016855887;35,67251565
328,055;30,27304383;-5,415658548;41,34739474
328,645;24,85939271;9,142369736;49,6830265
329,236;26,03830787;3,943172369;55,01704707
329,826;32,45322414;0,465458006;57,67731858
330,417;19,30730921;7,377049722;52,60209853
331,007;30,17110162;25,96520848;54,09364047
331,597;24,52278571;39,63890064;42,5006198
332,188;23,24420659;42,30969362;35,0126664
332,778;28,98972736;36,32192022;36,85793078
333,368;24,44020234;32,5763775;31,86154363
333,958;32,21293235;33,83647544;35,35896758
334,548;29,74264823;33,36550925;28,34484597
335,139;17,19310784;41,90064928;26,50970269
335,729;29,27952773;39,21495911;24,99999902
336,319;27,64469264;31,70731837;22,38493682
336,909;29,4159809;20,48262425;17,244546
337,499;32,15883654;24,51650713;21,12116587
338,089;25,4172515;22,46879316;14,07325075
338,679;20,98536618;22,52427185;17,20093752
339,269;25,63269408;19,15014228;10,13714954
339,858;19,5716636;16,05682402;15,46845179
340,448;29,21739126;11,47704641;13,8386648
341,038;22,70369257;14,26046002;17,15366755
341,628;16,20908223;10,5058361;22,34624852
342,218;22,93667751;16,99323195;28,58911041
342,807;15,87968355;10,64498257;30,89538795
343,397;9,087682165;13,11010234;39,08554725
343,986;15,78656846;15,25392476;34,2999986
344,576;4,19909519;18,1263112;45,82284577
345,166;11,68505547;22,10163672;43,82459132
345,755;18,70908792;23,07133747;47,7740537
346,345;22,89119779;21,68001503;54,5599591
346,934;26,46938651;25,11352412;45,16285653
347,523;27,53169211;17,31914865;54,15724502
348,113;35,01150554;13,68778398;51,1070937
348,702;42,95130525;19,44104401;53,04649898
349,292;39,7309076;31,56085451;56,36756708
349,881;44,49351247;23,44548518;52,72765914
350,470;45,84816992;18,46597712;50,50912769
351,059;41,16420629;17,78630895;45,54663373
351,648;32,30793973;19,38974212;44,61339007
352,238;31,34479272;26,05092955;51,20593799
352,827;23,72191795;25,7077432;42,17462851
353,416;18,61755743;35,99185898;34,09386018
354,005;9,34844212;35,55358749;26,36330155
354,594;10,33159368;24,6245758;26,02145962
355,183;9,057143075;28,13226115;22,4779439
355,772;9,771591157;29,30463517;23,57315158
356,361;7,085388278;30,32549789;29,66152613
356,949;4,255586085;31,49413282;24,30325447
357,538;0,6225097;33,64469134;24,42538625
358,127;-0,707547027;39,28873766;22,27116053
358,716;-3,280709742;35,91031363;30,93319915
359,304;2,491241625;35,54313228;36,09755926
359,893;3,483681468;43,00485169;35,67800626
360,482;2,267003057;38,15907256;32,75008816
361,070;2,148611922;31,52797829;33,35687779
361,659;8,181697124;30,68383037;29,89927558
362,247;14,45750936;24,07912685;31,35848944
362,836;16,26153599;13,53637917;32,47780758
363,424;15,4271667;13,42494711;31,89886943
364,013;15,69715046;3,005840128;38,93327885
364,601;7,316471216;7,662834645;43,03914331
365,190;9,272987247;3,471730176;37,52554158
365,778;13,08006426;8,330845342;40,6763153
366,366;9,291418025;11,65845612;36,78492957
366,955;-0,125284941;14,46738484;28,6873273
367,543;1,849137516;16,66887444;27,4538102
368,131;2,285598424;17,34104016;25,34067428
368,719;0,029323038;12,88388601;22,94323698
369,307;2,159557538;18,06577723;16,76216085
369,895;5,373514064;15,88259793;11,85383261
370,483;3,026365956;16,00893488;15,16740485
371,071;3,767123532;12,21192544;13,17059678
371,659;4,329789945;10,82643968;14,10966396
372,247;7,180353501;7,879740517;14,65658767
372,835;5,617977644;8,428963294;14,63262418
373,423;5,047132628;8,627235485;11,15026726
374,011;6,786643591;8,247200214;10,77328877
374,599;3,812214448;6,660563807;9,569283001
375,186;3,134105706;6,024631789;8,67384985
375,774;2,880718809;5,603065464;5,285494166
376,362;1,351491776;5,872227626;4,844054351
376,950;2,351597522;5,160939325;3,659249658
377,537;1,984818364;4,407580074;4,027136119
378,125;1,586998894;3,956201226;3,00248636
378,712;2,069628978;3,820536947;3,149633251
379,300;1,836680799;3,471501802;2,41620562
379,887;2,731227771;4,268061748;2,2302432
380,475;3,16353817;3,814434594;1,804235071
381,062;2,822015224;3,691006116;2,493293959
381,650;2,706462505;3,748284584;2,236102048
382,237;1,577337536;4,322530969;2,374779065
382,824;1,397010259;5,035836549;1,935450947
383,411;1,65071146;5,218608499;2,470200792
383,999;1,716811258;5,599552874;2,49868989
384,586;1,419951847;6,155975006;3,041436716
385,173;1,409583575;5,896081584;2,939416625
385,760;1,565175163;6,150131774;2,836576423
386,347;1,619354794;6,381405803;3,056225302
386,934;1,742388556;6,200339555;3,27476691
387,521;2,129967064;6,120214233;2,951709608
388,108;2,760206247;6,264040973;2,901022778
388,695;3,010830545;6,351543135;2,811783876
389,282;2,706815427;6,396686266;3,087887522
389,869;2,895172315;6,252396831;2,782172284
390,456;3,015732492;6,262185944;2,905589254
391,043;3,010200385;6,19939504;2,870061178
391,630;3,600793413;6,191436356;2,893169075
392,216;3,797443107;6,365309942;2,830860694
392,803;3,988242053;6,312246637;3,068427402
393,390;3,6625376;6,389796295;3,184971958
393,976;3,464695574;6,519983946;2,970250366
394,563;3,993048234;6,423308871;2,922935945
395,149;4,294932128;6,692913567;3,394932414
395,736;4,186840102;7,051653375;3,311517544
396,322;4,40720972;7,280911903;3,780021237
396,909;4,652447854;7,404962486;3,5685429
397,495;4,995851819;7,671241325;3,708642508
398,082;5,350621161;7,848245946;3,751635735
398,668;5,78234214;7,868310227;3,789466292
399,254;6,168912939;8,072161;3,954313528
399,841;6,381492484;8,207501016;3,997847264
400,427;6,494683855;8,465287208;3,860080131
401,013;6,817669848;8,483763378;4,0705876
401,599;6,942579157;8,721340654;4,089588685
402,185;7,026842663;9,004909568;4,29849005
402,771;7,238154664;9,123140686;4,454742381
403,357;7,278664587;9,375041045;4,76210748
403,943;7,453971519;9,689958945;4,927103997
404,529;7,710742589;9,736229577;5,207920711
405,115;7,925470918;9,803894663;5,280408012
405,701;8,258150675;9,947045938;5,693246221
406,287;8,593770737;10,10849068;5,86871092
406,873;8,970040888;10,18526873;6,176105483
407,459;9,329991733;10,28469606;6,444461687
408,044;9,670834955;10,44176739;6,729260998
408,630;10,11641425;10,59572365;6,933894121
409,216;10,39285491;10,82998378;7,248341743
409,802;10,71168331;11,05972148;7,320794791
410,387;11,20565904;11,52132715;7,683726811
410,973;11,56798188;11,70271137;7,831390444
411,558;11,94614602;11,96116345;8,045352043
412,144;12,14119911;12,20921275;8,171343478
412,729;12,33092211;12,40637795;8,486816607
413,315;12,47230198;12,53520553;8,548260791
413,900;12,61352088;12,83256109;8,882468523
414,485;12,9319125;12,86118661;9,086035162
415,071;13,10013489;13,15105155;9,427384719
415,656;13,28327946;13,20179153;9,616162863
416,241;13,39472143;13,38427593;9,977950722
416,827;13,64609472;13,52090566;10,17277236
417,412;13,961358;13,67114219;10,48108784
417,997;14,24683962;13,89155801;10,43148785
418,582;14,69869811;14,19509399;10,83308011
419,167;15,09814859;14,40895556;10,88355372
419,752;15,46340799;14,55680293;11,09377536
420,337;15,76120161;14,67811445;11,18344383
420,922;15,8227572;14,79721581;11,53570713
421,507;16,1677905;15,0109859;11,61712827
422,092;16,20269728;15,08339064;11,85944849
422,677;16,45089107;15,29923112;11,94375007
423,261;16,74623022;15,30558189;12,22192709
423,846;16,70672915;15,36951161;12,21896518
424,431;16,8437471;15,52164631;12,48719715
425,016;17,14379457;15,67513018;12,45846856
425,600;17,07755066;15,71392729;12,65649661
426,185;17,38096826;15,75493512;12,73930424
426,770;17,58010711;15,67791861;12,94684012
427,354;17,79572326;15,84290457;13,05858801
427,939;17,8809927;16,01416709;13,35192722
428,523;17,96830733;16,12646065;13,63013727
429,108;18,39400311;16,27377816;13,92581168
429,692;18,65297987;16,36175584;13,96573787
430,276;18,59015445;16,42603591;14,26968991
430,861;18,84907322;16,49063437;14,38651498
431,445;19,05859296;16,86501635;14,43013241
432,029;19,09054595;17,04271416;14,33786842
432,613;19,25090168;17,14212611;14,6103197
433,198;19,32886158;17,09491475;14,58562391
433,782;19,40769359;17,28994977;14,50336964
434,366;19,51431486;17,2708399;14,41397845
434,950;19,56059891;17,31831544;14,39400647
435,534;19,64661245;17,54223928;14,42373684
436,118;19,76977843;17,6726081;14,54470208
436,702;19,83211598;17,68818814;14,6088218
437,286;19,99945368;17,76555236;14,8161419
437,870;20,00673953;17,74807547;14,76685047
438,454;20,10749819;17,71783243;14,87029119
439,038;20,18430271;17,65486464;15,01077447
439,621;20,13554669;17,91358398;15,21800154
440,205;20,25001359;18,03972228;15,27668665
440,789;20,32367373;18,07763453;15,39348431
441,372;20,34034195;18,10422641;15,46039981
441,956;20,22178031;18,12240099;15,53314078
442,540;20,06122034;18,1433079;15,51383288
443,123;20,14291119;18,27720193;15,55394723
443,707;20,20224684;18,53545718;15,46667212
444,290;20,0382801;18,65803782;15,52066175
444,874;19,96703874;18,61641785;15,41837558
445,457;19,93798833;18,58182876;15,50344851
446,040;19,97765052;18,74518331;15,53494066
446,624;20,06574218;18,85979338;15,53650842
447,207;20,10740042;18,90507478;15,60747513
447,790;20,26712829;18,99990474;15,61941484
448,374;20,32372832;19,00261905;15,53194893
448,957;20,46038812;18,95448617;15,57436294
449,540;20,7365907;18,98105517;15,45335221
450,123;20,85766141;19,03335211;15,5092463
450,706;20,83240171;19,05768566;15,47232577
451,289;20,78230666;18,92655865;15,47133567
451,872;20,78380779;18,88004136;15,37919509
452,455;20,84451337;18,86273668;15,31898683
453,038;20,95596917;18,80155804;15,29514027
453,621;20,87617288;18,83735587;15,41715551
454,204;20,77715276;18,82175785;15,37993029
454,787;20,72620334;18,92480445;15,46863336
455,369;20,80351553;18,93077445;15,49900247
455,952;20,86814875;18,89552184;15,57103031
456,535;20,88197492;18,98667722;15,50607043
457,117;20,82514108;19,06573068;15,67259234
457,700;20,91483061;19,09561801;15,70195372
458,283;20,78777219;19,19754331;15,68901826
458,865;20,9430045;19,22399391;15,63065554
459,448;20,96837915;19,29615465;15,6667597
460,030;20,87603022;19,2809764;15,61707265
460,613;20,78917914;19,3414939;15,60494159
461,195;20,7261945;19,34568921;15,59636114
461,777;20,75387992;19,27960525;15,64190821
462,360;20,88861215;19,28036699;15,49286591
462,942;20,78583639;19,29664179;15,43174883
463,524;20,88131328;19,26982488;15,41168126
464,107;20,8334607;19,29604569;15,38856954
464,689;20,82041698;19,38424795;15,31614651
465,271;20,90969395;19,43323968;15,36260921
465,853;20,90375223;19,42165757;15,32009288
466,435;20,96486639;19,48365806;15,28436402
467,017;20,99532047;19,51880572;15,19325211
467,599;20,97857699;19,57843963;15,26383941
468,181;21,02516338;19,60921781;15,3005572
468,763;20,93600052;19,59914361;15,35328601
469,345;20,93428254;19,60249181;15,4169307
469,927;20,94537574;19,50827916;15,47650325
470,508;20,92251376;19,40259604;15,54721196
471,090;21,0086676;19,45891741;15,56708517
471,672;20,93407687;19,44290511;15,58996632
472,254;20,93612708;19,44178819;15,67171068
472,835;20,8707688;19,46955707;15,69934577
473,417;20,86553944;19,40350273;15,67935152
473,998;20,90420816;19,39660116;15,65762094
474,580;20,81341619;19,32708935;15,61363696
475,161;20,82272228;19,26364964;15,63703947
475,743;20,82295957;19,34981593;15,63812326
476,324;20,64513163;19,29159455;15,65408834
476,906;20,66750441;19,29761357;15,62326935
477,487;20,61045557;19,32118774;15,57715512
478,068;20,61466649;19,23074627;15,52136781
478,650;20,63900714;19,27041099;15,54983716
479,231;20,56541171;19,2747676;15,5574788
479,812;20,61544711;19,29751288;15,46736739
480,393;20,59315909;19,37179742;15,43732292
480,974;20,49348611;19,3498474;15,27225781
481,555;20,59474437;19,30499843;15,30672996
482,136;20,60457995;19,31010063;15,28430069
482,717;20,61588003;19,24407176;15,24789254
483,298;20,51407795;19,21876118;15,25219072
483,879;20,49830545;19,21288203;15,26607237
484,460;20,56305089;19,22569226;15,24111756
485,041;20,53200552;19,22412923;15,30154119
485,622;20,51300269;19,16676307;15,22411436
486,203;20,49416076;19,18320668;15,25310881
486,783;20,45214925;19,13438037;15,22223033
487,364;20,37545377;19,08516571;15,17483286
487,945;20,31448204;19,11243875;15,26759319
488,525;20,3933019;19,10770976;15,29166385
489,106;20,3040271;19,11664963;15,13257293
489,686;20,25419954;19,10978476;15,17455608
490,267;20,23457467;19,0788165;15,09239639
490,847;20,30317364;19,03973422;15,12286495
491,428;20,40892681;18,97483445;15,16283851
492,008;20,38209118;19,09269425;15,10141436
492,589;20,44554519;19,06448257;15,11452082
493,169;20,37223492;19,01640295;15,06943046
493,749;20,3081039;18,92631862;14,96266945
494,329;20,29018443;18,92286155;15,0208245
494,910;20,22415296;18,87592498;14,89765085
495,490;20,15396693;18,9272439;14,98464871
496,070;20,04853008;18,90455584;15,03692255
496,650;19,94693174;18,90437592;15,03902827
497,230;19,99977008;18,83541175;14,95262481
497,810;19,94874955;18,90986685;14,98783064
498,390;20,00742993;18,89156323;14,8691849
498,970;20,02680819;19,01212612;14,9095957
499,550;20,02490791;18,93200974;14,91892865
500,130;20,01126334;18,90107433;14,87313186
500,709;20,07302161;18,95348943;14,73310077
501,289;19,96275;19,02044259;14,68888545
501,869;19,97598044;18,94454129;14,67459009
502,449;19,92785787;18,88630938;14,72947037
503,028;19,82654035;18,84094431;14,63183396
503,608;19,71511068;18,91831145;14,7056445
504,188;19,72756264;18,91022517;14,58431316
504,767;19,64824969;18,96630485;14,57675548
505,347;19,67831334;19,07224992;14,60950252
505,926;19,5397851;18,99973548;14,68830387
506,505;19,50204921;18,97697637;14,56973423
507,085;19,3781549;18,98734213;14,46394218
507,664;19,30188251;19,08314408;14,36230467
508,243;19,30696389;19,06981114;14,38952022
508,823;19,40900625;19,05965614;14,28021561
509,402;19,22128545;18,94429012;14,35768534
509,981;19,19920664;18,93173874;14,24730323
510,560;19,08272768;18,87082014;14,2300692
511,139;19,16000479;18,88211241;14,19522632
511,719;19,17615624;18,84600208;14,29139699
512,298;19,24596827;18,85283093;14,31585832
512,877;19,20169245;18,8043662;14,39548855
513,456;19,28077454;18,80823313;14,37506052
514,034;19,12847774;18,81086574;14,39886117
514,613;19,26201554;18,89303452;14,3844836
515,192;19,20237642;18,89123265;14,4179847
515,771;19,15159053;18,85297352;14,47961229
516,350;19,01821997;18,84269038;14,48574868
516,928;18,93927259;18,8458702;14,44807858
517,507;18,92897674;18,87485535;14,52924817
518,086;18,87907898;18,8380606;14,4923781
518,664;18,6868549;18,80078569;14,503984
519,243;18,65986444;18,74712261;14,4173518
519,821;18,57567159;18,70165997;14,37863586
520,400;18,59661327;18,64622145;14,3490253
520,978;18,61393273;18,72410425;14,33436252
521,557;18,60222814;18,68931194;14,29687752
522,135;18,64802288;18,67863425;14,32755989
522,714;18,5345287;18,62826879;14,18513229
523,292;18,44356885;18,53073836;14,20310014
523,870;18,50591785;18,54934577;14,15075283
524,448;18,45564034;18,55010819;14,18713263
525,026;18,37895487;18,51154912;14,22223431
525,605;18,32197248;18,53221604;14,24071287
526,183;18,33140623;18,45482456;14,11537231
526,761;18,35841035;18,35135625;14,15413053
527,339;18,25222304;18,33486088;14,07439092
527,917;18,15062302;18,32232035;14,05709771
528,495;18,18246126;18,38152403;13,97662945
529,073;18,09647187;18,28250878;13,95999858
529,650;18,11185653;18,25530419;13,95073124
530,228;18,07890795;18,29969909;13,87130971
530,806;17,98603797;18,26818956;13,80285703
531,384;17,89420349;18,29127158;13,84944954
531,962;17,8043974;18,32431248;13,78593283
532,539;17,73497972;18,39133535;13,80765054
533,117;17,80075256;18,3757569;13,83013414
533,694;17,82501088;18,38397774;13,80373692
534,272;17,86510709;18,40674765;13,78020935
534,849;17,84010398;18,47012918;13,83082034
535,427;17,75437486;18,48800764;13,82165474
536,004;17,77951524;18,47499826;13,82680001
536,582;17,72213677;18,42200882;13,80963785
537,159;17,74832521;18,4464644;13,79726237
537,736;17,76091074;18,40742027;13,70301206
538,314;17,67610991;18,4314659;13,67772498
538,891;17,55747956;18,44802295;13,67579603
539,468;17,5194242;18,50127035;13,69238742
540,045;17,47833644;18,49802592;13,6447005
540,622;17,47903118;18,39293486;13,71549508
541,199;17,43794009;18,44957498;13,65497219
541,776;17,52691683;18,45320414;13,71415187
542,353;17,47225968;18,47977961;13,63873724
542,930;17,47413256;18,42143141;13,60591347
543,507;17,55266965;18,44447469;13,61979227
544,084;17,56064812;18,34608002;13,56495347
544,661;17,53070448;18,33921649;13,49038462
545,238;17,56450231;18,31521548;13,50653452
545,815;17,62022575;18,34906913;13,37767697
546,391;17,60102872;18,34440943;13,38620347
546,968;17,55838019;18,31216688;13,2658189
547,545;17,5477358;18,26543578;13,31791855
548,121;17,56711834;18,21813145;13,32561494
548,698;17,51197356;18,26068497;13,32193254
549,274;17,57898009;18,3304808;13,31813947
549,851;17,58341543;18,22799996;13,39819748
550,427;17,5476328;18,18016876;13,27754504
551,004;17,48495779;18,26905905;13,32191228
551,580;17,51209211;18,24500229;13,27341908
552,156;17,55470659;18,27275098;13,34549496
552,732;17,57556057;18,28703052;13,32087844
553,309;17,61057958;18,41570373;13,31992446
553,885;17,68615125;18,39262673;13,33027179
554,461;17,65697495;18,31404723;13,37198754
555,037;17,667938;18,441245;13,32522899
555,613;17,62276477;18,48802756;13,44074808
556,189;17,63429933;18,3852974;13,44160815
556,765;17,61189684;18,41166935;13,57381805
557,341;17,62389398;18,37933549;13,5308034
557,917;17,66584614;18,34027825;13,53193641
558,493;17,69770573;18,21345775;13,59416222
559,069;17,65286439;18,22062096;13,62667498
559,645;17,60680527;18,26783431;13,66035509
560,220;17,50738917;18,21759657;13,67593016
560,796;17,64286735;18,17511758;13,6565408
561,372;17,64873937;18,27834104;13,67472877
561,948;17,74129717;18,22903704;13,61372387
562,523;17,63750646;18,2616366;13,64543979
563,099;17,68020407;18,28351615;13,66016557
563,674;17,68389025;18,35834329;13,70594333
564,250;17,82029972;18,30045101;13,68528503
564,825;17,79384042;18,2985463;13,6920792
565,400;17,93153595;18,30748115;13,71724503
565,976;17,95380869;18,40525168;13,74376227
566,551;17,9920141;18,4103216;13,7519144
567,126;17,99638508;18,49583466;13,8118704
567,702;18,14792725;18,45243956;13,84842647
568,277;18,19760269;18,53822078;13,87556815
568,852;18,24692555;18,59203593;13,81660078
569,427;18,23024944;18,60240661;13,84891193
570,002;18,39995645;18,69316111;13,86052079
570,577;18,40872024;18,69538643;13,96935306
571,152;18,40035768;18,61798053;13,94113845
571,727;18,48129408;18,57385032;14,04371299
572,302;18,52402845;18,45778648;14,04753589
572,877;18,61410475;18,56960401;14,19697941
573,452;18,64362219;18,56330434;14,23924059
574,026;18,69841526;18,61768362;14,37409514
574,601;18,76380088;18,68480115;14,37202398
575,176;18,80595401;18,63137895;14,47022296
575,751;18,97408943;18,65481308;14,39130408
576,325;19,0765355;18,70391933;14,4311285
576,900;19,18551075;18,72742661;14,39163228
577,474;19,34955087;18,86590897;14,54670768
578,049;19,33035486;18,89326106;14,42981269
578,623;19,35355182;18,85956948;14,5017081
579,198;19,4115109;18,84522969;14,40239883
579,772;19,43284472;18,80427782;14,4725137
580,346;19,47852583;18,85614486;14,49094687
580,921;19,46055138;18,8339168;14,56265033
581,495;19,51397102;18,77417713;14,60548174
582,069;19,57631147;18,77439154;14,70986222
582,643;19,58775627;18,65476241;14,60000934
583,218;19,62297517;18,61092295;14,64277692
583,792;19,76567692;18,68512615;14,59987676
584,366;19,78708882;18,60777651;14,75169777
584,940;19,78986134;18,61630572;14,7008044
585,514;19,85508534;18,62999171;14,69472473
586,088;19,91240873;18,68132395;14,7248176
586,662;19,95698029;18,82961727;14,77310377
587,235;20,03930299;18,9157206;14,71502709
587,809;20,04143393;19,06959121;14,81146914
588,383;20,08252405;19,09793489;14,8464062
588,957;20,01532863;18,96202798;14,91739295
589,530;20,01290322;18,98752385;14,92242337
590,104;20,0068196;18,92496239;15,11020014
590,678;19,99551117;18,84767873;15,14310811
591,251;19,93069074;18,92058742;15,19046405
591,825;19,87528727;18,88500723;15,19686589
592,398;19,81418652;18,82148472;15,21685857
592,972;19,81657932;18,72734067;15,20118116
593,545;19,90603834;18,7050309;15,2124311
594,118;19,91471313;18,81835704;15,24446792
594,692;19,97163073;18,88492373;15,35801641
595,265;20,14164737;18,99020682;15,29334011
595,838;20,2634288;19,11804387;15,32782329
596,411;20,43429976;19,04180205;15,36747781
596,985;20,48941009;19,00086634;15,53303605
597,558;20,58385688;19,05709997;15,50470399
598,131;20,80629532;19,18114505;15,52327375
598,704;20,85837926;19,21989798;15,57264466
599,277;20,97754977;19,15555462;15,63911819
599,850;21,0593175;19,08759061;15,49745624
600,423;21,08240715;19,11732879;15,50747888
600,996;21,20828134;19,12322207;15,48259739
601,568;21,11615183;19,14352983;15,58623691
602,141;21,21519951;19,17123446;15,43341574
602,714;21,3101527;19,13344337;15,61412548
603,287;21,23500387;19,05796802;15,71438684
603,859;21,26798034;19,03030249;15,65304764
604,432;21,21690785;19,12471169;15,58544438
605,004;21,24211866;19,20196745;15,64024383
605,577;21,15478422;19,15383059;15,64304501
606,149;21,03911543;19,12582579;15,77496551
606,722;21,17043075;19,10848554;15,60508201
607,294;21,09578011;19,10301161;15,72660582
607,867;21,061276;19,20238306;15,75883262
608,439;21,07378892;19,12877437;15,8097429
609,011;21,18743661;19,15018191;15,85090673
609,584;21,30014893;19,0460962;15,94636952
610,156;21,36377603;19,00062964;15,91337247
610,728;21,40510929;19,07379153;15,89662269
611,300;21,48192774;19,08627484;15,7580339
611,872;21,47678784;19,0740658;15,89170313
612,444;21,68958528;19,1855964;15,76073074
613,016;21,77591681;19,18844894;15,7513231
613,588;21,81065619;19,39911078;15,63153018
614,160;21,77856463;19,35764205;15,69960637
614,732;21,75739695;19,39424358;15,56036769
615,304;21,80344257;19,49651406;15,62872752
615,876;21,92039944;19,49092945;15,74064986
616,447;21,88923855;19,37419863;15,82599067
617,019;22,02419313;19,41867498;15,79012297
617,591;21,93144341;19,28391685;15,97513377
618,162;21,94411782;19,2195634;15,88190736
618,734;21,90072994;19,15668008;16,02479001
619,305;21,9751611;19,26408351;16,01696752
619,877;22,09553196;19,41105625;16,1064575
620,448;22,08277117;19,38808588;16,11977099
621,020;22,04683381;19,35002248;16,24725663
621,591;22,18849245;19,40621469;16,20127173
622,162;22,14228419;19,41884889;16,16474553
622,734;22,19866659;19,54759368;16,03480595
623,305;22,13735343;19,38239235;16,08080684
623,876;22,22682642;19,35214539;15,95450442
624,447;22,14975141;19,35463181;16,02949014
625,019;22,00356006;19,29221944;16,05363509
625,590;21,88901413;19,26962982;16,06674562
626,161;21,96358777;19,18868036;15,84215239
626,732;21,84981194;19,2412425;15,92568954
627,303;21,85705666;19,37896804;15,85196051
627,874;21,83185527;19,18413507;15,94210212
628,444;21,77787239;19,32075364;15,91123766
629,015;21,59929654;19,22573129;15,99519451
629,586;21,56447243;19,1926603;15,89207798
630,157;21,58207815;19,25379131;15,98912362
630,727;21,60547328;19,19421279;15,9585171
631,298;21,6424189;19,37230508;16,00539682
631,869;21,70048423;19,39698854;16,06984519
632,439;21,61014296;19,39657124;16,19942167
633,010;21,59161971;19,45526785;16,18990218
633,580;21,70748762;19,45240659;16,28869567
634,151;21,90000704;19,59273058;16,26798875
634,721;21,94077023;19,54244533;16,37515849
635,292;22,12414693;19,48343414;16,34158419
635,862;22,21729008;19,48310127;16,40011199
636,432;22,21849246;19,4612043;16,40058067
637,002;22,27516264;19,40791235;16,42453589
637,573;22,33339195;19,27270514;16,38405036
638,143;22,24392777;19,33572138;16,48195977
638,713;22,31505298;19,34479296;16,4104598
639,283;22,25096319;19,2784969;16,34564134
639,853;22,15366606;19,35078941;16,26661818
640,423;22,08403826;19,29144163;16,35930252
640,993;22,04945194;19,35083006;16,32013283
641,563;21,91261678;19,27901043;16,46914082
642,133;21,70192551;19,317789;16,35381859
642,703;21,66763337;19,42314024;16,35174984
643,272;21,75188996;19,28002203;16,16011988
643,842;21,53877036;19,20798107;16,27528317
644,412;21,58010829;19,17502699;16,34339804
644,981;21,62750408;19,06852254;16,39724202
645,551;21,49049914;19,1051174;16,27753178
646,121;21,45533923;19,02144576;16,30453293
646,690;21,63709298;19,00568207;16,25774549
647,260;21,75415756;18,92047933;16,24300354
647,829;21,8814697;18,78246919;16,24211278
648,398;22,04262591;18,85257537;16,42436281
648,968;22,12350959;19,01910984;16,36576344
649,537;22,07209443;19,17874101;16,27870306
650,106;22,2245944;19,263097;16,19983048
650,676;22,35574865;19,24282028;16,26452892
651,245;22,24473973;19,27802498;16,23309121
651,814;22,14683931;19,23039183;16,04721332
652,383;22,16192806;19,29677192;16,14235864
652,952;22,06537984;19,42419739;16,28389998
653,521;21,88881728;19,4843685;16,16959931
654,090;21,87776542;19,56437091;16,13178934
654,659;21,90683888;19,54304323;16,22016632
655,228;21,8515332;19,65371759;16,16074476
655,797;21,82230111;19,75219006;16,10146231
656,365;21,98462899;19,89469013;16,17783376
656,934;22,07303357;20,0057021;16,40003968
657,503;21,95770454;19,95326007;16,25291569
658,072;22,017634;19,88755474;16,23511991
658,640;22,17992888;19,88845203;16,25118418
659,209;22,21581914;19,75790735;16,24411503
659,777;22,2535759;19,74569972;16,37788121
660,346;22,27218136;19,6455276;16,54647036
660,914;22,24686565;19,53709089;16,57784564
661,483;22,21123318;19,47227491;16,43266034
662,051;22,17395563;19,36795698;16,38872111
662,619;22,32968675;19,38082342;16,63197419
663,188;22,34385497;19,33370401;16,57805378
663,756;22,19143067;19,26878623;16,62002961
664,324;22,17345871;19,22300595;16,5390978
664,892;22,10583048;19,15343697;16,42895802
665,460;21,95995677;19,0256964;16,47336511
666,028;22,05795043;19,09103393;16,31113315
666,596;22,03562694;19,06282009;16,4756556
667,164;22,06465517;19,17692837;16,40815539
667,732;21,92825611;19,14423717;16,24475013
668,300;21,72126739;19,14117893;16,28174045
668,868;21,78579943;19,18125905;16,41786197
669,436;21,78913267;19,16602521;16,41572957
670,004;21,88993686;19,13835902;16,34992478
670,571;21,83016197;19,16475902;16,24532716
671,139;21,56033427;19,09224284;16,42708187
671,707;21,50808294;19,01209162;16,33511946
672,274;21,38807652;19,01397375;16,4833642
672,842;21,49216318;19,09512963;16,53263973
673,409;21,57329888;19,03763435;16,46758843
673,977;21,72339017;19,06931994;16,38733491
674,544;21,64864391;19,02656193;16,62274336
675,112;21,62229568;19,06796118;16,81781471
675,679;21,65361888;19,14652824;16,83067285
676,246;21,77048334;19,25051243;16,75950568
676,814;21,76210462;19,28205185;16,67827655
677,381;21,75666551;19,18650174;16,52681456
677,948;21,78413607;19,22568281;16,59538878
678,515;21,95627085;19,40105763;16,58273855
679,082;21,86655697;19,35108516;16,47215127
679,649;21,89559869;19,48035757;16,30058725
680,216;21,86384887;19,4046363;16,18598874
680,783;21,85131514;19,44243087;16,24487859
681,350;21,9316453;19,41817989;16,22426173
681,917;22,04182469;19,41155361;16,2504888
682,484;22,01122997;19,54198644;16,211446
683,051;21,8784686;19,43847594;16,13208521
683,617;21,62342637;19,25780374;16,33567631
684,184;21,67291216;19,22936616;16,27070702
684,751;21,5808018;19,07031296;16,3992487
685,317;21,52764438;19,09525725;16,28831279
685,884;21,57588319;19,03379155;16,35576057
686,450;21,47932176;18,91262244;16,35122837
687,017;21,58250001;18,85770693;16,50579919
687,583;21,72733753;18,67295618;16,76796888
688,150;21,78450246;18,80149789;16,85153242
688,716;21,99286123;18,90739514;16,59473119
689,282;21,75117815;18,92119509;16,78182023
689,849;21,79089689;19,07675688;16,74327228
690,415;21,8018844;19,10336143;16,94951446
690,981;21,88513159;18,99094812;16,82224061
691,547;22,01869438;19,00891492;17,13058245
692,113;22,000907;19,09500712;17,04708952
692,679;21,98370994;19,12695423;17,07234022
693,245;22,01637928;19,04322931;17,03464868
693,811;21,92668362;19,02501248;17,16441967
694,377;22,02027161;19,03886179;17,10641044
694,943;22,10469828;19,03668023;17,00672447
695,509;22,22272883;19,06817547;17,00382859
696,074;22,21227216;19,21640448;17,00822972
696,640;22,12668266;18,98572763;16,60536873
697,206;22,07207817;18,9755878;16,74219828
697,771;22,25157404;18,94275361;16,43778783
698,337;22,34968562;18,92650238;16,32312546
698,903;22,45490291;18,90202696;16,26406541
699,468;22,43190928;18,92718;16,51530286
700,034;22,4149619;18,7464727;16,65118239
700,599;22,38768701;18,6177317;16,77713756
701,164;22,55997708;18,54668632;16,69651724
701,730;22,69555757;18,8585612;16,99538801
702,295;22,48939766;18,85011932;16,89708709
702,860;22,3852866;18,74338598;17,09754528
703,426;22,36947831;18,56657388;17,19512225
703,991;22,32160744;18,46993935;17,42642925
704,556;22,40484063;18,32968643;17,01521251
705,121;22,42208294;18,4682447;17,00130048
705,686;22,43662791;18,53932282;16,80467682
706,251;22,12257335;18,59155868;17,09423339
706,816;21,75018028;18,69948078;17,01989852
707,381;21,85032432;18,66832531;17,20428065
707,946;21,69135784;18,98628264;17,19158458
708,510;21,56060715;19,00020608;17,24705721
709,075;21,48943401;18,9347929;16,97231471
709,640;21,38609482;19,11792899;17,20327632
710,205;21,32364101;19,07608068;17,20541134
710,769;21,16792271;18,93467167;17,12204465
711,334;21,4756242;18,74738859;16,84427356
711,898;21,76868457;18,36533951;16,84168627
712,463;21,93409834;18,30830204;16,67167141
713,027;22,14491783;18,17426551;16,6423853
713,592;22,25829372;18,09878563;16,57828145
714,156;22,19988934;18,01492432;16,78699892
714,720;22,41978418;17,76563036;16,72619339
715,285;22,57574176;17,59219185;16,69259461
715,849;22,55897377;17,56633026;16,6847348
716,413;22,44085828;17,5924112;17,03017613
716,977;22,3452234;17,6279715;16,81024726
717,541;22,28959151;17,62065391;16,7517241
718,105;22,3569561;17,37527536;16,69539012
718,669;22,41786423;17,63166553;16,91837639
719,233;22,59692155;17,77265276;16,90746794
719,797;22,31198212;17,88648524;16,78348938
720,361;22,08535547;17,90654764;17,02514771
720,925;21,98797482;17,89999093;17,16326821
721,489;22,05478376;17,71425529;16,91348346
722,053;22,0672229;17,80784894;17,24002574
722,616;22,2295578;17,56553199;17,25786653
723,180;21,75400422;17,57863101;17,5658357
723,744;21,38099635;17,33854114;17,37556265
724,307;21,3423532;17,63895012;17,0795208
724,871;21,44096614;17,59091148;17,26530992
725,434;21,50655929;17,65630696;16,96977433
725,998;21,89388487;17,68942682;16,76087367
726,561;21,75662063;17,85012331;16,68921714
727,124;21,8247905;17,88996852;16,21253936
727,688;21,40512583;18,12693776;16,47080046
728,251;21,56343394;17,77528662;16,04171973
728,814;22,03660466;18,04643;16,04489187
729,377;21,79206934;17,70922518;16,33717529
729,940;22,20549985;17,61782568;16,75675247
730,503;22,45334335;17,38140274;16,89304926
731,067;22,61451482;17,32207808;17,1463407
731,630;22,50187186;17,25860613;17,13829015
732,192;22,37375205;17,11616758;17,53794007
732,755;22,69556063;17,05250715;17,28013324
733,318;22,64306438;17,40754659;17,85357356
733,881;22,35120701;17,07082206;17,71397131
734,444;22,56262093;17,21825475;17,55700829
735,007;22,54620453;17,39761101;17,18765308
735,569;22,4498242;17,44459913;17,4230028
736,132;22,57529254;17,50618275;17,51256235
736,694;23,14767256;17,44973654;17,92742953
737,257;23,53663043;17,42879738;18,0575633
737,819;23,32281547;17,48849737;18,38095094
738,382;23,39510278;17,37735396;18,00802034
738,944;23,66389094;17,20161596;18,52595909
739,507;23,84786536;17,10919928;18,45868988
740,069;23,24901411;16,83206559;18,64814314
740,631;23,68264053;16,74242466;18,44774274
741,193;23,21935248;16,56149901;18,56325553
741,756;22,89822189;16,85797199;18,4951276
742,318;22,5367394;16,78419557;18,31345813
742,880;22,39892023;16,83829137;17,87522286
743,442;22,71424414;16,8450054;17,63967023
744,004;22,37840747;17,05084715;17,50876319
744,566;22,49718048;16,78092741;17,87291958
745,128;22,98869626;16,61042023;17,61543943
745,690;22,29481486;16,84762073;17,52745072
746,252;22,23212639;16,91065907;17,28180783
746,813;21,94764226;16,73893884;17,21947368
747,375;22,26168546;16,84715436;17,18316423
747,937;22,82858365;16,87466962;17,92743259
748,498;22,14111804;17,1007576;18,4027917
749,060;22,71183615;16,98404117;18,38436667
749,622;22,79151139;16,84448573;18,2382151
750,183;22,6823773;17,01248023;18,3843008
750,745;23,00384315;16,94303643;18,22737984
751,306;23,22491483;16,97669661;18,23248444
751,867;23,3280432;16,75214932;18,30333843
752,429;23,32209852;16,64559521;18,57516537
752,990;23,1354896;16,50887802;18,23182087
753,551;23,37979539;16,39422862;18,14744675
754,112;22,47959124;16,40218099;18,41695321
754,674;22,08238052;16,67101791;18,95989056
755,235;21,95182115;16,68375228;19,07311104
755,796;21,36253835;16,48444681;19,50563538
756,357;21,12106307;16,32757532;19,33336278
756,918;20,93938372;16,56045415;18,8706372
757,479;20,49738864;16,55457635;18,68088059
758,039;20,18424739;16,32931194;18,52673186
758,600;20,28155223;16,46101576;18,80187792
759,161;20,37491528;16,83896422;18,41663256
759,722;20,23543234;16,98267113;17,69135171
760,283;20,54692184;16,61436291;17,90445137
760,843;21,8543503;17,37883553;17,11726689
761,404;21,76699417;17,46850003;18,38852715
761,964;22,22643933;17,37945829;19,25995011
762,525;22,1795449;17,89463855;19,01313642
763,085;22,54172864;17,57025021;19,0418816
763,646;22,82990212;16,90416135;18,75485567
764,206;23,28679904;16,38302265;18,37991297
764,766;23,30217268;16,32407628;18,13084927
765,327;22,78743318;17,0871916;18,0235559
765,887;22,91014614;16,75401293;18,58681789
766,447;23,41485108;16,5164413;18,43932805
767,007;22,90960926;16,39260276;17,98888442
767,567;23,1610116;15,84325252;18,10514535
768,127;23,00886745;16,21991783;18,09710772
768,687;22,97822378;16,03081302;17,86463331
769,247;22,77863093;16,35138344;17,97345821
769,807;23,29610201;16,08457697;18,02489146
770,367;23,53799183;15,63758689;17,92670735
770,927;23,13871551;15,48446876;18,01931016
771,487;23,00396708;16,24936409;18,26794543
772,047;23,4779318;16,16625064;18,04250296
772,606;23,23812249;16,19442455;18,62550758
773,166;23,33207577;15,77259818;18,50580057
773,726;22,99693398;16,27315947;18,50872388
774,285;23,72277158;16,03800522;18,54918994
774,845;23,40307115;16,3552199;18,96673208
775,404;23,23532475;16,19096176;18,84129598
775,963;23,62879338;15,69775946;19,04029736
776,523;23,45957487;15,07554639;18,80162522
777,082;23,18971265;15,34410142;19,22052607
777,641;22,97874517;14,84639367;18,64022122
778,201;22,73617446;14,8423024;19,05885732
778,760;23,45413794;14,70278871;19,46874609
779,319;23,40908141;15,2365699;19,35625976
779,878;23,43419472;14,95108516;18,7957711
780,437;23,51771158;15,20761408;19,15334533
780,996;23,23809527;15,36511875;18,4928967
781,555;23,02448679;14,98134996;18,43727913
782,114;23,072846;14,79055234;18,78900456
782,673;23,41983336;15,26999828;18,7508667
783,232;23,5026808;15,55894883;18,50610256
783,790;23,18643637;15,3892672;18,66269565
784,349;22,82162121;15,06666655;18,42936227
784,908;22,96991379;15,26188075;19,22377331
785,466;23,48091074;15,04849791;18,67134604
786,025;23,02754776;15,76085795;18,73492229
786,584;23,2551291;16,30103639;18,37761466
787,142;23,63601306;16,09602392;18,79411726
787,701;23,26793794;17,05601458;19,13876959
788,259;23,53161877;16,97154343;19,40284058
788,817;23,63281064;16,95051481;18,98852964
789,376;23,36101441;17,21518004;19,5631649
789,934;23,23707179;17,21849668;19,03642864
790,492;22,75519375;17,29057259;19,52379941
791,050;23,29477758;16,50665164;19,41150798
791,608;23,33655835;16,02529123;19,69522959
792,167;23,43496637;16,63497291;19,24498604
792,725;23,54300068;15,68728648;19,06938202
793,283;22,99973245;15,89423643;18,08583515
793,841;22,90944032;16,01592242;18,00517822
794,398;22,68564421;15,34158323;18,05113196
794,956;22,47780643;15,58323233;17,97141652
795,514;22,64125336;15,43146795;17,04048834
796,072;22,61900951;16,47647448;17,7271436
796,630;22,06418675;16,28699167;17,28159207
797,187;21,4604468;16,50251198;17,55606171
797,745;22,25553972;16,82766214;17,58406294
798,302;22,60269886;16,66133152;19,0828793
798,860;22,13041285;16,0968178;19,41717093
799,417;22,54504082;16,73890695;19,48448003
799,975;22,3749166;16,23207819;19,2583723
800,532;22,03204784;16,82310388;20,58493531
801,090;22,09064053;16,48662199;20,05451089
801,647;23,10542197;17,39244314;21,16173118
802,204;23,57868152;16,03711563;20,61568585
802,761;22,96525681;16,20791228;20,95130774
803,318;23,10092453;15,86192888;20,10084266
803,876;23,3169454;16,75310875;19,60158056
804,433;24,18321805;16,59992156;19,89531493
804,990;23,69942282;17,30638335;19,6627307
805,547;24,48868893;16,89678208;19,82141085
806,104;24,00007298;16,79509166;20,03651593
806,660;23,76477764;15,97835223;19,75751453
807,217;23,3259512;16,72590425;19,48076183
807,774;23,23547595;16,48921729;18,42788458
808,331;22,93041245;16,36395576;18,78364585
808,887;24,04489855;15,62362679;18,53947991
809,444;23,21299954;15,83922594;18,74443635
810,001;24,25895313;15,65990838;19,51189535
810,557;22,93258027;16,05334267;18,80744736
811,114;23,42885471;15,69801846;18,34724801
811,670;23,79743676;16,21584053;18,16828327
812,227;24,02919287;16,44834069;18,47844869
812,783;24,3231181;16,21062288;19,47624067
813,339;24,52516283;16,72701999;19,67939866
813,895;22,18486733;16,51381508;20,50882954
814,452;22,20743166;15,1775766;20,32277371
815,008;21,08435196;14,24516579;21,2411724
815,564;21,30728524;13,68896422;21,06928697
816,120;21,28667529;14,07482359;21,54611034
816,676;20,80531999;14,39072631;21,6971365
817,232;21,20357293;13,90881584;21,42657352
817,788;21,49336022;13,9793741;21,11508893
818,344;21,58377354;14,35438554;20,38045152
818,900;22,59314805;14,93050343;20,06053018
819,456;22,56559231;16,83902037;20,01840577
820,011;23,08573232;18,15745938;19,21335527
820,567;22,92571624;17,66917729;19,54797318
821,123;22,7217623;17,23054076;20,27077614
821,678;22,40073811;17,06960908;19,65664488
822,234;21,9226789;17,50010532;19,70748497
822,789;22,42636903;17,28649404;20,24192243
823,345;22,96294352;17,06204865;20,45513083
823,900;23,62908818;16,52128746;20,89245086
824,456;23,53098726;16,35626526;20,53831991
825,011;24,02633127;16,16506948;20,63834125
825,566;25,04094862;17,14468633;20,38078754
826,121;24,57619199;17,09521836;19,87978155
826,677;25,12010457;16,64586008;19,28445478
827,232;24,90317455;15,84277099;20,45146802
827,787;24,79591403;15,68008976;20,87045713
828,342;24,01508936;15,41760274;21,39467369
828,897;23,39983259;16,09731632;21,54549444
829,452;22,99989774;15,98383423;21,10755484
830,007;21,86123653;15,32230919;19,57234462
830,562;21,14259071;15,61393487;19,64721264
831,116;21,65745127;16,17400237;18,77109131
831,671;20,85958217;16,59889266;20,32337595
832,226;20,99904743;17,27329093;19,0179675
832,781;20,8855327;17,51481464;18,75437135
833,335;20,01514746;17,20489441;17,67754691
833,890;20,24090856;17,22041272;17,29536775
834,444;20,92118445;16,60217;16,2115746
834,999;20,89177434;16,53416188;17,56432565
835,553;21,64526328;15,84725554;17,43106908
836,107;21,40552779;16,04455878;17,5706493
836,662;21,19029669;15,94481343;15,64834932
837,216;21,20675065;16,75425663;15,96678866
837,770;20,72948124;16,67807397;15,02045441
838,325;20,65955647;16,9284645;15,38516324
838,879;19,86928145;16,97760342;14,84236923
839,433;19,6383693;16,27237074;16,3895686
839,987;20,96735531;16,0761212;16,98195876
840,541;20,32707263;15,88642155;16,61361641
841,095;19,76846924;16,02007632;16,65299655
841,649;19,49164084;16,48646977;18,3470573
842,203;20,16592063;14,87937361;17,69515323
842,756;19,84358097;15,17528597;17,9437583
843,310;20,45504634;15,2081552;17,27839102
843,864;21,06270446;15,11255218;19,14531631
844,417;20,61477561;15,25663037;19,11268575
844,971;20,74567022;16,0206946;18,78504845
845,525;19,80048862;15,56221181;19,18905259
846,078;20,23689733;14,46058074;20,53017947
846,632;20,80236389;14,09778791;19,97758733
847,185;21,28003221;14,2993695;21,15913775
847,738;21,42716293;14,1633765;21,63726898
848,292;21,42085115;13,69529083;22,61686959
848,845;21,37544408;12,36163026;20,94716952
849,398;22,29637064;12,88622366;20,94935406
849,951;21,96064716;11,57083647;20,86174211
850,505;22,74545216;12,10688937;21,79793665
851,058;21,67729054;12,5959383;19,62357481
851,611;21,4651671;12,07172665;20,5187433
852,164;20,86071525;11,92282994;18,84731289
852,717;21,09192328;13,05503001;19,2075717
853,270;20,87212843;13,11229117;17,95666724
853,822;19,47642069;15,70115606;19,44040715
854,375;19,00787706;14,79558523;18,01234982
854,928;18,20120496;16,16542506;17,41789176
855,481;18,41898316;14,75475501;16,58718818
856,033;19,56755358;15,19486418;18,64229888
856,586;20,56439345;16,25236559;17,2233127
857,139;20,66950239;16,84973952;19,1645376
857,691;20,07343361;15,61442356;18,22512719
858,244;21,29560832;16,13237618;19,62083529
858,796;22,2501485;15,03443172;19,27490301
859,348;21,33488766;14,70494283;20,08040052
859,901;21,55149013;14,34102382;20,8382175
860,453;20,42613545;15,46833529;20,69819577
861,005;19,88562264;15,33698918;18,85691029
861,557;18,79658517;15,44543116;19,16909038
862,109;18,31942449;15,63368613;17,4823704
862,662;17,98584361;15,04885739;17,57191479
863,214;17,14048519;15,05819511;16,92843282
863,766;16,33099164;15,76466447;16,29869898
864,318;17,33890566;16,92263587;17,68496391
864,869;17,11233715;17,03274294;17,04796111
865,421;18,09143584;17,6817381;17,5319277
865,973;18,01341828;17,1850966;17,10174547
866,525;18,14376764;16,93480037;16,88252419
867,076;16,90399467;15,85767017;18,38611701
867,628;18,07215579;16,88334584;18,46804064
868,180;19,13577823;16,6569646;18,89645872
868,731;19,52235909;16,07853217;17,26429914
869,283;18,62313187;16,20348223;16,06832469
869,834;19,51994247;16,48129321;14,93052078
870,386;19,09313794;15,74900162;14,26037079
870,937;19,9171777;16,27292203;14,9190412
871,488;19,97888278;15,31297011;16,48558716
872,040;22,23186787;16,02063906;15,11898469
872,591;20,89062476;16,33353749;15,94287636
873,142;20,7493839;16,48277672;15,71466077
873,693;20,44251702;15,781618;17,30756423
874,244;20,94864615;15,86453676;17,8667287
874,795;19,76661306;16,06372253;17,51604977
875,346;19,8264798;16,7671887;18,18090856
875,897;18,9500129;15,91189535;20,17049254
876,448;19,3441541;15,35847662;18,94779475
876,999;17,69331112;15,9146074;20,38205646
877,550;20,34334457;14,63476103;19,47568139
878,100;18,44316264;13,72282181;19,77668831
878,651;18,88064089;15,05041567;18,20114919
879,202;18,53119258;14,81481431;17,47419191
879,752;18,96299264;14,57935715;19,7615114
880,303;19,02807581;13,18351914;20,96168268
880,853;20,42720997;14,23552363;21,64818646
881,404;20,32613207;15,40207557;22,25756823
881,954;21,83930564;14,71959602;21,33218595
882,504;20,09964981;14,80894982;22,49123327
883,055;20,25045543;14,50595755;21,86139866
883,605;19,4562063;14,14456923;24,17210596
884,155;20,22786363;12,85236278;24,27690938
884,705;20,01576556;13,6327167;24,87567047
885,255;21,23545759;13,45972673;23,16175002
885,805;19,90548969;12,00228523;22,41007349
886,355;20,07445505;11,75590419;21,83116231
886,905;19,77017246;10,99465612;23,28684066
887,455;21,6462182;11,83993027;21,20436429
888,005;22,82846554;12,67202451;20,51084998
888,555;23,14100852;11,34559035;19,502483
889,105;21,91108213;13,10973628;20,18624669
889,654;22,59191833;12,69628132;17,67739426
890,204;21,6790903;13,34335215;18,20171363
890,754;22,6987294;13,08170021;16,23841206
891,303;19,49641321;12,90891654;16,5361094
891,853;18,85753351;14,608443;15,82442695
892,402;16,13559373;15,11099688;17,63335531
892,952;15,5204217;14,9252643;18,11996055
893,501;17,29170581;15,79241644;18,44232555
894,050;17,60797169;15,09899053;18,44154947
894,599;15,71491363;15,56245179;19,39778331
895,149;15,01403732;16,72066459;18,98107793
895,698;13,18172467;17,73675791;21,39123133
896,247;18,56723691;17,2862464;19,81350839
896,796;16,87769986;15,36930398;20,26276042
897,345;17,00037535;14,65361969;18,23614271
897,894;15,88163945;17,47386118;20,11188535
898,443;15,64772697;16,38336176;19,37951125
898,992;15,19030516;16,87419295;19,56243104
899,541;16,35739791;14,35481471;20,69314721
900,089;18,8663162;11,58158188;21,57047219
900,638;20,89330028;12,43192283;19,56906934
901,187;18,20734358;14,38535959;19,7363483
901,735;18,41157082;15,52155065;19,31450999
902,284;19,74349959;16,3513438;22,06062802
902,833;20,46016162;13,96849079;21,91835295
903,381;17,66898209;14,75508264;20,38728764
903,929;19,76081091;13,99765198;20,17899888
904,478;19,73737187;14,78478844;19,96196172
905,026;16,68048032;15,02357374;19,22125452
905,574;15,63172575;15,98344955;20,57622368
906,123;16,06872836;13,87563785;23,23490339
906,671;15,9163259;13,05199515;24,31788504
907,219;15,56327996;11,40733241;23,6062985
907,767;18,4935821;11,19570021;22,24714688
908,315;21,30964306;12,42962489;25,10753977
908,863;18,89368653;12,25783495;25,40433939
909,411;20,08048752;10,25551578;22,52809288
909,959;21,41429438;11,65008922;24,96293411
910,507;20,8529939;10,37273064;22,86755581
911,055;19,59253365;11,81251643;21,87940626
911,602;21,82936741;12,25679879;20,33990634
912,150;21,00528771;12,73100633;20,46463072
912,698;21,46167172;12,04397536;21,73013462
913,245;20,36630252;10,28606254;23,56113221
913,793;21,90570223;12,49724048;23,1643106
914,340;23,25079346;13,75956825;25,38973009
914,888;24,21200941;15,43878822;22,79546319
915,435;25,53111284;14,29734995;24,94313461
915,982;30,42331683;12,89952327;24,6347926
916,530;29,93791002;13,44902441;23,77432389
917,077;29,68749899;15,92693367;24,53091084
917,624;29,25689249;16,37253844;22,89560757
918,171;30,22486269;17,15024155;21,55548103
918,718;29,50819638;14,80204772;22,78969994
919,265;28,23027659;14,74218583;21,79871488
919,812;28,73789475;11,58122688;22,64769888
920,359;29,53552231;10,46865087;23,10044774
920,906;27,83046497;10,95192379;22,49558631
921,453;27,78141342;10,41402785;21,81018357
922,000;28,26361889;7,592437321;21,30860997
922,547;28,03524773;8,517852766;22,20402761
923,093;27,78959665;7,692306876;21,83453351
923,640;28,91608424;8,907171851;20,84879186
924,187;28,39028994;9,381078489;23,45378043
924,733;27,44964476;9,83204625;22,17179056
925,280;26,74838212;10,52808339;23,12731752
925,826;23,58344219;8,526377918;23,15889974
926,372;22,80885702;8,234051361;26,65998015
926,919;23,7092394;10,03489982;26,45093215
927,465;21,86952725;8,438953124;28,08841788
928,011;20,39895325;8,885330221;30,21901392
928,557;20,72428774;8,257013887;31,17227496
929,104;22,56563816;5,210921338;32,26320662
929,650;20,14859322;7,594933921;35,37528562
930,196;19,92598901;8,339693377;34,97180345
930,742;23,48390794;12,89161659;40,66878124
931,288;23,40617399;14,12391985;36,30884607
931,834;23,54920406;10,88814908;40,11755392
932,379;25,33954219;9,535176801;37,55435585
932,925;29,97450553;6,335547289;29,60779024
933,471;28,90189764;1,524776279;24,16791777
934,017;24,63968864;8,135361643;22,93428589
934,562;23,81883748;9,534128425;20,2852886
935,108;19,78200987;14,94461715;19,65296624
935,653;18,9802636;13,92737829;18,59520986
936,199;21,86320367;4,091742644;30,88381576
936,744;27,49593415;14,35699099;25,97327986
937,290;26,1063942;13,96146297;35,41589112
937,835;25,8387275;16,03812652;42,03296879
938,380;31,41689578;18,3578938;48,08115093
938,926;35,09534644;19,78238252;39,92709139
939,471;35,0952443;19,52607734;39,59602033
940,016;37,08839011;17,7288068;39,36512407
940,561;34,36389346;16,67819827;35,80851154
941,106;36,29952695;21,25901791;28,66295626
941,651;28,59241452;16,96468278;28,79073179
942,196;26,2025481;22,94762026;28,14062497
942,741;26,18920287;26,81646564;22,16973611
943,286;20,06491627;28,58011621;15,2427907
943,831;16,11904227;29,78930485;24,82665904
944,375;25,23737339;22,39282597;23,32940134
944,920;22,63385302;23,91577625;20,6628392
945,465;28,2773013;24,38056163;13,42646813
946,009;24,33297891;23,26917524;17,64705676
946,554;26,5600587;17,59442201;22,5973074
947,098;29,91132405;12,95896317;18,74895728
947,643;31,42595729;8,065915984;22,52651634
948,187;30,48846119;6,958102393;26,16891729
948,731;31,47603956;7,1810648;17,59315657
949,276;30,7314852;10,79276852;19,17600774
949,820;33,10074764;6,189763712;19,14481637
950,364;31,14927694;11,82921352;20,60677202
950,908;35,51213629;16,67131593;24,06944275
951,452;36,83139192;21,17759888;23,88804425
951,996;34,06113574;21,8529194;21,23298197
952,540;32,50671844;24,15395407;22,76025852
953,084;34,81746443;22,3425082;20,66610832
953,628;34,08551078;21,33675902;23,31411384
954,172;32,08004673;19,05634291;25,88969198
954,716;29,93453941;20,17990535;27,35928567
955,259;31,43386133;13,92845049;26,33228808
955,803;31,22244722;12,25453607;26,53547875
956,347;28,26730733;11,61847432;24,81990289
956,890;28,89780791;9,966375611;24,64871745
957,434;32,63410553;9,431925227;24,88941899
957,977;31,9911677;10,94678545;27,7890941
958,521;30,78242318;10,87893519;27,87256659
959,064;31,50684934;10,24273074;26,62345174
959,607;38,32235095;12,39788633;22,56940351
960,151;35,91219191;14,81135496;25,4196883
960,694;31,68584898;12,25292184;18,84332613
961,237;30,36346089;13,278053;20,201533
961,780;31,84016698;15,69086865;20,57399722
962,323;24,90820707;15,33393161;22,62955415
962,866;25,14216187;15,78833565;19,58537384
963,409;26,66801943;17,19948522;21,22423979
963,952;24,42031093;15,06054117;21,67691312
964,495;18,12435258;17,32409715;21,3020851
965,038;18,44871631;18,54144446;20,5834671
965,581;18,41317172;20,41013552;22,41155932
966,123;17,58951926;19,01664824;16,55392224
966,666;16,5678354;20,84286971;19,18653915
967,209;18,90786928;18,35344068;16,342298
967,751;14,95762072;18,51225713;20,17383377
968,294;15,53635365;15,55288417;16,36916049
968,836;15,10471288;18,11891724;15,75817754
969,379;15,81718158;13,77274871;20,5645525
969,921;12,77125422;14,05901173;21,90093254
970,463;13,98295211;14,02693356;22,15332318
971,005;14,73000085;12,26204872;21,53368597
971,548;11,85538781;8,065490303;19,21311647
972,090;8,921674746;11,09021041;22,23234551
972,632;12,27982055;11,31060811;18,66217265
973,174;12,32909812;8,228855215;25,73034124
973,716;13,00853186;9,981772694;17,12808084
974,258;15,88474858;13,17263948;15,68815298
974,800;15,27670782;10,17855614;10,01667741
975,342;12,91180431;8,007002481;11,44573029
975,883;11,80187751;7,408723479;19,81479711
976,425;13,40250143;8,96021476;20,62302527
976,967;16,51422554;7,710174;15,93456338
977,508;16,78803018;6,991259659;19,93118505
978,050;17,05049546;12,34910055;15,67234334
978,592;17,98946124;8,530173184;21,3760472
979,133;14,82098212;8,960606681;23,80190372
979,674;15,33605086;8,235621124;27,67872546
980,216;18,37253249;8,029471776;29,95583207
980,757;20,71238985;9,617218653;27,07383115
981,299;21,17500985;8,226363352;24,58208325
981,840;20,49187135;10,06041556;28,69102417
982,381;18,66355573;11,24833379;26,97110644
982,922;13,07135167;12,31740236;26,75733273
983,463;9,659969544;15,41794441;27,00449967
984,004;7,806332731;14,31376049;26,48519456
984,545;3,449561609;11,57074163;25,75831613
985,086;4,188244556;11,58284382;27,30931667
985,627;1,939612853;12,52045889;24,94010093
986,168;2,340049652;16,68566731;26,26499476
986,708;0,468619959;17,75821522;23,09001243
987,249;-0,615557023;16,79376869;20,26696815
987,790;2,40299294;13,80293869;21,77731663
988,330;3,359290823;10,55435029;23,58438508
988,871;5,056854875;5,843791688;21,35256898
989,411;10,46626657;6,608812125;20,7710259
989,952;4,29036844;8,647428974;20,05899827
990,492;3,64645924;8,734313319;23,17124363
991,033;4,339063289;2,281080813;22,155008
991,573;9,186147184;-2,904700186;23,71586437
992,113;11,98452296;-6,414151665;25,90262618
992,653;10,80020082;-1,897610852;24,78202476
993,194;10,5800573;-3,614843112;21,99728817
993,734;10,02919067;2,713018428;23,52832822
994,274;9,95742108;5,056890646;25,23513911
994,814;13,86956714;4,256416478;23,73761482
995,354;13,89679692;-2,413649615;19,78733226
995,893;11,42091319;-1,722413694;25,22804604
996,433;5,447821463;-1,785714222;23,45449013
996,973;1,529051694;-3,014164467;25,22140814
997,513;2,601502092;-2,098125367;22,83379341
998,052;4,814027499;5,157020665;24,90617959
998,592;5,908418781;5,038052556;22,90942344
999,132;7,971887175;9,08556783;22,10333256
999,671;5,358248844;9,174527023;19,62983563
1000,211;8,513765731;12,18377076;24,1433978
1000,750;9,358770972;14,28394707;18,13666071
1001,289;8,336974948;16,96732851;20,62731368
1001,829;5,236102827;24,04190103;18,59267844
1002,368;5,630089977;22,69602939;21,28128938
1002,907;-3,315292164;15,63848527;20,47460009
1003,446;-3,388228901;14,40993741;23,08049304
1003,986;-3,397626886;12,09572282;22,62764782
1004,525;-0,872441554;11,01941949;26,49713089
1005,064;-3,933252512;13,87296443;24,00305942
1005,602;-5,184309001;14,77259858;24,18581724
1006,141;2,301325402;14,76510157;23,26851219
1006,680;10,36931744;13,91625354;24,68436157
1007,219;6,542223722;10,55893699;21,95643219
1007,758;13,54100541;19,34620501;24,14755471
1008,296;11,95740908;18,3991295;18,91493448
1008,835;9,749387768;18,52038267;23,49712816
1009,374;11,70149245;17,38438793;22,65105305
1009,912;13,71012652;12,70192883;20,30983424
1010,451;13,99792893;12,0153;25,53961818
1010,989;11,75260626;11,0088137;27,51409096
1011,527;11,97481978;6,858140407;24,89857768
1012,066;15,88991395;10,47120174;28,93919887
1012,604;14,15768135;1,207692969;24,74030912
1013,142;14,3856279;2,176542203;26,80936325
1013,680;12,44782328;0,443850968;23,73136355
1014,219;16,17217416;3,365676772;29,77615682
1014,757;15,00630553;11,35923796;30,83630697
1015,295;18,80130218;12,2680084;30,38620507
1015,833;22,66773133;9,454425865;25,27559197
1016,370;19,39787852;15,31286719;27,39603191
1016,908;24,24746416;21,18971274;27,29037159
1017,446;25,3647577;23,97354657;34,63620226
1017,984;31,25619852;25,47928373;35,34440104
1018,522;34,06167059;28,36498204;32,98152745
1019,059;36,28912074;28,92337068;25,19620166
1019,597;28,31083712;26,3947421;31,33751362
1020,134;25,55492243;22,25134922;27,75944865
1020,672;22,54920254;31,02066783;42,83183762
1021,209;21,94918816;29,85534214;42,97437478
1021,747;11,07920741;17,62376007;45,30355225
1022,284;14,30012506;16,06517166;38,5689602
1022,821;7,830377762;13,85147409;40,22089176
1023,358;10,36946548;9,688249235;43,74400086
1023,896;8,53658499;-1,264223836;46,55929662
1024,433;13,6988927;9,390329004;45,5101667
1024,970;12,30108858;8,746874867;47,1691962
1025,507;8,877237648;1,303143022;32,69373911
1026,044;13,65384557;0,88339191;30,51142893
1026,581;12,09356399;6,708012019;27,54185218
1027,118;14,91794975;10,13996255;29,68163568
1027,654;15,51057968;8,906374038;28,90850547
1028,191;13,39057261;6,431499668;29,99677075
1028,728;19,93829326;13,98304983;27,06474057
1029,264;20,12366502;-5,253871046;32,33541932
1029,801;21,10748113;-7,175773572;30,44293007
1030,338;17,6276758;-8,529992086;28,37177999
1030,874;16,73868382;-1,776647575;27,802956
1031,410;28,60271641;-4,797150157;28,22035866
1031,947;26,79611657;-10,34755192;22,9999982
1032,483;30,83783032;-6,983881705;26,44590446
1033,019;39,27686985;4,022346283;17,22113577
1033,556;25,48637945;6,181976751;21,68620308
1034,092;37,34413591;7,90925698;4,853864294
1034,628;32,57693472;8,444163395;-0,961280802
1035,164;42,16166723;15,54013926;-3,614458318
1035,700;45,45207814;9,425566854;2,180936185
1036,236;45,40601074;10,54115091;2,721089299
1036,772;42,0781314;9,089132873;21,08145175
1037,308;29,88475085;7,122961925;18,33099029
1037,844;15,20833477;6,375468684;29,02504475
1038,379;20,80967807;5,494958573;25,26631897
1038,915;18,51698437;14,07468319;28,99722224
1039,451;27,56672356;18,99898024;36,98171296
1039,986;23,27419807;14,04024588;40,20923246
1040,522;19,79450632;8,586085636;40,58923865
1041,057;22,02758025;-3,782781065;39,15956455
1041,593;28,24481231;-13,72961436;26,666666
1042,128;32,37973689;-13,67695965;22,2920678
1042,663;33,87738898;-16,95137754;17,71771811
1043,198;32,26744305;-20,32738123;29,02361857
1043,734;22,4411343;-32,16045084;25,57385085
1044,269;18,14621426;-45,3098074;34,41226497
1044,804;30,80619383;-36,26921224;36,12603702
1045,339;34,47236009;-40,50746894;41,60676778
1045,874;35,15783515;-23,49397065;42,46076255
1046,409;30,03280598;-21,67615215;55,29722497
1046,944;32,02572125;-36,20012206;52,09771616
1047,479;36,28824748;-29,11694871;52,11416189
1048,013;38,06306128;-38,10420115;50,57974719
1048,548;47,07718351;-36,29629953;60,27122093
1049,083;44,7765225;-63,02083808;56,6974874
1049,618;34,66113528;-105,1955245;60,46909335
1050,152;31,20815168;-73,36929928;53,57828412
1050,687;27,56615187;-74,16431711;51,49799299
1051,221;34,95230019;-32,5691415;37,95240316
1051,755;33,89100183;-21,82842294;38,83592509
1052,290;29,39265316;-33,87959914;40,48399216
1052,824;29,27747727;-36,33832338;40,86177866
1053,358;31,16336611;-28,49481496;31,47022963
1053,893;30,40843332;6,711789015;32,19091356
1054,427;48,58061007;19,8996666;26,62803725
1054,961;54,61367387;8,06701718;30,83462195
1055,495;47,63803694;-4,932027478;24,47822788
1056,029;26,33563844;-17,60380696;49,00949666
1056,563;44,63878323;-11,70960291;51,93548052
1057,097;51,73233526;-16,08565321;47,76200961
1057,630;53,08818422;0,750001459;46,15923822
1058,164;49,98404133;2,572181358;63,05477315
1058,698;59,17513375;-11,23227975;70,54563431
1059,232;35,94285648;-28,00473619;69,31911282
1059,765;32,72490155;3,351956223;66,0130675
1060,299;42,63082232;41,63865824;78,71229673
1060,832;57,04645539;43,20695134;39,35045357
1061,366;52,77161972;39,84872597;33,04279217
1061,899;55,03549662;40,14290678;11,83368209
1062,432;52,31398864;34,22913959;14,58853042
1062,966;54,70618735;33,40365776;-11,21103194
1063,499;47,14502159;37,98663193;-2,894168059
1064,032;52,89017288;47,06301307;-3,502468355
1064,565;53,55255253;46,64031388;13,46855792
1065,098;41,95260084;21,02272789;15,47325072
1065,631;44,03699149;9,601536893;37,22222421
1066,164;28,91207096;19,53028404;40,73291037
1066,697;28,75231563;26,35658899;49,41528514
1067,230;35,96458742;-1,370449548;40,83621612
1067,763;40,0527503;-6,203839725;63,48868477
1068,296;29,68627411;-1,140350805;62,97477191
1068,828;30,46124249;-24,74916234;58,88128304
1069,361;21,04681167;2,98642549;44,9031814
1069,894;29,46662854;4,927691612;46,4527521
1070,426;31,5834752;34,54631295;37,96791448
1070,959;40,31643938;32,94956412;49,34858257
1071,491;38,89606288;19,82378788;38,15626103
1072,023;36,20594895;25,42955199;43,29440182
1072,556;30,10629025;36,14709651;-8,31946955
1073,088;31,13807007;24,36722349;17,89865092
1073,620;33,31366158;25,58857547;11,56327675
1074,152;36,44111704;17,13494161;36,72496138
1074,684;57,86855269;3,716216354;18,94069905
1075,217;56,44599292;-1,217975686;28,3904295
1075,749;50,07737513;0,641319516;16,46403479
1076,280;45,80218598;24,79053742;35,04990133
1076,812;45,80454129;45,26198486;49,54955022
1077,344;39,86889183;62,37267924;63,87947183
1077,876;51,7252932;69,29434602;54,37109586
1078,408;47,56756656;96,60550643;68,63340112
1078,939;49,03436961;45,8053675;52,86752627
1079,471;17,49099238;84,02506014;50,08535155
1080,002;15,92442715;74,36426079;53,39690195
1080,534;30,46676217;46,69327124;53,88461107
1081,065;39,77771282;34,35523122;52,76309642
1081,597;43,38445529;32,26392209;26,61290215
1082,128;38,30508522;11,75721594;15,66265213
1082,660;34,62630002;21,67804099;32,64794328
1083,191;37,73889695;21,38869529;-0,751476905
1083,722;33,26704579;29,66714881;14,09856613
1084,253;46,01156076;13,7339054;28,99454515
1084,784;27,99518415;4,768582775;23,94459256
1085,315;22,44828621;16,2150723;7,480029094
1085,846;14,92898204;25,65988656;4,902540661
1086,377;-11,75632256;42,95935056;30,42310335
1086,908;7,532956687;56,91439249;38,13760339
1087,439;-6,476974956;39,01925372;-10,07957476
1087,969;4,224058604;35,70900982;32,02247317
1088,500;11,46532435;33,39376285;47,09677714
1089,031;3,641923487;30,37433088;92,80675905
1089,561;22,19595572;22,17441266;87,09673996
1090,092;22,40259814;12,82539743;71,85183565
1090,622;23,37810904;6,543672391;99,63898436
1091,153;37,39283879;-14,63753108;72,37570056
1091,683;34,07137275;-11,00041467;76,39621404
1092,213;44,01357313;-5,940593228;78,75302758
1092,744;44,43200755;3,581765307;71,68294282
1093,274;35,73958052;22,79829511;56,61140281
1093,804;37,38551248;31,93333297;34,72855449
1094,334;21,04089355;42,32309731;44,38923642
1094,864;17,86442439;56,68978962;36,62790754
1095,394;25,33916785;70,08547123;47,0667266
1095,924;23,71638088;66,40253667;43,76343844
1096,454;20,29618252;10,07752097;58,6856877
1096,984;13,83461594;2,827919627;49,4925822
1097,514;15,53203216;27,7871147;76,62337604
1098,043;19,45798312;-2,867570653;75,55392332
1098,573;19,44562166;-6,781831477;90,75630297
1099,103;27,63870889;-5,572199469;83,17553141
1099,632;27,8140055;-3,657781561;92,86195396
1100,161;19,03064782;-1,741293279;113,316891
