Filename-->;PETALO_ENVEZ_1.RFL8;PETALO_ENVEZ_2.RFL8;PETALO_ENVEZ_3.RFL8
Mode/Unit-->;;;
Int.time[ms]-->;1,049999952;1,049999952;1,049999952
NrOfAverages-->;20;20;20
Smoothing-->;4;4;4
Wavelength [nm];;;
172,206;19,59366317;-17,66528778;-5,922864007
172,805;14,52566188;-23,57698369;-18,84914524
173,404;19,10705467;-18,4349492;-9,457512984
174,003;16,40507516;-14,9215219;-16,14706483
174,602;14,10569906;-12,18732414;-9,986835111
175,201;14,4091671;-3,343978376;-5,260191179
175,800;12,29907906;-6,971283466;-6,519775622
176,398;4,121234113;-11,97560577;-10,18296118
176,997;8,721033651;-5,766849969;-8,685654112
177,596;16,22250105;1,412985572;-3,899123383
178,195;16,29502495;-0,531732142;8,799313355
178,793;12,1032125;-0,055689572;-1,763504436
179,392;14,14160252;-9,546049225;6,108723897
179,991;16,51906055;-8,914131911;2,29110516
180,589;8,251900264;-18,89250841;-9,05537522
181,188;-8,776470436;-31,97647093;-24,258824
181,786;2,511415188;-30,46907379;-14,98547069
182,385;3,013925605;-41,15568461;-10,35127819
182,983;-10,82317206;-51,43728657;-28,96341712
183,581;-12,23940903;-45,77449388;-40,91011379
184,180;-3,920280242;-44,91896678;-29,91677675
184,778;-3,73645861;-36,96661484;-34,20296253
185,377;-7,592547281;-50,69559086;-43,29167681
185,975;4,06223044;-42,22126265;-32,95159911
186,573;12,33362974;-38,57586424;-30,78970676
187,171;3,094425807;-31,24004489;-34,94880458
187,770;3,982828377;-27,30741717;-35,4400185
188,368;10,74249514;-19,19431366;-22,03791546
188,966;13,50923416;-18,41688662;-11,53034307
189,564;8,036162527;-24,40984556;-8,965344425
190,162;1,757343049;-32,18584429;-12,78285902
190,760;4,931093241;-15,56847579;0,818259965
191,358;1,468298612;-24,29365879;-6,095661099
191,956;7,203961614;-22,89509177;-5,560558052
192,554;4,272399321;-43,26773742;-16,70119007
193,152;-5,296186769;-41,26506303;-31,45080563
193,750;5,665661389;-30,93494318;-21,84403395
194,348;5,923925106;-31,67740609;-25,54562477
194,946;-5,029186672;-36,77592983;-43,80332043
195,543;-6,068839983;-33,87681108;-34,19384041
196,141;1,833848668;-38,35616371;-35,28501904
196,739;-1,816167852;-34,41860393;-39,77851462
197,337;-0,802776706;-36,92774894;-35,97309531
197,934;6,400162117;-24,95457368;-29,59822365
198,532;9,792227074;-21,91227303;-15,02500933
199,130;5,120366612;-25,39167005;-17,34810811
199,727;7,597341417;-24,34947795;-21,78537535
200,325;15,36402622;-16,29193424;-7,905067796
200,922;20,57457511;-11,45707915;-8,377774087
201,520;21,18275365;-12,10442999;-16,37658195
202,117;25,51830817;-8,874249462;-6,180973006
202,715;23,70136179;-6,537626421;-7,821450211
203,312;18,79615965;-4,375923074;-2,843426944
203,909;24,99020736;-3,897375593;-8,264786415
204,507;21,24826072;-3,001391337;-11,4291396
205,104;22,33502684;-1,01522839;-12,33079544
205,701;10,96534742;-2,202969969;-15,56930649
206,298;6,102876351;-11,79889627;-33,42051825
206,896;3,346456938;-9,547243552;-26,15649511
207,493;-2,980743928;-7,042996373;-33,57952922
208,090;-6,949806734;-7,89092659;-29,87451839
208,687;2,877697612;-1,593011591;-30,13874546
209,284;2,458806601;9,100126272;-20,58301726
209,881;12,17077808;11,69947315;-18,35320196
210,478;1,74436104;-3,578947561;-21,47368496
211,075;17,44947347;2,56191296;-16,28238009
211,672;16,28883288;14,94542286;1,595298338
212,269;14,29035527;7,892172236;-1,59142613
212,866;19,6374636;3,413896373;2,326284058
213,463;35,0276594;-3,872752147;0,864451842
214,060;20,78958903;-18,56362893;-12,30575308
214,657;27,4864334;-16,92585722;-16,63652711
215,253;15,99613848;-15,51335674;-1,544899892
215,850;27,87221662;-1,084408608;0,879248863
216,447;18,66371996;-17,44892482;-18,11154212
217,044;15,09332003;-27,61698492;-22,01785095
217,640;14,11824726;-21,73802203;-12,00305775
218,237;5,967194277;-30,11877938;-36,70814604
218,833;8,298755548;-14,96081255;-14,13093699
219,430;9,97123849;-20,44582926;-19,03163947
220,026;2,449715898;-37,05518378;-22,17638029
220,623;7,566804524;-47,03234902;-33,27707518
221,219;-1,606732576;-34,27697001;-19,48482487
221,816;9,474482072;-16,06872247;-10,83880841
222,412;13,32885344;-8,669355407;-7,19086072
223,009;18,57112662;-2,480390044;-13,12274788
223,605;21,32071603;-0,885846309;1,228105463
224,201;25,23299198;-1,561043736;-1,467847095
224,798;18,03734695;3,357171374;-3,27771165
225,394;19,34215992;2,978899475;-10,21928063
225,990;18,37732241;2,737047936;-10,34213108
226,586;14,02706372;2,477606248;-21,36458905
227,182;7,843137735;-4,777183385;-11,12299409
227,778;10,83153156;-1,985453234;-15,76567743
228,374;4,705156507;-15,63591533;-20,93692212
228,971;5,544683948;-17,19939152;-24,04870637
229,567;-8,090329864;-28,87524614;-36,83402697
230,163;-0,959779712;-25,25137132;-30,14168193
230,758;-7,405803701;-21,63274112;-27,43611905
231,354;-4,197761276;-12,38339496;-22,87779809
231,950;4,5956371;-25,80230873;-20,97560798
232,546;-0,978067919;-46,1173684;-46,23592236
233,142;-5,305756913;-51,28897232;-45,68345659
233,738;-6,915714526;-38,06730403;-43,43933278
234,334;-21,06948224;-43,48382799;-49,18347479
234,929;-1,731971753;-14,79273228;-26,12152349
235,525;-14,34297137;-15,11594637;-25,99484598
236,121;-10,70976049;-11,5652716;-19,64512112
236,716;-14,74265993;-15,55685099;-31,52079252
237,312;-14,92668398;-14,48680297;-20,73313628
237,907;-14,74150876;-5,051700377;-19,91137531
238,503;-24,44304987;-14,87292022;-36,83714983
239,099;-21,16894332;-14,59726652;-25,18173756
239,694;-10,47879597;-6,320109052;-20,60191475
240,289;-11,82626867;-9,863946006;-27,73417095
240,885;-8,571427224;-22,39010843;-30,76922923
241,480;-3,284509652;-13,31557984;-12,11717769
242,076;-2,823529154;-9,304812387;-8,021389929
242,671;-12,59406765;-1,305886929;-11,06684321
243,266;1,44832134;1,579986788;-8,975203255
243,861;-0,317397318;-2,122594511;-4,820471927
244,457;3,885523489;-1,587633249;-12,82640443
245,052;5,155266878;-5,906230958;-8,118530547
245,647;1,4267727;-6,651280117;-11,03650901
246,242;7,657284847;-3,290562432;-9,871688308
246,837;7,454290882;-8,251289005;-28,19971977
247,432;5,628241149;-16,95877599;-32,73265939
248,027;16,3461545;-32,05128219;-41,69132253
248,622;2,189100274;-33,11597505;-40,91755823
249,217;9,318355538;-31,98876775;-44,49834153
249,812;0,342375613;-39,58388188;-36,39715476
250,407;-3,593624967;-35,99027389;-48,68954441
251,002;-4,187859674;-64,5228846;-59,52737177
251,597;2,462415313;-50,41472375;-50,62208451
252,192;-4,418418402;-57,94516632;-62,94915927
252,786;-3,114664994;-46,03087018;-62,01763858
253,381;1,521471679;-29,59509266;-45,05521599
253,976;-1,033006581;-26,17787857;-44,52002968
254,571;-2,593474293;-13,9183062;-31,57553496
255,165;3,521269929;-2,849582339;-27,19316057
255,760;5,770720056;-2,962819148;-21,76607227
256,354;8,892467781;12,09518726;-12,63195599
256,949;-6,33773769;-2,952106052;-27,00247651
257,543;-3,23790691;0,533070411;-16,99901218
258,138;-1,044338396;-2,271894572;-13,42982768
258,732;0,990499083;-7,843137536;-22,84212687
259,327;8,942182608;5,986242493;-12,99498035
259,921;16,85912332;8,293092577;-21,83497869
260,515;17,92393295;-1,786089906;-29,12376462
261,110;16,90617146;-1,120033826;-31,08622226
261,704;20,43810287;-0,341640114;-22,42765164
262,298;34,46048617;15,50151981;-9,954407419
262,893;34,48626739;10,01017316;-7,060020424
263,487;36,79386109;7,716904706;-5,499893736
264,081;26,89861648;12,47661822;4,956977206
264,675;31,64866486;0,529854942;-0,285307012
265,269;27,73239975;-3,11162946;11,45468683
265,863;26,5294655;0,87932615;17,38072927
266,457;25,28899072;-4,872843776;23,95518368
267,051;24,72083168;-7,123603858;10,30034603
267,645;11,1546352;-10,68830447;3,227009696
268,239;17,0065684;-5,461458789;2,575181526
268,833;11,63220782;-13,66616294;-2,639099375
269,427;12,27461878;-14,14701873;-6,44937614
270,021;9,639593199;-13,07121835;-6,345921367
270,614;9,66039124;-20,65810254;-17,34999101
271,208;8,3943654;-20,93896774;-27,36150243
271,802;10,02540593;-7,992964349;-36,44713605
272,396;7,494824791;-14,82401667;-37,72256738
272,989;19,00364931;-10,54326824;-39,59630531
273,583;14,17773646;-12,13925788;-47,59505156
274,177;5,636690322;-6,328465233;-61,87548085
274,770;9,455730524;-7,098068893;-63,3559098
275,364;14,78047543;-12,40796139;-76,38396311
275,957;9,735671127;-5,44359978;-64,79979189
276,551;6,696545311;-13,20854446;-68,15186271
277,144;6,951071798;-39,02147821;-79,74343334
277,737;12,7581137;-21,68141539;-55,80137707
278,331;10,52225315;-28,32518796;-45,04759673
278,924;9,624350348;-26,43268472;-51,02824319
279,517;28,78513042;-16,06980813;-26,6772428
280,111;33,74309985;-17,31058593;-32,23783075
280,704;24,78393532;-22,19115266;-30,55414174
281,297;30,65101752;-23,80553427;-41,49203934
281,890;22,29711433;-24,69668374;-31,92235061
282,483;15,42212025;-14,34436588;-19,70746559
283,077;0,359173569;-30,20054093;-31,87668511
283,670;-6,618464796;-25,94549327;-34,37152223
284,263;-2,307893339;-31,20901967;-30,55336821
284,856;-13,62757645;-41,72035831;-46,00515255
285,449;-35,79638761;-61,64203732;-43,8752064
286,042;-32,56765676;-42,92007993;-37,75960071
286,634;-18,27826649;-44,55895916;-32,52500889
287,227;-0,570497788;-24,04238009;-21,841891
287,820;-6,128849331;-27,73660215;-30,61573541
288,413;-2,589696256;-16,48233164;-34,36741449
289,006;5,602957185;-17,69055762;-37,17292428
289,599;6,718750323;-1,562499633;-25,88541592
290,191;6,977324004;-8,422626857;-24,81933768
290,784;17,60774453;4,148420948;-19,29015961
291,377;12,16015947;-10,652496;-17,35046964
291,969;12,59617556;-6,15519921;-11,14530705
292,562;0,404857917;-8,816914105;-13,74269025
293,154;15,48372974;-9,630924008;-12,07687312
293,747;13,04546462;-19,14553308;1,256569519
294,339;16,73340266;-5,07903098;7,987355014
294,932;17,92794765;-14,00554215;12,55595839
295,524;16,30411281;-9,002800071;13,28882138
296,116;20,35785253;-7,03777333;18,76739455
296,709;26,85363717;-1,069237491;18,35232189
297,301;18,93293812;-1,407928864;20,06298709
297,893;25,7953901;0;17,45094335
298,486;15,96115145;-4,086494331;13,6338642
299,078;24,33636243;8,05273464;12,57794419
299,670;25,72042393;-6,157150802;8,072311131
300,262;26,89295116;-2,349869373;2,965311432
300,854;29,01413519;-6,306632646;7,104023151
301,446;26,22950931;-10,83138241;-1,288056273
302,038;27,22685836;-0,776246914;1,727149217
302,630;39,7338405;8,954373048;2,908745389
303,222;28,59662716;-6,350450737;-6,311250321
303,814;36,93045456;7,858328542;4,408780535
304,406;28,18359449;3,437499842;0,703124758
304,998;24,97781728;2,661934105;-6,078083467
305,590;19,49943229;-9,397042571;-16,01820294
306,182;14,98571789;-0,703142139;-17,88617945
306,773;13,82275028;5,313051065;-11,72839494
307,365;18,57961084;-0,481100181;-20,22909528
307,957;1,820175328;-6,381579649;-17,41228186
308,549;12,00265248;3,846153828;-9,173297727
309,140;2,301207034;-10,43517949;-15,74390592
309,732;9,528090817;-17,43820227;-16,78651685
310,323;9,985437351;-18,53546937;-10,35989226
310,915;16,67653381;-6,315374009;1,835405638
311,506;13,85826733;-12,30314962;-1,39763783
312,098;8,696567691;-9,938934375;-4,71678254
312,689;0,164406068;-11,81668672;-0,226058288
313,281;10,93849809;-14,91806751;-4,511598237
313,872;9,478467791;-18,93529496;-7,141310853
314,463;13,69343723;-17,2707885;-10,80312676
315,055;7,132549599;-10,86373939;-8,369408335
315,646;5,117952638;-3,898440861;-14,35425897
316,237;0,608519545;-7,870182114;-22,10953216
316,828;-4,335139511;-7,753230502;-28,36598615
317,420;5,290169941;-13,18594513;-21,73312182
318,011;5,114082647;-12,43115734;-29,24862472
318,602;-3,219063397;-16,22073526;-34,30183922
319,193;2,208874607;-3,526448;-21,79810085
319,784;8,024481483;3,910234623;-14,00884078
320,375;15,06151042;3,796133601;-12,16168681
320,966;10,12795066;5,73076205;-14,84952212
321,557;10,97380994;2,674289894;-15,19734347
322,148;21,02821134;4,528582144;-10,24498921
322,738;12,69906046;5,696202259;-22,58064594
323,329;16,8904461;7,861452012;-11,34461936
323,920;17,35203727;11,60645678;-9,5887783
324,511;20,9714288;3,504762138;-14,89523806
325,102;17,12730259;1,109715224;-25,481574
325,692;16,49393619;0,837927534;-23,63836817
326,283;24,23873561;-7,551765786;-31,27892852
326,874;15,04579234;-1,003053072;-23,02660254
327,464;16,15703238;9,31150157;-17,99171382
328,055;14,53006868;4,015124266;-10,65898449
328,645;8,182665341;0,59645851;-18,65796923
329,236;10,66169194;4,476732847;-19,12428882
329,826;11,6943111;2,45643522;-15,62040791
330,417;7,097415114;-2,504970128;-12,90258437
331,007;2,453867986;-4,829210329;-22,57557839
331,597;4,47406885;-3,414901402;-11,97954722
332,188;4,873682267;-8,03660239;-13,78555796
332,778;-3,61208333;-21,60682907;-15,60858057
333,368;10,97152362;-9,631491296;-16,03852655
333,958;5,805978419;-16,97697266;-24,37530706
334,548;4,618376252;-26,95673231;-31,96402442
335,139;-5,726771237;-26,14995403;-35,83256644
335,729;4,367922012;-16,80147898;-29,92835578
336,319;8,564114743;-20,52594815;-20,22341146
336,909;7,390895998;-14,26560209;-13,32707567
337,499;13,26259976;-3,801945229;-1,724137904
338,089;17,14890699;-7,221830294;-13,43213374
338,679;1,580291997;-23,58819561;-20,89240186
339,269;8,630351736;-17,35036934;-17,01412182
339,858;3,148456187;-15,51292767;-10,15429588
340,448;10,17604099;-5,75354187;-18,05495936
341,038;3,53697677;-16,84887457;-21,22186467
341,628;-3,460955746;-15,83387323;-24,22669134
342,218;-1,323211369;-21,58351584;-28,59002357
342,807;-4,452135701;-31,04959747;-46,80507596
343,397;-6,542826707;-25,82043402;-29,18472715
343,986;2,672737949;-14,65056333;-21,79766243
344,576;1,581984354;-14,57286469;-15,44760879
345,166;7,440951106;-5,96696818;-12,9461901
345,755;2,486537656;-13,36711991;-7,111181031
346,345;-3,747323439;-11,22412568;-12,86581003
346,934;-7,295213266;-12,2961098;-20,3979204
347,523;-4,506657776;-7,920792543;-17,83885339
348,113;-0,739247116;-6,317204164;-4,301075176
348,702;-2,934457849;-5,517483448;-11,8608324
349,292;-16,02426125;-20,77871209;-13,38289962
349,881;-13,95505589;-27,52809052;-17,91011293
350,470;-20,4833131;-40,92059764;-16,31760606
351,059;-18,29201066;-42,89256161;-17,60330569
351,648;-13,28021291;-39,46879126;-15,75033232
352,238;6,924437536;-24,10917432;-1,415214026
352,827;-6,592573978;-26,77443834;-8,689063844
353,416;-14,58387701;-28,56770165;-24,91521014
354,005;2,161243017;-21,10247749;-17,55706701
354,594;15,13487671;-0,572929594;-19,33635767
355,183;16,62539818;8,843296878;-6,349487228
355,772;20,87893422;11,96990503;-12,31190163
356,361;21,91235056;9,377872908;-7,569721194
356,949;26,378455;11,80722902;4,167257399
357,538;16,98717907;2,106227071;-3,373016054
358,127;16,76074012;-1,552210929;-3,982439784
358,716;14,12345036;-7,248542903;-4,124943878
359,304;9,778627288;-11,43494191;-14,07867511
359,893;10,33342865;-12,43173296;-8,436331801
360,482;6,61466434;-16,34945355;-16,42745637
361,070;1,520601656;-21,25572234;-21,20667072
361,659;-14,41670082;-36,48068956;-37,22200739
362,247;-14,63684989;-44,22472711;-46,55331644
362,836;-7,525375893;-33,30416432;-45,64228188
363,424;3,885291562;-24,37557746;-28,86216419
364,013;8,331960886;-22,80586236;-27,79515882
364,601;7,115589801;-17,71262922;-18,65933855
365,190;2,28653549;-17,62072254;-21,07451186
365,778;-2,474690636;-20,50458019;-25,21292025
366,366;8,627007614;-12,08063118;-13,34930895
366,955;12,84021237;0,520901387;-6,758692115
367,543;12,21649535;3,969072062;-8,956185834
368,131;16,08700809;1,601529684;-4,780686328
368,719;12,21509921;0,60541306;-13,08167182
369,307;11,4300559;-0,655226455;-12,0852828
369,895;10,32451275;-1,72740886;-15,2371441
370,483;11,38204128;-4,633795305;-12,1018537
371,071;10,37454435;-5,974478051;-10,31653965
371,659;7,565790156;-4,842411403;-7,925336834
372,247;8,497562294;-5,838733474;-6,947691908
372,835;5,555555428;-5,853920798;-4,493376543
373,423;3,929150053;-2,30419553;-2,633366336
374,011;4,298773684;-2,082497178;-0,370122598
374,599;3,312542318;-1,030653389;0,555259801
375,186;2,263024411;-1,579302146;1,579302353
375,774;1,412680779;-0,653504034;-0,150166949
376,362;1,936963213;-0,370803986;0,448867994
376,950;1,111257214;-0,999473954;-1,025775875
377,537;0,49822631;-1,174805502;-0,476901004
378,125;1,158688496;-0,036317141;0,146997823
378,712;0,714262957;-0,763358893;0,147286991
379,300;0,63174327;-1,13593715;-0,114043881
379,887;0,478241418;-0,952161442;-0,695754914
380,475;1,194758397;-0,8717363;-0,624885384
381,062;1,547555351;-0,566479005;0,080730147
381,650;1,832949511;0,377144838;0,373283125
382,237;1,782526951;0,303563732;0,817193846
382,824;1,962163991;0,630983974;0,917060856
383,411;1,506497442;-0,076376413;0,689601932
383,999;1,544385508;0,020983598;0,258097044
384,586;1,941843108;0,474650904;0,619109692
385,173;2,236377131;0,583201092;0,804799012
385,760;1,980214846;0,866451374;1,047641887
386,347;1,91773993;0,992655618;0,929106401
386,934;2,121368127;0,541497114;0,944594849
387,521;2,433325589;0,763811593;1,098420291
388,108;2,222163324;0,719519732;1,103793554
388,695;2,50621077;1,07131897;1,030018104
389,282;2,494669716;1,45030535;1,449100865
389,869;2,322860337;1,605883927;1,470368903
390,456;2,284229212;1,591568784;1,690520244
391,043;2,430304173;1,697173584;1,837650179
391,630;2,71850341;1,522912544;1,771844447
392,216;2,350960352;1,682127048;1,805022194
392,803;2,170868015;1,65666834;1,703360196
393,390;2,620147856;1,826693029;1,689932126
393,976;2,466104094;1,743035247;1,992305457
394,563;2,572929912;1,411905334;1,953509072
395,149;2,36960044;1,256913251;1,635358076
395,736;2,325427302;1,487942517;1,449323278
396,322;2,354904923;1,462205634;1,368130871
396,909;2,14554799;1,515337416;1,397320439
397,495;2,250923724;1,722535626;1,417265008
398,082;2,421958948;1,895815097;1,643775293
398,668;2,455196446;2,074320692;1,742397429
399,254;2,614459473;2,27727798;1,762573659
399,841;2,519555416;2,290633027;1,759180721
400,427;2,656673497;2,34275222;1,856832893
401,013;2,826062002;2,436031672;2,020795076
401,599;2,913816593;2,584747368;2,179386697
402,185;2,96514372;2,766143243;2,270758115
402,771;3,099202599;2,761710563;2,352038402
403,357;3,063861874;2,754936881;2,186240678
403,943;3,085247186;2,771154385;2,171791236
404,529;3,191359868;2,733293481;2,321526698
405,115;3,470561078;2,833451705;2,367808797
405,701;3,644013442;3,02746974;2,603473834
406,287;3,670830935;3,078688322;2,694700823
406,873;3,684536432;3,075444791;2,670458681
407,459;3,925329272;3,180544745;2,852660162
408,044;4,085850482;3,424633645;2,974841529
408,630;4,329947187;3,658128949;3,233789922
409,216;4,328302277;3,649089921;3,313446702
409,802;4,515425856;3,983265625;3,449607993
410,387;4,66503431;4,176229171;3,770612675
410,973;4,694938004;4,389004861;3,835481122
411,558;4,886797001;4,443089428;4,038599758
412,144;5,060817307;4,587685689;4,202421554
412,729;5,115883657;4,555964011;4,28519676
413,315;5,137051287;4,618449046;4,400828528
413,900;5,18055749;4,636527021;4,60600021
414,485;5,35947055;4,817850961;4,763307402
415,071;5,437526164;4,752418763;4,887042083
415,656;5,492895641;4,853800299;4,830109742
416,241;5,567363175;4,86144148;4,876681126
416,827;5,744775355;5,017425938;4,978094851
417,412;5,850111836;5,24077059;5,189878474
417,997;6,012152342;5,570133659;5,369755589
418,582;6,068564348;5,671962746;5,517922133
419,167;6,279364977;5,939117862;5,720730536
419,752;6,413072868;6,033509776;5,914995923
420,337;6,576362827;6,076753975;5,930358152
420,922;6,631148224;6,170002885;6,223599743
421,507;6,859467066;6,3620482;6,408830102
422,092;6,905967082;6,438113304;6,468043266
422,677;7,048325415;6,445209273;6,414267165
423,261;7,075047291;6,250640135;6,425442685
423,846;7,40933359;6,40596421;6,479752952
424,431;7,338842363;6,333863452;6,423720102
425,016;7,413398619;6,463170783;6,51334779
425,600;7,318745654;6,619959309;6,675757916
426,185;7,475844967;6,771167473;6,595520672
426,770;7,515116965;6,748171206;6,865776195
427,354;7,590469565;6,959232801;7,053796961
427,939;7,505391505;6,917577447;7,123106512
428,523;7,699947483;7,241248676;7,217455811
429,108;7,50868644;7,22075291;7,238748898
429,692;7,547832999;7,46177989;7,338420122
430,276;7,661916759;7,487276993;7,415224645
430,861;7,792221588;7,528114215;7,290417652
431,445;7,75017359;7,387143124;7,371325686
432,029;7,659619482;7,343670731;7,274604366
432,613;7,628492796;7,264463916;7,226930083
433,198;7,678389829;7,352815157;7,350273395
433,782;7,62171792;7,26123728;7,481975934
434,366;7,771419786;7,210660575;7,554344744
434,950;7,837029382;7,113568531;7,600517499
435,534;7,80591395;7,150440922;7,529568351
436,118;7,814315861;7,183009844;7,648600421
436,702;7,868213169;7,405001368;7,593915796
437,286;7,941426432;7,489569355;7,565520074
437,870;7,980496176;7,531371087;7,50833343
438,454;7,995605223;7,493829353;7,454698931
439,038;8,054935046;7,615529041;7,398360242
439,621;7,973504674;7,592752908;7,410637628
440,205;7,993936866;7,69641664;7,410179691
440,789;7,931676845;7,62713011;7,461683322
441,372;7,875984116;7,638574845;7,460832785
441,956;7,853128837;7,507949837;7,556504197
442,540;7,75741287;7,396805771;7,481983311
443,123;7,787713507;7,391944437;7,563087716
443,707;7,765893216;7,394646502;7,571626485
444,290;7,648484663;7,230578725;7,572332202
444,874;7,608146788;7,355032849;7,440184365
445,457;7,625687171;7,30542647;7,423399843
446,040;7,663436779;7,33533053;7,311152244
446,624;7,592061706;7,322014846;7,247091344
447,207;7,59992343;7,335451908;7,220811527
447,790;7,613852277;7,406523417;7,220627226
448,374;7,499175815;7,316690963;7,136276748
448,957;7,546519757;7,355712942;7,112016604
449,540;7,502877104;7,306685061;7,02895738
450,123;7,5224679;7,207251341;7,124734788
450,706;7,410817988;7,209204312;7,042761995
451,289;7,333351874;7,210442531;7,038644795
451,872;7,328619606;7,036073195;6,996613408
452,455;7,23473455;6,988881681;6,93874028
453,038;7,226911409;6,938872492;6,901892946
453,621;7,171245322;6,877972392;6,874904981
454,204;7,079911574;6,835258233;6,838029439
454,787;7,035156474;6,824544859;6,850270546
455,369;6,950429626;6,796128889;6,805468629
455,952;6,917984383;6,697938211;6,780566305
456,535;6,838181979;6,594439092;6,712125631
457,117;6,799288635;6,649401328;6,670356273
457,700;6,798694112;6,603281341;6,598414118
458,283;6,743334336;6,562087798;6,57865197
458,865;6,66697541;6,556935544;6,481320344
459,448;6,576265932;6,448722299;6,413820815
460,030;6,551377151;6,452487943;6,314182263
460,613;6,50923284;6,400289982;6,236531842
461,195;6,460964696;6,396250302;6,170257101
461,777;6,459765129;6,406542901;6,209609318
462,360;6,431365204;6,385285127;6,180409311
462,942;6,348789368;6,33714165;6,206154927
463,524;6,319514452;6,321153502;6,127550546
464,107;6,331449577;6,286737185;6,186433101
464,689;6,329872464;6,283936622;6,17403695
465,271;6,317133783;6,232489216;6,128087152
465,853;6,303894662;6,227558982;6,11123329
466,435;6,296258284;6,170937107;6,084838428
467,017;6,280491282;6,107754499;6,020490209
467,599;6,211415629;6,045703394;6,013420907
468,181;6,167339588;5,957563233;5,916790958
468,763;6,122429777;5,915201328;5,92514732
469,345;6,067993573;5,871533927;5,779623963
469,927;5,99961324;5,809982041;5,714268803
470,508;5,965957881;5,825457189;5,717121454
471,090;5,919893862;5,722662142;5,590489785
471,672;5,81552709;5,673147302;5,514904147
472,254;5,740848375;5,594745099;5,425265235
472,835;5,680639261;5,523964896;5,328074198
473,417;5,678033996;5,530903294;5,251965433
473,998;5,589444164;5,453173636;5,175400878
474,580;5,517836977;5,411359088;5,213336109
475,161;5,486916935;5,394621158;5,169131316
475,743;5,412004362;5,281926247;5,105867939
476,324;5,33908838;5,252398878;5,129671691
476,906;5,330350397;5,161787797;5,060921286
477,487;5,289233629;5,126531937;5,036152039
478,068;5,201221001;5,086961682;4,996015731
478,650;5,09495603;5,040670491;5,015372175
479,231;5,084647952;4,991665528;4,977099037
479,812;5,021221236;4,896277924;4,878702334
480,393;4,944679081;4,811882257;4,832552846
480,974;4,878529443;4,800920097;4,768105366
481,555;4,887706816;4,751025371;4,741994621
482,136;4,821136142;4,704557177;4,715385255
482,717;4,76774828;4,678920709;4,649724295
483,298;4,793809792;4,609910439;4,577880841
483,879;4,77358412;4,558972891;4,501786426
484,460;4,66813289;4,493139383;4,40503678
485,041;4,638271491;4,441580671;4,343564668
485,622;4,583281406;4,408573557;4,25662911
486,203;4,508219562;4,313071358;4,22602114
486,783;4,398271843;4,25143685;4,130108875
487,364;4,298124484;4,175097536;4,086731776
487,945;4,222063837;4,125054632;4,038426348
488,525;4,173452716;4,076561276;4,007125516
489,106;4,152561947;4,027915901;3,931833799
489,686;4,129440741;3,996432384;3,91710659
490,267;4,056625454;3,984426802;3,9159208
490,847;3,997778668;3,897596799;3,855254377
491,428;3,979783154;3,830371441;3,811151749
492,008;3,943983666;3,739623572;3,758429138
492,589;3,955874538;3,719813919;3,733683596
493,169;3,936875119;3,637435124;3,691411238
493,749;3,879492315;3,61782411;3,631502186
494,329;3,76873839;3,521343946;3,560233401
494,910;3,737387981;3,475186027;3,531499939
495,490;3,713935282;3,428632586;3,449091849
496,070;3,676617002;3,441955387;3,454396054
496,650;3,690351184;3,42745199;3,437405418
497,230;3,684299376;3,469672886;3,400319955
497,810;3,671793248;3,450903637;3,358776587
498,390;3,598119507;3,412964472;3,303235207
498,970;3,538738937;3,38511949;3,308310041
499,550;3,571587328;3,402966449;3,334890884
500,130;3,579450018;3,409796766;3,33282019
500,709;3,556071982;3,38761073;3,314987478
501,289;3,549764611;3,347810102;3,312445213
501,869;3,455500044;3,327669343;3,244219819
502,449;3,354495486;3,286985303;3,211010586
503,028;3,30003932;3,251879569;3,22597152
503,608;3,306700582;3,271269104;3,306909238
504,188;3,34058804;3,241291771;3,278449684
504,767;3,27733454;3,221997119;3,239746836
505,347;3,239244979;3,176996036;3,160361491
505,926;3,250482843;3,138162466;3,140886566
506,505;3,255768819;3,116208759;3,053344041
507,085;3,281642727;3,095991954;3,108654783
507,664;3,287663559;3,085818922;3,120141934
508,243;3,230285195;3,036221948;3,071142955
508,823;3,169422136;2,960205401;2,950167353
509,402;3,1481252;2,97347037;2,921603078
509,981;3,105421091;2,905648419;2,916658602
510,560;3,004438195;2,831244139;2,913378567
511,139;2,968231748;2,818598912;2,857100257
511,719;2,903830227;2,767855528;2,85289343
512,298;2,837842022;2,734320514;2,779887256
512,877;2,800137365;2,635295889;2,747643618
513,456;2,811338657;2,636690673;2,675233876
514,034;2,795745981;2,636027087;2,709675237
514,613;2,744727509;2,611097195;2,652066565
515,192;2,77056691;2,614833424;2,626856857
515,771;2,861855195;2,65808115;2,635310983
516,350;2,793924283;2,558831409;2,625303346
516,928;2,768969084;2,568643679;2,659531164
517,507;2,745040261;2,509142709;2,627617652
518,086;2,71498784;2,519159579;2,584280206
518,664;2,671652045;2,519131429;2,616568605
519,243;2,706379811;2,548320621;2,572505272
519,821;2,664795577;2,451860826;2,602600015
520,400;2,583248093;2,395489398;2,515744239
520,978;2,532171832;2,303975603;2,457618079
521,557;2,518829879;2,326938731;2,428205374
522,135;2,509104595;2,257151151;2,347328617
522,714;2,461645763;2,272970434;2,233937907
523,292;2,43036619;2,240967206;2,215750313
523,870;2,432072648;2,218650855;2,151060168
524,448;2,327712552;2,142128395;2,110925061
525,026;2,302451935;2,12880983;2,092880164
525,605;2,325847066;2,200760362;2,194886975
526,183;2,262592248;2,248294884;2,179839848
526,761;2,298941215;2,262994842;2,234497049
527,339;2,298750379;2,280457683;2,243441684
527,917;2,31255879;2,284828218;2,283971884
528,495;2,313283546;2,264265675;2,248350873
529,073;2,293435595;2,213378295;2,25513835
529,650;2,342366363;2,215572387;2,278554297
530,228;2,331401342;2,210193081;2,247400653
530,806;2,307380753;2,150567547;2,146549184
531,384;2,329034246;2,097169175;2,139532184
531,962;2,29664432;2,124293584;2,084614783
532,539;2,281190751;2,123377078;2,066306289
533,117;2,296167912;2,084319247;2,051781859
533,694;2,292260404;2,103830097;2,031537385
534,272;2,269578646;2,083602793;2,003898696
534,849;2,245772036;2,06217197;2,01045517
535,427;2,288648177;2,096089308;2,012407501
536,004;2,28408514;2,06209816;2,038281548
536,582;2,232983645;2,072366294;2,035524571
537,159;2,199736776;2,029837795;2,031044158
537,736;2,204325108;2,002325871;2,038768481
538,314;2,175850748;1,960099151;2,032522686
538,891;2,199645017;1,958407218;2,03479577
539,468;2,210168563;1,999555342;2,050305633
540,045;2,269251647;2,015806519;2,029689714
540,622;2,246650544;1,986895816;2,018998008
541,199;2,237156472;2,011080909;2,010371785
541,776;2,302147944;2,032119341;2,026777149
542,353;2,299557245;2,022531283;2,004878544
542,930;2,318166327;2,008586504;2,000822101
543,507;2,357769741;2,070367185;2,030411666
544,084;2,359988359;2,042522698;2,045867812
544,661;2,357115203;2,02045453;2,002895571
545,238;2,323648184;2,001185541;2,01566062
545,815;2,26683033;1,982988941;2,002295328
546,391;2,293998678;2,024991465;2,03208838
546,968;2,261779078;2,010923359;2,014416851
547,545;2,299470815;2,043565751;2,038246454
548,121;2,247874923;2,046947539;2,025598914
548,698;2,146275803;2,010359848;1,963155926
549,274;2,132544255;2,053354207;1,997381572
549,851;2,130207788;2,080362113;2,05212585
550,427;2,073341397;2,101993909;2,010861327
551,004;2,023068916;2,044460906;1,975987441
551,580;1,983359669;1,953413914;1,90949349
552,156;1,989066644;1,949050015;1,883809883
552,732;1,994663933;1,882035167;1,88345477
553,309;2,014317447;1,897084122;1,895100283
553,885;2,097429981;1,946919707;1,939375363
554,461;2,085448453;1,92005928;1,885116569
555,037;2,067901312;1,877862205;1,832049245
555,613;2,085217174;1,860440624;1,8538407
556,189;2,15631836;1,95005442;1,872161705
556,765;2,161083653;1,949756896;1,885018641
557,341;2,150654372;1,976166426;1,924896789
557,917;2,135115516;1,999959874;1,907916899
558,493;2,143205098;2,004131174;1,916149584
559,069;2,074913475;1,955811168;1,893641842
559,645;2,070446926;1,969604653;1,90449922
560,220;2,079726322;1,987574082;1,941734679
560,796;2,107868852;2,017718868;1,926343034
561,372;2,096844685;1,968092674;1,929401503
561,948;2,095254119;1,985056492;1,906263623
562,523;2,128849386;1,968274753;1,914594332
563,099;2,050071861;1,941167285;1,901913021
563,674;2,019150637;1,915527772;1,834776659
564,250;2,0694947;1,952679006;1,831574551
564,825;2,051254952;1,901244944;1,797140971
565,400;2,035645098;1,896698746;1,797637503
565,976;1,99143495;1,824914361;1,755281634
566,551;1,967246259;1,83013356;1,782746945
567,126;1,923876767;1,835832983;1,812560316
567,702;1,878145003;1,787661301;1,755814104
568,277;1,975898575;1,821959239;1,767489751
568,852;1,986984734;1,839005663;1,800581869
569,427;1,934086366;1,774279514;1,828641867
570,002;1,915548398;1,811828261;1,825963314
570,577;1,92446448;1,79031693;1,790690249
571,152;1,937581035;1,849305584;1,838213067
571,727;1,975180618;1,879506886;1,80226045
572,302;2,035878664;1,888996832;1,799230588
572,877;2,028930272;1,924049718;1,80116291
573,452;1,939872409;1,883711345;1,806698412
574,026;1,908238041;1,834776554;1,848469567
574,601;1,919140334;1,834571859;1,839203099
575,176;1,93473638;1,859948136;1,86645165
575,751;1,959824193;1,866179509;1,90404778
576,325;1,963751472;1,862837613;1,89042753
576,900;1,932940877;1,83262208;1,916549051
577,474;1,882970159;1,819345633;1,933663682
578,049;1,885840005;1,82561172;1,965675433
578,623;1,914159228;1,815826631;1,927001484
579,198;1,935992313;1,840759636;1,909064568
579,772;1,921381348;1,876261703;1,903371054
580,346;1,924792534;1,821204048;1,905446077
580,921;1,909832189;1,817646423;1,913395736
581,495;1,885709821;1,826456217;1,886459942
582,069;1,880445379;1,83322058;1,897532609
582,643;1,924327785;1,84824858;1,854187708
583,218;1,911289747;1,837407094;1,850194491
583,792;1,960491109;1,871776306;1,879780521
584,366;1,979865313;1,893114089;1,854047056
584,940;2,017094801;1,814362438;1,813976559
585,514;2,057437836;1,830827869;1,812683617
586,088;2,035939112;1,83734718;1,768867307
586,662;2,074348882;1,80439231;1,77427376
587,235;2,100896038;1,827116149;1,772175482
587,809;2,112403659;1,831768796;1,80556662
588,383;2,104212455;1,816175703;1,771304603
588,957;2,063684605;1,855651294;1,800515155
589,530;2,070362393;1,917442727;1,785312341
590,104;2,118731966;2,028695053;1,904502501
590,678;2,138414658;2,054908091;1,935287896
591,251;2,142665785;2,06222772;2,002278652
591,825;2,177554812;2,127848281;2,07640919
592,398;2,203201156;2,119580751;2,080861422
592,972;2,236271984;2,101251181;2,100380995
593,545;2,243374805;2,109393046;2,128189747
594,118;2,305448649;2,137891441;2,133273949
594,692;2,320879549;2,113956061;2,206155171
595,265;2,272484506;2,087745233;2,159705605
595,838;2,223750292;2,114529328;2,155206263
596,411;2,299761768;2,157626552;2,086955085
596,985;2,290210901;2,106129117;2,099493527
597,558;2,323115221;2,133883285;2,115168178
598,131;2,322184227;2,205934781;2,150383
598,704;2,352988668;2,303874087;2,155462897
599,277;2,274318528;2,238652498;2,151776244
599,850;2,32016736;2,223360643;2,178396952
600,423;2,326042326;2,285918684;2,223490669
600,996;2,362746388;2,292418461;2,248731619
601,568;2,331979074;2,243364154;2,313742296
602,141;2,327895387;2,303251155;2,275347193
602,714;2,332872759;2,302684136;2,316587078
603,287;2,336397151;2,31347823;2,269248346
603,859;2,390095852;2,247219961;2,350896144
604,432;2,46285326;2,246818355;2,299433773
605,004;2,364034048;2,265594768;2,212631259
605,577;2,378121319;2,206600195;2,146881262
606,149;2,320167533;2,216295624;2,162930216
606,722;2,276529462;2,260247091;2,075714924
607,294;2,270806902;2,195780364;2,108992791
607,867;2,241916549;2,211509503;2,032565272
608,439;2,197710742;2,161744601;1,956816292
609,011;2,14225177;2,138501704;1,899848902
609,584;2,203025969;2,13257013;1,977459492
610,156;2,230122637;2,137783328;1,963991808
610,728;2,179405229;2,116788438;1,976679032
611,300;2,241303784;2,141568794;1,951935912
611,872;2,26287869;2,097795321;1,995443761
612,444;2,237799056;2,118266344;1,938065292
613,016;2,21417227;2,009618632;1,937646341
613,588;2,232112829;1,994126669;1,992710041
614,160;2,257867405;2,005833285;2,02886241
614,732;2,172799928;1,952700088;1,986828605
615,304;2,129155195;1,87987609;2,034782341
615,876;2,188438789;1,887710282;1,993097634
616,447;2,071742796;1,722317211;1,921693674
617,019;2,027395201;1,753145119;1,947442738
617,591;2,001712379;1,690905976;1,91952796
618,162;1,988701493;1,771250477;1,893323218
618,734;1,994340174;1,794349887;1,921561729
619,305;1,961329774;1,821925957;1,820413939
619,877;1,959261089;1,913598403;1,845483126
620,448;1,959999574;1,878135913;1,809864949
621,020;1,886540267;1,853666762;1,822022295
621,591;1,981384413;2,017564283;1,868361231
622,162;2,030648794;2,055224992;1,960186718
622,734;2,100234016;2,170037235;2,039391586
623,305;2,079943845;2,170080216;2,096101797
623,876;2,080213399;2,150304237;2,093624655
624,447;2,130344793;2,111533621;2,079698855
625,019;2,147217206;2,128881583;2,023248974
625,590;2,304804748;2,240174988;2,124624846
626,161;2,3861657;2,271504699;2,180203782
626,732;2,392112653;2,183879247;2,232992557
627,303;2,393064768;2,179595055;2,131193117
627,874;2,348413017;2,100585469;2,120190533
628,444;2,370007047;2,09520174;2,080187773
629,015;2,360900444;2,115567892;2,093991001
629,586;2,303132107;2,101939049;2,159325041
630,157;2,342495426;2,122576666;2,24194165
630,727;2,196005423;2,111174789;2,148363371
631,298;2,105594074;2,053731233;2,120706487
631,869;2,135460733;2,119883465;2,055691409
632,439;2,200781086;2,136913012;2,116023713
633,010;2,266753648;2,159529498;2,064447466
633,580;2,359917304;2,177152113;2,130608575
634,151;2,411706968;2,177379174;2,1704171
634,721;2,434500792;2,135056614;2,231667838
635,292;2,459947848;2,160142263;2,283482996
635,862;2,539682716;2,133180449;2,400803894
636,432;2,645280436;2,304219698;2,498805569
637,002;2,695840561;2,384970828;2,65016768
637,573;2,710691649;2,399146016;2,673599117
638,143;2,750349192;2,416087404;2,76860513
638,713;2,811789627;2,539821272;2,841578747
639,283;2,885089955;2,649716831;2,925283365
639,853;3,042817218;2,812366743;2,979717583
640,423;3,065299983;2,804430622;2,97839781
640,993;3,269071643;3,017049089;3,065647474
641,563;3,422088636;3,057994126;3,105853362
642,133;3,582846952;3,122216499;3,116492305
642,703;3,654989245;3,226528603;3,228237712
643,272;3,757267083;3,415081551;3,312773442
643,842;3,865859739;3,537105903;3,43357616
644,412;4,024455817;3,802745416;3,549874006
644,981;4,102528978;4,001334758;3,730758942
645,551;4,22566697;4,206970173;3,836516614
646,121;4,315968952;4,238422292;4,011334247
646,690;4,518290977;4,330223;4,107452315
647,260;4,590029021;4,53204639;4,268590134
647,829;4,722674516;4,686201243;4,410210814
648,398;4,903779231;4,706070691;4,553885692
648,968;5,030775837;4,755856626;4,668356866
649,537;5,115723861;4,7489443;4,752518207
650,106;5,330783278;4,895107458;4,875773384
650,676;5,520856845;5,036561384;5,06285095
651,245;5,59461669;5,184678156;5,086645627
651,814;5,571309709;5,318969583;5,210850751
652,383;5,668292866;5,397246449;5,384840645
652,952;5,812677032;5,519551314;5,548845026
653,521;5,935749992;5,76834973;5,730655855
654,090;6,100241511;5,976915141;5,860451066
654,659;6,348368213;6,096268558;6,083613966
655,228;6,503919813;6,14535119;6,272360792
655,797;6,642702711;6,22575606;6,389670135
656,365;6,754062519;6,33536031;6,503638636
656,934;6,971677612;6,568732215;6,702315017
657,503;7,189561951;6,609097812;6,798076708
658,072;7,410959422;6,822012855;6,916331161
658,640;7,496925461;6,910703026;7,040499526
659,209;7,629883763;7,002499803;7,127746489
659,777;7,615275055;7,10505475;7,174655934
660,346;7,680947757;7,19802934;7,174490351
660,914;7,782824254;7,397564199;7,296730239
661,483;7,957985638;7,620671413;7,442596591
662,051;8,069060734;7,695523396;7,60166392
662,619;8,041296097;7,940912629;7,667194037
663,188;8,092225702;7,972521516;7,774666801
663,756;8,286496372;8,069765634;7,971511949
664,324;8,300912335;8,093341651;8,116363142
664,892;8,523755183;8,25121052;8,28835864
665,460;8,575706553;8,353016359;8,347227531
666,028;8,657877055;8,400773759;8,359528735
666,596;8,735584652;8,423060947;8,412817818
667,164;8,846576039;8,601257663;8,449651651
667,732;8,983898605;8,534219211;8,556121681
668,300;9,126418533;8,599262666;8,567165719
668,868;9,236903298;8,740715001;8,577918527
669,436;9,366664129;8,954058059;8,666851171
670,004;9,35017961;8,989027597;8,730253727
670,571;9,479234134;9,126279113;8,765905447
671,139;9,619046856;9,285290891;9,049996618
671,707;9,753040124;9,451305032;9,122495212
672,274;9,840411396;9,469082277;9,240451539
672,842;10,04461489;9,630814977;9,341863935
673,409;10,0813033;9,689416376;9,446612054
673,977;10,12282715;9,815065972;9,465291685
674,544;10,2211258;9,901200804;9,586639712
675,112;10,30700603;9,951550111;9,552484528
675,679;10,47269655;10,067306;9,790857306
676,246;10,57967865;10,16326197;9,808736213
676,814;10,48846745;10,09689822;9,929914429
677,381;10,56971427;10,23029049;9,975771991
677,948;10,47975477;10,17407659;10,06789284
678,515;10,48268474;10,22093352;10,10720735
679,082;10,44715296;10,07735448;10,15870608
679,649;10,49731711;10,10499893;10,12786402
680,216;10,56833373;10,22489955;10,33495876
680,783;10,48967326;10,27113042;10,28619508
681,350;10,33733449;10,14799408;10,2671867
681,917;10,41850076;10,21983801;10,22124916
682,484;10,2830262;10,09679806;10,17837413
683,051;10,32937602;10,17682287;10,15194163
683,617;10,24783839;10,10816469;10,05692346
684,184;10,25746724;10,14953247;10,02665826
684,751;10,21288582;9,971346521;9,991798616
685,317;10,12676291;9,888052014;9,853761924
685,884;10,11874063;9,851639771;9,926132993
686,450;10,17263888;9,8297641;9,806180879
687,017;10,01240777;9,68475034;9,69325117
687,583;10,00415635;9,701781082;9,571030589
688,150;9,888443194;9,600570494;9,38338354
688,716;10,0105766;9,706588877;9,469376052
689,282;9,954377072;9,550229544;9,42269007
689,849;9,937341946;9,553220636;9,366785083
690,415;9,902831197;9,474188901;9,326436279
690,981;9,795408905;9,295390105;9,081975038
691,547;9,695955739;9,248200546;8,989478363
692,113;9,81069584;9,325899712;8,978837517
692,679;9,839394663;9,279236985;9,104088944
693,245;9,703633212;9,241219539;9,068837598
693,811;9,553396898;9,086370759;9,072754404
694,377;9,554794492;9,153488462;9,014950784
694,943;9,379976627;9,038342037;8,93694164
695,509;9,227271501;8,979345356;8,844646634
696,074;9,005985887;8,764636106;8,79452189
696,640;8,942946251;8,63556061;8,715354138
697,206;8,768317703;8,462702559;8,628946719
697,771;8,67334298;8,349214908;8,573927582
698,337;8,633708575;8,298550597;8,605296905
698,903;8,444901235;8,222931434;8,291553033
699,468;8,268462359;8,05035698;8,05035698
700,034;8,103168369;7,907770135;7,83422795
700,599;8,025681791;7,704655125;7,678262601
701,164;8,087291929;7,727349045;7,573740209
701,730;7,98331138;7,745249144;7,54912692
702,295;7,913474637;7,711000862;7,457059473
702,860;7,678539778;7,481541696;7,178131156
703,426;7,639952728;7,371517192;7,112840608
703,991;7,496950383;7,179497272;7,015515741
704,556;7,307790398;7,165803106;6,988993877
705,121;7,352586483;7,175231734;7,077932347
705,686;7,263281477;7,174912986;6,948174858
706,251;7,186120465;7,04048614;6,905556682
706,816;7,011458126;6,723008582;6,648335268
707,381;6,771023187;6,436993668;6,5077804
707,946;6,6427349;6,40494164;6,304298879
708,510;6,420610986;6,218244684;6,098049523
709,075;6,32408526;6,161004585;5,958505978
709,640;6,267312074;5,942945353;5,737140477
710,205;6,147268357;5,75585832;5,472190938
710,769;5,866113399;5,542963925;5,362327337
711,334;5,693462567;5,504292489;5,117182337
711,898;5,620061417;5,395785513;5,098183617
712,463;5,539138057;5,182725198;5,017103441
713,027;5,409632784;4,900010601;4,948036796
713,592;5,317138654;4,661065947;4,687542604
714,156;5,1705904;4,450498096;4,421717946
714,720;4,959485861;4,483250681;4,46062784
715,285;4,66944951;4,152514676;4,177144142
715,849;4,654207899;3,826228394;3,863906083
716,413;4,32939543;3,49097646;3,757140307
716,977;4,276926974;3,38441226;3,449100865
717,541;4,20129691;3,458884156;3,301741494
718,105;4,056224539;3,36614573;3,039927946
718,669;4,01707789;3,300875193;2,989767398
719,233;3,978495032;3,164570182;3,048556836
719,797;3,859256676;2,80093818;2,760641964
720,361;3,85408707;2,973571083;2,771724277
720,925;3,661924672;2,953830838;2,7510438
721,489;3,790339954;2,972823605;2,81847669
722,053;3,643863441;2,922868241;2,823994828
722,616;3,422993981;2,789877011;2,652243953
723,180;3,429127605;2,791744249;2,595280445
723,744;3,251852288;2,528626317;2,369728849
724,307;3,171756436;2,421510772;2,348932075
724,871;3,342235231;2,471324479;2,434298331
725,434;3,290678742;2,292332991;2,151078269
725,998;3,377442736;2,375648523;2,25363627
726,561;2,988857137;2,06709882;1,949255618
727,124;3,022443869;2,080915104;1,991495687
727,688;3,139042483;2,101233601;2,199240371
728,251;3,011868936;2,047266769;2,1399143
728,814;2,99724255;2,304371654;2,208320656
729,377;3,365812444;2,660759597;2,190996825
729,940;2,934438384;2,48663115;2,030584328
730,503;3,037909728;2,707540658;2,308054479
731,067;2,938179164;2,771627968;2,288343568
731,630;3,40706608;3,19435433;2,41454581
732,192;3,216595948;3,220670379;2,303796049
732,755;3,114346497;3,084542732;1,951571316
733,318;3,122665124;3,106332696;2,154588606
733,881;3,123001655;3,038496811;2,286563471
734,444;2,726364966;2,819753117;2,222397992
735,007;3,073938663;2,997719024;2,51403052
735,569;3,040898482;3,094948322;2,606426011
736,132;3,285483301;3,096427036;2,789839
736,694;3,167192824;2,745999507;2,860064091
737,257;3,253140226;2,721369276;3,122551191
737,819;3,654407012;3,021526767;3,535125767
738,382;3,786780036;3,177402628;3,597483055
738,944;4,156753077;3,50035284;3,747863132
739,507;4,498174809;3,599773978;3,723462711
740,069;4,536245441;3,725773422;3,618243073
740,631;4,471290337;3,492496436;3,5189125
741,193;4,60595598;3,706098689;3,374356845
741,756;4,708773929;3,845628244;3,278403194
742,318;4,804382747;3,804176396;3,355872458
742,880;4,823401134;3,925311482;3,383856839
743,442;5,03692602;3,873733847;3,497968797
744,004;5,141826045;3,864030142;3,314449638
744,566;5,278022223;4,012949769;3,729130376
745,128;5,341397664;3,996081196;3,558530871
745,690;5,339487095;4,117107101;3,571133396
746,252;5,305744873;4,081493153;3,683550225
746,813;5,497676832;4,390402703;4,079849376
747,375;5,925815006;4,716606291;4,259774054
747,937;5,869616464;4,821868936;4,534322267
748,498;6,218098255;5,220823462;4,773485015
749,060;6,38301194;5,543292266;5,014597088
749,622;6,331003214;5,622125192;5,247143527
750,183;6,755969134;6,0489304;6,055755298
750,745;6,969005188;6,195142313;6,405567445
751,306;7,281728457;6,440197076;6,676295918
751,867;7,61630873;6,786830467;6,870902847
752,429;7,81534456;7,142393256;7,123427911
752,990;8,152903717;7,335052562;7,094602538
753,551;8,362459629;7,324964942;7,641300342
754,112;8,640298468;7,309558842;7,900563559
754,674;9,214907288;7,755711659;8,419394293
755,235;9,486243892;8,369212312;8,256029818
755,796;9,986525372;8,863601762;8,801984212
756,357;10,30979721;9,116683403;9,086561116
756,918;10,47450384;9,515465244;9,285149331
757,479;10,45174996;9,291256558;8,883458532
758,039;10,68051209;9,15452036;8,9380599
758,600;10,52843456;9,264246493;8,30972346
759,161;10,25409033;9,399584339;8,499044521
759,722;10,28696443;9,696101971;7,823533392
760,283;10,47517617;8,946530727;7,659815131
760,843;10,90740861;9,414871687;7,282826303
761,404;10,80498045;8,987466747;7,339022591
761,964;10,81032799;9,171921955;7,114363453
762,525;11,49332471;10,28208443;8,578813284
763,085;11,62235616;10,61774084;8,757234772
763,646;12,90713681;10,98075389;9,658634224
764,206;13,33485152;11,53456785;9,996812408
764,766;13,37940914;11,75723494;10,57213989
765,327;13,68574105;12,30253421;11,54402396
765,887;13,88884272;12,55142339;12,07280388
766,447;14,35584422;13,32111263;12,46739945
767,007;14,84945813;13,51972513;13,20989641
767,567;15,42257606;13,65661847;13,46966245
768,127;16,005584;14,0899825;14,4809381
768,687;15,66643419;14,65104549;14,18633931
769,247;16,02420955;14,81311974;14,84415544
769,807;16,5058336;15,23892078;15,23468937
770,367;16,64765844;15,47754848;15,42333927
770,927;17,12951861;15,71200637;15,84479036
771,487;17,37736859;15,71006343;16,18836212
772,047;18,11029591;16,10065869;16,404068
772,606;18,25000697;16,35014342;16,47837719
773,166;18,70290699;17,15926538;16,75050287
773,726;19,50500272;17,84152877;17,74614217
774,285;19,91695489;18,71548698;18,0785215
774,845;20,12978219;18,84799859;18,16049797
775,404;20,51076833;19,27646211;18,75776171
775,963;20,7167305;19,40319529;18,86368294
776,523;21,30777966;20,41108687;18,98653979
777,082;21,43501176;20,95191459;19,74605568
777,641;21,73906545;21,62461221;20,21253102
778,201;21,65431178;21,31157579;20,13495366
778,760;21,6943344;20,86666948;20,41751942
779,319;21,52189572;19,85461922;19,90136673
779,878;22,02010401;19,88618298;20,37656514
780,437;22,177183;19,85888195;19,9377232
780,996;22,65013824;20,45010003;20,07274428
781,555;22,92701654;20,73630322;20,71275268
782,114;23,04047544;20,33317153;20,36278382
782,673;23,70318373;20,35213003;20,86537888
783,232;24,48334924;21,3353964;21,25600454
783,790;24,7035615;22,07795489;21,42070415
784,349;25,56706875;23,45879974;22,09235912
784,908;25,49634136;23,38283221;22,57760411
785,466;25,89247303;23,99703033;23,23011773
786,025;26,05273599;24,26629824;23,81153615
786,584;26,3325364;24,24118317;24,14074865
787,142;26,46535487;24,48966915;24,44020686
787,701;26,22626643;24,76426725;24,02365509
788,259;26,06361353;24,24253338;24,42986072
788,817;26,84410402;24,32988608;24,66706728
789,376;27,17118928;24,20648441;25,19568128
789,934;27,65179989;25,04614661;25,19479239
790,492;27,64512967;25,27020998;25,61510073
791,050;27,90101543;25,05236444;25,58399457
791,608;27,82218159;25,17856381;25,36270112
792,167;28,14111308;26,18172663;25,58883301
792,725;28,18226393;26,53488773;26,19027865
793,283;28,66434204;26,89651021;25,98722172
793,841;27,85741936;26,40912074;25,83590244
794,398;27,38889758;26,4617348;24,99735088
794,956;28,32818611;27,2942765;25,64553081
795,514;29,31775701;27,36757964;25,70864809
796,072;29,02991431;27,16008441;25,91673761
796,630;28,95405747;27,0379868;26,09941314
797,187;28,67266794;25,68331184;25,78487
797,745;29,05191198;25,59892466;25,69636626
798,302;28,76595518;25,67608653;25,5550457
798,860;29,32249092;26,47624484;25,7291792
799,417;29,7878617;26,63913549;26,75001182
799,975;29,49130457;25,96610351;25,84338524
800,532;29,0527584;25,78041231;25,77924432
801,090;29,31713457;26,65678896;25,86366331
801,647;30,57271327;27,3265965;26,13429645
802,204;31,04360271;28,46254283;26,85524616
802,761;31,98503463;28,62193511;26,95305933
803,318;31,8075398;28,43731957;27,43973514
803,876;32,18568064;28,58482053;28,02723705
804,433;32,39822198;29,15357075;28,46058643
804,990;32,18668086;28,76023721;29,61715541
805,547;32,98019468;29,29468165;29,69227245
806,104;33,55062261;28,83308448;29,82038417
806,660;32,93713901;28,56887786;30,32178759
807,217;32,46791612;28,40814062;30,06217063
807,774;31,48734388;28,56656773;30,55955575
808,331;31,94295531;29,13518891;30,93906093
808,887;32,4235399;29,53440886;30,65144992
809,444;32,95776855;29,50648421;30,07050268
810,001;33,22892883;30,71904318;30,01736886
810,557;32,56911187;30,77479926;30,39756196
811,114;33,1714028;31,17234931;30,60139274
811,670;33,19945034;30,76371461;29,55015108
812,227;34,44853745;31,4027081;30,49900242
812,783;34,92322985;30,95691226;30,16246047
813,339;34,93813997;30,47433638;29,98625309
813,895;34,26459637;29,73357105;29,66566017
814,452;34,03471486;29,58030991;29,79382304
815,008;33,36795278;28,48169304;29,63583448
815,564;33,1241305;28,3424388;29,57220914
816,120;32,38249743;28,1946381;29,36919756
816,676;32,18979038;28,94137512;29,37940187
817,232;31,54920875;28,20353612;28,77738452
817,788;31,22233811;29,240216;28,99879392
818,344;31,19654351;29,61712317;28,88775824
818,900;31,56716082;30,25302793;29,15412599
819,456;30,922063;30,03183049;28,98069217
820,011;31,93986843;31,39000019;28,64771649
820,567;32,52743664;31,02551699;28,72185353
821,123;32,63116034;32,04602194;29,58481892
821,678;33,00066694;32,49265985;30,65878658
822,234;33,78806664;32,78439013;30,9944369
822,789;33,54113869;31,91111255;30,66246242
823,345;34,15013576;32,75852747;30,95913323
823,900;34,02741343;33,40674416;31,90331527
824,456;34,28789618;33,34060775;32,1969501
825,011;34,32590262;32,5917734;32,59539779
825,566;33,63987344;32,82263268;32,18500138
826,121;33,69251304;31,94706424;31,29697558
826,677;34,12565964;32,0534216;30,14251234
827,232;33,93573898;31,8243191;30,49230464
827,787;34,17228053;31,76196589;30,42049604
828,342;34,8798298;30,76936924;30,16216123
828,897;33,862581;29,93471752;29,090139
829,452;33,73810287;30,62933535;29,5980053
830,007;33,78818373;30,41516864;29,0992831
830,562;34,63564395;30,69308547;28,40591661
831,116;35,02567864;30,92273275;28,5784644
831,671;34,15399611;29,61262842;28,40363318
832,226;33,49738846;30,93739598;28,09507485
832,781;33,63855881;31,63480403;29,12915428
833,335;32,93638722;32,38015131;29,40018633
833,890;34,54032962;32,51993764;30,22925731
834,444;35,5389203;32,21422485;30,45973918
834,999;35,56200005;32,60358854;30,96787485
835,553;35,93402626;32,85380211;32,54922845
836,107;35,58852546;33,46551055;32,91720508
836,662;37,19039915;34,79524171;34,37167815
837,216;36,96670711;33,89728279;34,55407547
837,770;37,12611966;33,39572684;33,55295126
838,325;37,37013864;34,10799428;33,45705717
838,879;37,0320213;34,25336226;33,52390067
839,433;36,63586923;34,0554359;33,31185892
839,987;37,23131522;34,29767843;33,8899251
840,541;36,63342403;33,64909193;33,33641281
841,095;37,19339363;33,46311494;34,54400651
841,649;36,01019452;33,10995635;34,69391605
842,203;37,27579702;33,72200831;34,07107583
842,756;37,33440207;34,46682399;34,76308371
843,310;37,42576319;33,78664839;35,1068676
843,864;37,35587449;32,74017295;34,24225932
844,417;38,14328217;33,67795161;34,8690889
844,971;37,25997354;32,96601456;34,07375906
845,525;37,76582246;33,52806229;34,06405011
846,078;38,242316;34,07711821;33,21589352
846,632;38,54586066;35,48317057;32,4794233
847,185;37,4398189;34,46932503;33,0010594
847,738;37,73895779;33,89734004;32,51240848
848,292;38,85826404;33,90936416;32,27830793
848,845;39,56511812;35,68150302;32,49776984
849,398;38,6723421;34,24471927;31,42714267
849,951;39,07987834;35,03966593;32,09293277
850,505;39,6328473;35,02952288;32,1846478
851,058;38,24857881;33,96882116;31,92122365
851,611;38,65047995;32,62259136;31,87832179
852,164;39,02185066;33,16291926;30,38275537
852,717;38,67074827;33,22210327;29,7412812
853,270;38,29948539;32,78673313;29,57153737
853,822;38,47977306;32,3176587;30,91387087
854,375;39,46461974;33,93980901;31,91610246
854,928;38,98929571;33,46492324;30,98454089
855,481;38,49427738;33,03225405;31,02950676
856,033;38,59579487;33,0804453;31,23501783
856,586;37,88811219;32,70870182;31,7444052
857,139;37,83681033;32,36947768;33,63495885
857,691;37,88517941;31,98650367;34,49737866
858,244;37,04781586;33,11741153;34,81125235
858,796;36,99036498;32,65602151;33,79953069
859,348;36,92946935;33,0269968;33,76571892
859,901;37,41048234;33,88209601;33,92576547
860,453;37,74646075;33,80743663;34,13750123
861,005;39,32282581;34,54561494;34,5302023
861,557;39,02292505;34,88692848;34,35547028
862,109;39,21998131;35,39514403;34,10195455
862,662;39,79695476;35,96160375;34,60564404
863,214;39,8933555;35,32922001;34,63625497
863,766;38,94657079;35,49178587;35,90239911
864,318;39,4106292;34,94980889;35,79619855
864,869;39,26638834;33,80775544;35,5741388
865,421;39,52300896;34,77013909;35,14939085
865,973;37,69500808;34,23388942;34,76599363
866,525;38,94365656;34,17062028;34,96409739
867,076;39,56772183;34,92424367;35,42689072
867,628;39,41449327;35,37321664;34,10790987
868,180;40,19183618;36,45608075;34,45598442
868,731;41,3531661;37,27447204;33,30854073
869,283;39,92236172;36,74247109;32,83410535
869,834;40,99824439;37,90123297;33,32292806
870,386;40,79421582;37,80502536;34,95126758
870,937;42,13289662;38,63830739;35,009404
871,488;41,94192179;37,72677683;34,99556341
872,040;42,04091155;38,11859987;34,3975674
872,591;42,38911974;38,55476064;34,91652678
873,142;41,21720941;37,90628203;33,68043588
873,693;39,5850726;36,53383379;32,99683391
874,244;38,83500258;37,1482874;33,32911567
874,795;37,7106583;36,04597039;32,26563026
875,346;36,68424279;36,74689194;30,60457284
875,897;36,43880299;36,84828667;30,22352255
876,448;36,79531319;37,93058746;29,73225293
876,999;36,01122492;37,4485286;29,90269326
877,550;35,5659912;37,32292119;29,45366334
878,100;35,24093342;36,63439788;30,9594751
878,651;35,76046024;36,42314347;31,65183463
879,202;37,95711403;35,99290771;32,4939072
879,752;39,00960057;36,99588491;33,50343053
880,303;40,66481783;35,7309917;34,0717133
880,853;40,47598905;36,23910061;34,31852277
881,404;40,79160223;36,1720532;35,32908883
881,954;41,85683177;35,66829795;35,46010158
882,504;42,72665405;34,85573778;37,06550258
883,055;43,98753727;36,19784463;36,16503494
883,605;45,11042425;37,40366656;36,32526604
884,155;44,91192574;38,31869848;36,24638235
884,705;44,58590565;38,26694688;36,58042887
885,255;44,42051533;39,70238765;36,78427131
885,805;44,97220517;39,02723666;37,7932213
886,355;44,79845172;38,86410747;36,6920592
886,905;44,5959608;38,95110924;36,75589688
887,455;42,5327525;38,51137948;36,1923455
888,005;41,60207977;36,63234682;35,6791305
888,555;39,75669223;36,66809859;35,07943664
889,105;38,75609976;35,08018403;33,89485252
889,654;38,31099492;34,49856058;32,55275031
890,204;36,89882357;33,6317247;32,35453323
890,754;35,03873466;31,70887293;30,24049623
891,303;34,41029585;30,86419624;31,77188385
891,853;35,07825756;32,17038612;31,25148275
892,402;35,20344931;32,06756385;30,98683005
892,952;35,23257297;32,91439953;30,83376386
893,501;36,98680025;32,14829037;31,4488149
894,050;39,32023355;33,65026143;32,12142221
894,599;40,74554474;34,54456853;34,44408459
895,149;41,82866844;35,48599604;34,59308086
895,698;43,47459624;36,85808881;35,14069665
896,247;43,77273316;37,68577846;33,61510419
896,796;41,44501587;35,85266453;33,41951482
897,345;42,19718363;36,87814996;34,18964618
897,894;40,81305966;35,92947947;33,27010352
898,443;41,11476938;35,58303283;32,84587686
898,992;38,74570397;34,44626498;32,22820806
899,541;36,89159874;32,58311787;31,43025592
900,089;35,98367572;30,57964784;30,86221241
900,638;36,38369666;30,87910828;31,21975974
901,187;36,29973716;29,98924459;31,17990307
901,735;36,94995643;29,62864887;30,77590499
902,284;38,58507641;30,9613383;31,848957
902,833;40,67541516;32,19049691;33,1238736
903,381;38,58340996;33,53434427;32,67796927
903,929;38,03241541;33,64187777;31,44660896
904,478;36,76597263;32,12132104;29,07394098
905,026;38,21818542;32,84975551;28,69146685
905,574;37,57538179;31,93484472;29,19546836
906,123;37,23253952;33,3320971;30,19316292
906,671;37,36351114;34,33332046;29,88249715
907,219;37,08780595;33,56700902;28,31910522
907,767;36,82694668;32,16257496;29,43435247
908,315;37,0887611;30,80051273;28,52096911
908,863;37,22673602;30,93066962;30,80991264
909,411;38,54025082;34,49636499;31,99769544
909,959;36,92891078;32,85577661;33,23476858
910,507;34,7824303;33,52071812;31,60941042
911,055;34,43643662;32,76899109;31,28918201
911,602;34,66527691;30,73018343;30,1444747
912,150;34,10671958;28,4813113;29,89846814
912,698;34,61081772;29,69155696;30,08316275
913,245;35,19845008;29,53716063;31,18983609
913,793;36,55890197;28,34332502;29,70383769
914,340;36,3219915;25,37691447;29,27729288
914,888;37,6329212;27,21539345;28,17750635
915,435;39,9130228;25,69924296;29,53078487
915,982;41,05054066;27,81708096;30,40643338
916,530;39,96192056;27,99424382;31,96025065
917,077;40,10625573;29,62346831;32,14137137
917,624;39,25729729;29,75318206;32,09548828
918,171;41,09533184;33,14942256;32,97304733
918,718;40,66351127;34,44820849;33,57707519
919,265;42,1388064;38,37625267;36,62156316
919,812;40,38301383;36,9941696;38,15986611
920,359;41,59893412;39,40122441;37,42742901
920,906;40,77539627;37,93987241;37,10182466
921,453;42,30567193;39,12111262;37,59559982
922,000;41,49676496;38,53155083;38,32524053
922,547;41,77141564;39,05768837;37,49687736
923,093;40,54323707;36,80953702;38,45418971
923,640;40,74758423;37,44645441;39,81940444
924,187;38,22125814;33,91322952;36,55097291
924,733;40,1711686;33,88606961;34,13122844
925,280;38,37850096;31,51125096;33,20165426
925,826;38,66896144;31,8942491;31,87512309
926,372;37,02394231;30,62430112;31,96281932
926,919;36,27263174;30,43663522;29,98935041
927,465;34,53995051;27,12947509;30,20936976
928,011;35,6284909;26,8997478;27,74408741
928,557;33,53735706;23,35310573;23,12594686
929,104;33,77569021;25,05784897;23,47216712
929,650;30,03287863;24,47317457;23,36720945
930,196;32,30939743;29,59385606;25,36616156
930,742;29,33842111;25,62340673;23,66411991
931,288;30,487702;26,28687778;20,97878471
931,834;31,81091317;24,62235564;20,85480778
932,379;37,43033275;28,9234381;19,36051798
932,925;32,90987446;26,43793319;19,00570131
933,471;33,72153791;32,21068007;24,44654291
934,017;34,81991476;28,24152362;25,57203289
934,562;39,38019013;26,93968192;22,09186576
935,108;39,41518992;22,65541231;23,98668677
935,653;40,90144296;23,35336359;21,92307776
936,199;40,0240684;19,57742653;21,66354609
936,744;37,53476767;18,72313708;26,30846934
937,290;32,93511566;20,46146552;28,0510659
937,835;37,28438191;20,34965141;24,999998
938,380;36,0263522;17,17521879;21,69440493
938,926;42,74155068;23,15564107;21,66825364
939,471;40,40704239;24,7198731;23,91950632
940,016;33,99905434;21,11793952;18,87260795
940,561;38,43003461;23,91353969;24,83503908
941,106;43,00353307;26,33686708;27,52650268
941,651;44,33795426;28,42370702;23,41739906
942,196;43,80598333;24,92765479;17,99641907
942,741;39,86373781;26,9187987;22,1496101
943,286;41,81282298;24,48046947;20,95799339
943,831;29,14765285;17,28249798;17,94494463
944,375;28,17544582;16,12587501;17,03896912
944,920;30,72270998;19,77623184;17,41759826
945,465;20,58671166;16,16911031;11,83779288
946,009;25,03629632;16,95434879;15,48636843
946,554;31,15569956;22,31442417;17,93904312
947,098;31,86232297;15,63838592;17,05227062
947,643;36,14609598;15,93898675;16,27483865
948,187;38,81983784;16,20841161;23,55304438
948,731;46,01462809;22,22635375;25,38737867
949,276;40,84726733;20,7246391;30,245262
949,820;40,52224609;21,06168192;28,39028737
950,364;40,68668264;19,42461139;30,84838409
950,908;39,18864512;18,93497025;26,06200701
951,452;36,19292554;15,90235362;26,35896458
951,996;39,23342721;22,82431981;28,86335888
952,540;36,01900562;23,62515103;31,23736498
953,084;35,99573856;22,72630299;25,60170238
953,628;33,17525118;16,14572152;26,77301099
954,172;38,36062134;19,4188461;21,88008279
954,716;41,02132007;18,14814481;23,03030226
955,259;38,11071313;20,57198518;21,68779348
955,803;35,59927879;22,47316438;21,27683202
956,347;34,08857829;23,98952559;10,80496546
956,890;30,70475905;20,16102432;12,41866248
957,434;31,47495121;17,20771834;6,069160434
957,977;30,39379158;13,37709073;8,19809197
958,521;31,25586064;12,85145234;4,639172853
959,064;24,730417;7,832681119;4,905792712
959,607;24,12345564;9,440600876;7,647796108
960,151;26,92350772;6,892327698;7,315443087
960,694;26,82172488;7,190869527;6,454712772
961,237;30,40184977;7,816114521;16,7893957
961,780;36,53350672;14,3292942;18,88644943
962,323;35,31170508;18,14824883;21,26087864
962,866;36,57993497;20,93460886;20,15576814
963,409;36,37552815;26,84003923;22,31762958
963,952;37,65625068;29,95888089;19,27631401
964,495;36,27239575;27,16489913;18,00762982
965,038;37,79685616;31,49069676;18,59756066
965,581;38,76658505;30,15681443;23,03226675
966,123;38,65646279;30,03641104;23,4599116
966,666;35,56971851;28,31872584;23,0597601
967,209;35,57966941;27,50265195;23,45598661
967,751;32,99628813;32,43542364;25,69713046
968,294;34,00354754;33,4951093;25,46799513
968,836;33,10933363;32,04470123;26,98580234
969,379;35,50648075;35,32559199;29,81609514
969,921;34,49379414;30,08303667;29,5574
970,463;33,00209347;30,36254627;27,38141412
971,005;33,61872819;29,63631896;26,47081889
971,548;34,89265571;30,63653461;24,73823159
972,090;35,9728366;32,25923074;23,93613041
972,632;35,3372425;29,45014821;19,48680597
973,174;35,22894204;24,11094515;17,35492146
973,716;37,35059694;26,04964444;18,93196325
974,258;37,75144835;25,63701051;16,08552732
974,800;38,84833017;29,37276539;15,73301582
975,342;37,00571428;29,86666704;18,36190385
975,883;36,33101765;31,1754138;15,91919102
976,425;33,31233869;29,20339987;15,60138153
976,967;34,39109138;27,4048813;15,51752938
977,508;33,22844417;26,85651254;18,9034004
978,050;34,20330675;29,33615307;18,78674006
978,592;31,32202315;26,1523725;20,23047244
979,133;30,94465082;26,21743718;24,80798433
979,674;31,36949835;27,21125298;28,40043697
980,216;33,22010636;27,94719578;23,7396751
980,757;33,25947207;28,25910134;29,24144716
981,299;35,72740178;30,60145701;28,2294212
981,840;34,11208242;30,32185077;27,5409366
982,381;34,96282102;28,69027412;25,07545935
982,922;31,63937743;27,76241706;26,62130267
983,463;34,55944933;30,8811062;23,9692173
984,004;33,77280376;30,49458517;20,95211095
984,545;34,56940337;30,18111485;18,50526088
985,086;35,59251609;29,48024788;21,91268134
985,627;35,92246463;31,53339992;19,72308768
986,168;36,06847127;30,24724998;23,91659015
986,708;35,94169061;30,15196097;25,76497017
987,249;37,90164647;32,5306088;29,71656979
987,790;41,15243745;34,00512747;31,8096831
988,330;38,02496918;31,89557192;34,52043212
988,871;39,10510095;30,66685898;32,2207051
989,411;39,90869093;31,5385176;33,11834464
989,952;40,07711797;33,65086428;34,70174811
990,492;36,41454724;28,38293815;33,2157092
991,033;36,92751928;28,5792288;32,44909263
991,573;38,21940413;27,80518365;29,70010162
992,113;40,56417576;26,86943169;25,35655004
992,653;38,09523987;26,08965298;22,92539097
993,194;42,77927157;29,23608672;21,52015247
993,734;41,92601976;27,83998704;22,85118831
994,274;41,32629023;25,95016368;22,34663393
994,814;41,73015981;25,27777877;22,84127161
995,354;41,32291563;27,23171271;21,30196553
995,893;39,88267683;24,16756568;19,59844824
996,433;40,61193418;25,15465596;20,88279349
996,973;37,07845974;25,78286318;23,89022851
997,513;38,487104;24,20638397;25,85046019
998,052;37,60557456;22,64862278;27,97868094
998,592;38,55523087;26,08147971;30,13860031
999,132;36,24813253;25,46918992;30,77561601
999,671;36,10948119;23,01234178;25,01049698
1000,211;40,47034783;25,71694294;27,97563556
1000,750;40,22057675;28,95054368;26,32258917
1001,289;35,83347648;28,20402194;25,84723804
1001,829;36,32212363;27,26793665;23,87810767
1002,368;33,12021456;26,29446358;23,15173564
1002,907;30,9964869;25,26325818;23,45944129
1003,446;27,48465175;21,61358262;23,30199668
1003,986;30,5124037;25,28225569;21,95310144
1004,525;27,85584579;26,34547505;24,09903291
1005,064;28,07192313;25,32467579;21,18880628
1005,602;26,27540002;21,04935435;21,99295078
1006,141;25,42031253;22,89845659;22,33804244
1006,680;22,78103047;18,70233181;29,67834562
1007,219;26,87155056;18,96881197;27,08544416
1007,758;25,99190497;18,47310839;20,75188204
1008,296;29,82802387;23,9135457;23,06529998
1008,835;25,40208472;17,54966852;19,50094446
1009,374;23,97741944;17,30238524;15,52070387
1009,912;21,55026751;10,6385749;17,08934937
1010,451;20,71280302;16,1845468;18,67447675
1010,989;20,67039309;6,180911548;20,70605165
1011,527;25,26761142;14,52576673;14,26437734
1012,066;22,28535402;16,33838378;15,0126247
1012,604;24,08704322;15,27013264;17,45872914
1013,142;23,03664758;11,73541151;17,5711919
1013,680;27,31316968;15,82359146;21,39044226
1014,219;32,47965628;17,19354139;28,54475251
1014,757;33,50071754;26,59014846;30,84648455
1015,295;35,26588304;23,93583277;32,66388935
1015,833;39,34572499;32,38289394;29,18788152
1016,370;35,27286851;23,42923412;27,80286319
1016,908;36,77002826;26,40826764;30,09043982
1017,446;37,78367241;26,15793056;31,02853433
1017,984;31,93954028;22,75745351;22,84220995
1018,522;22,39743151;13,72463439;14,62987561
1019,059;16,64907252;10,69220258;8,897599469
1019,597;11,95916512;1,766323548;1,766323548
1020,134;18,346742;6,720303151;0,70989114
1020,672;12,93611413;2,198501818;1,895812233
1021,209;15,21372723;12,22614066;0,183854152
1021,747;17,50039204;13,32398331;-0,171415269
1022,284;23,20577859;15,3988031;1,475332786
1022,821;26,48078702;17,5734734;9,932179914
1023,358;35,69023822;21,85345623;19,15985065
1023,896;40,05312551;22,21445337;26,85586216
1024,433;41,45937169;22,4785149;26,33800505
1024,970;33,36464646;21,87255237;27,61859942
1025,507;37,74100199;24,66259535;27,2975588
1026,044;38,36820823;18,05872757;34,46456776
1026,581;34,71596125;10,29756517;34,82416519
1027,118;24,83116621;10,78788109;33,71428385
1027,654;24,88768981;16,15453942;29,5058407
1028,191;17,2003463;19,96500451;22,72965671
1028,728;17,40524384;28,30473492;19,64925918
1029,264;15,88613602;27,32782514;18,97153243
1029,801;22,17635568;24,67166784;11,50093808
1030,338;20,88921921;28,78927602;15,30406488
1030,874;27,30459154;33,33333534;14,24815869
1031,410;27,21358794;33,66461848;9,468740632
1031,947;29,25084363;30,34511994;-1,178452522
1032,483;28,90278507;31,58531419;-2,037109393
1033,019;33,71360852;32,90715797;-2,950434939
1033,556;30,72828179;23,72231901;-12,05281088
1034,092;35,89385299;23,78292357;-12,33040733
1034,628;26,04040666;12,42424011;-6,080807773
1035,164;23,53974653;1,405357833;-18,77470342
1035,700;18,63383068;-5,576206903;-14,56784507
1036,236;28,58464402;3,029600948;-10,93894643
1036,772;24,15272486;4,740453316;-3,453453332
1037,308;20,83608341;-4,312432003;-9,086910698
1037,844;22,66569788;-15,69908581;-7,087572305
1038,379;23,24731669;-8,325221414;-5,209350196
1038,915;20,22525526;-2,180683526;3,163192906
1039,451;34,96762333;19,38020155;0,02312506
1039,986;45,228842;28,08721895;10,27633888
1040,522;38,03224094;27,90408905;-3,96858157
1041,057;27,50299111;22,49700804;-1,89469609
1041,593;34,59006602;26,53101834;-0,299220872
1042,128;38,70399477;26,91855761;5,853562951
1042,663;41,90592604;34,04601989;4,052128535
1043,198;30,57118208;25,42189397;0,627433127
1043,734;31,89954576;16,05664046;-9,671387469
1044,269;23,2720356;3,265697083;-18,51616921
1044,804;14,3004113;-7,544582362;-32,75034496
1045,339;13,18051331;-10,1361062;-26,86246598
1045,874;16,7578126;-9,765628562;-28,04688233
1046,409;16,0390562;2,126919167;-19,4211983
1046,944;26,35024596;11,86579058;-25,69558679
1047,479;20,17614327;-3,082462611;-24,37950388
1048,013;28,11854218;2,825639774;-13,05995874
1048,548;34,7758376;8,966372968;-8,032381685
1049,083;23,11059146;3,851766913;-5,86518916
1049,618;15,54993816;1,422250309;-2,654864712
1050,152;19,30501668;1,640929152;0,386100002
1050,687;14,82164635;-1,107010077;-10,48585557
1051,221;21,91967439;-3,437714905;-23,51940305
1051,755;11,72839802;-18,32358559;-19,62313134
1052,290;18,76882087;-5,118768545;-24,18869463
1052,824;18,42751858;-5,988941497;-12,89926064
1053,358;4,870025683;1,414941001;-10,20072123
1053,893;20,36793846;1,248357191;-3,515113561
1054,427;36,78160533;15,97406178;2,623046938
1054,961;34,94213745;16,20095989;0,056450089
1055,495;34,83594152;20,30052374;8,770317079
1056,029;23,63362181;1,20618166;5,314738042
1056,563;22,01873909;24,74446272;10,60477183
1057,097;28,3139807;7,328796303;29,39527552
1057,630;41,07143489;18,1547642;17,04932181
1058,164;38,67502464;13,60787961;11,01163955
1058,698;35,55825084;26,33495189;17,43527491
1059,232;29,2857146;11,26984226;18,29365043
1059,765;40,9128306;31,86678018;24,62993631
1060,299;41,29032283;34,01433572;22,79569613
1060,832;31,2878499;38,55470451;8,922082182
1061,366;40,2288168;28,63327174;15,80086511
1061,899;37,77239532;50,21186447;13,46852261
1062,432;15,46635162;24,43919815;-10,70444766
1062,966;11,69154221;5,756929943;-8,599856314
1063,499;13,94366086;-0,140846952;-18,30986045
1064,032;10,67503882;8,697017404;-10,64364123
1064,565;11,89064627;-10,04611194;-12,68115937
1065,098;11,33912916;-20,76521698;-6,991304889
1065,631;13,2561513;-16,61360395;7,178001945
1066,164;8,365149428;-38,49357922;-12,28740035
1066,697;2,557637039;-55,69164292;-20,74927842
1067,230;26,37526098;-8,980076791;0,77311934
1067,763;35,52803459;-4,726206035;-4,758800297
1068,296;35,45960061;8,406934438;-3,074909861
1068,828;34,4197124;4,928457939;-10,01589795
1069,361;20,46473765;4,525071268;-30,04484181
1069,894;12,92189025;-0,771456042;-65,81484678
1070,426;44,06468063;19,91914724;-29,54795925
1070,959;45,46398459;22,57617713;-17,2437667
1071,491;36,87405339;22,26859048;-34,52200429
1072,023;32,39130422;10,03623206;-16,1956525
1072,556;45,59520016;23,14493114;-4,957372815
1073,088;29,58333353;4,294871564;-2,884615517
1073,620;39,30481172;14,55733843;-6,357694595
1074,152;38,56229977;5,527156323;0,095847925
1074,684;46,37382106;10,20047121;15,50707623
1075,217;29,38736551;0,255264141;5,392469181
1075,749;27,88595358;-0,417247271;-7,51043148
1076,280;31,48508737;4,02075188;14,68871658
1076,812;36,57422508;5,513866491;5,350733571
1077,344;15,0679756;-9,743200941;7,364049201
1077,876;37,94482048;-16,39344185;9,676129531
1078,408;12,48396959;-41,81274137;12,4412157
1078,939;16,12634983;-30,92269192;18,0798006
1079,471;26,40551411;-31,66485339;14,29089686
1080,002;29,25831489;-62,65984264;8,951407189
1080,534;32,87181671;-40,41983149;33,76507308
1081,065;22,82655505;-56,01713313;5,13918715
1081,597;25,44039303;-51,78206107;14,95288806
1082,128;27,97313482;-49,78269676;2,805215603
1082,660;33,03042438;-36,98142761;2,015013486
1083,191;48,66190836;-39,29527262;-11,86440738
1083,722;54,47333651;-37,81401564;-5,685324301
1084,253;55,07788413;-21,37071936;-26,41744776
1084,784;55,89154823;-1,668404425;-26,90302219
1085,315;51,31578938;-11,12938621;-50,10964941
1085,846;63,71577576;5,76587239;-32,14909485
1086,377;85,31420546;3,278688236;-41,461747
1086,908;113,5311143;-6,729376426;-61,14326596
1087,439;94,56928045;-18,25842671;-109,3632918
1087,969;71,63892413;3,008964664;-57,81050084
1088,500;73,45774786;7,724209218;-39,81337404
1089,031;66,08295421;-17,46543761;-27,32719022
1089,561;57,34406287;2,897384891;-8,85311743
1090,092;50,39682578;-23,80952444;-23,06547751
1090,622;60,0233084;-24,8251748;-31,64335479
1091,153;44,80945983;-45,46649034;-82,78580462
1091,683;12,86407905;-55,58252232;-82,11973881
1092,213;27,52670069;-79,53984809;-88,33196036
1092,744;-17,67677222;-190,7828453;-188,51012
1093,274;-125,4310634;-319,8276412;-315,5172937
1093,804;0;0;0
1094,334;-182,6086808;-709,0579677;-643,1159433
1094,864;-16,15542694;-245,6033135;-337,4233711
1095,394;-2,705059899;-134,2932041;-149,3891903
1095,924;-58,42570836;-201,6629408;-182,9268033
1096,454;-68,94864346;-271,6381026;-213,6918975
1096,984;-55,17522681;-127,5468648;-127,4653659
1097,514;-110,1351555;-250,1351717;-186,2162468
1098,043;-128,3746775;-259,7796545;-234,7107816
1098,573;-130,1796416;-203,8323362;-190,0598812
1099,103;-372,222292;-521,2963963;-457,7161347
1099,632;-589,6415588;-756,1754567;-509,9602688
1100,161;0;0;0
