Filename-->;PUNTA_1.RFL8;PUNTA_2.RFL8;PUNTA_3.RFL8
Mode/Unit-->;;;
Int.time[ms]-->;1,049999952;1,049999952;1,049999952
NrOfAverages-->;20;20;20
Smoothing-->;4;4;4
Wavelength [nm];;;
172,206;-22,66718462;17,80303135;6,680440648
172,805;-4,637681429;8,926906016;-0,186625907
173,404;0,988343272;10,2496386;0,744118436
174,003;6,5683344;9,997850122;-0,344011719
174,602;6,318299016;12,65751402;1,278916816
175,201;5,418410507;15,94965297;5,354124021
175,800;11,90605282;10,89037384;2,546505113
176,398;14,62655655;7,706523694;-6,431343902
176,997;13,75203095;5,837608287;-2,441181702
177,596;20,32397794;3,469862487;-0,482918507
178,195;8,260957278;6,518010274;6,363636497
178,793;8,9880452;3,471320098;1,188045262
179,392;8,446544563;3,605454939;8,369138344
179,991;10,65870964;4,755487015;8,798613185
180,589;26,93602724;-3,99565803;-0,564603771
181,188;29,99414324;-3,600001535;-6,141177545
181,786;27,84289542;2,034039439;4,753008835
182,385;35,24904137;0,582000215;2,722927282
182,983;30,11896113;-3,898083602;-9,843206835
183,581;32,91338652;-5,021295767;-19,16610872
184,180;29,50197233;2,693824305;-9,286027551
184,778;30,22723888;3,625911038;-16,86933469
185,377;28,23681609;-13,44022604;-24,16882761
185,975;21,7815847;-6,914433608;-17,99913574
186,573;17,25743323;-10,53682296;-19,94232446
187,171;22,05882209;-18,13424304;-28,5096696
187,770;23,87779695;-20,10493707;-19,05556891
188,368;31,10381503;-15,66614077;-12,90152769
188,966;27,56448531;-7,941952184;-5,963061098
189,564;29,23203762;-11,12506297;-6,604721279
190,162;21,37301229;-15,33461633;-16,29754409
190,760;20,57463705;-4,00516788;-11,30490976
191,358;18,51506764;-7,319242958;-18,30923149
191,956;21,4824326;-4,052228649;-15,2859072
192,554;11,41893062;-16,02796365;-30,83894389
193,152;3,045976373;-22,03815493;-38,42871759
193,750;-3,956044093;-12,60232703;-25,46316355
194,348;2,755474567;-15,06963213;-19,45541452
194,946;2,575323706;-17,08576443;-29,23214934
195,543;4,007666495;-14,78713737;-24,77355037
196,141;3,217334119;-10,95890324;-26,00530187
196,739;0,414866374;-8,881505802;-21,1960129
197,337;-3,191673857;-8,39661461;-17,72618693
197,934;9,592062152;-3,149606357;-4,441752466
198,532;8,4085055;2,962677827;-4,309349623
199,130;9,293304441;0,993503725;-6,152082384
199,727;12,03373389;-3,095916244;-16,90408376
200,325;15,60428319;-3,39043535;-17,71948592
200,922;19,51261987;-1,806296362;-11,69791854
201,520;20,05689898;-3,738132647;-13,64715148
202,117;15,17046642;0,310017416;-9,04863431
202,715;15,12810065;-2,073869845;-6,419119506
203,312;9,252898223;0,886262851;-5,668389856
203,909;11,38487682;7,481394788;-7,677242485
204,507;13,57717323;2,186443797;-6,281057565
205,104;2,629016607;3,25719165;-5,097292752
205,701;0,839110048;-3,589107971;-0,940593872
206,298;-7,153311855;-15,05376391;-7,468759163
206,896;-7,120743055;-7,701771861;-0,664370485
207,493;-6,244487869;-12,26589205;-10,44579192
208,090;-5,730502247;-4,89864895;-14,98552174
208,687;-6,755969682;-6,55190157;-13,12949639
209,284;-6,46910702;-3,371357597;-17,16096394
209,881;-9,348818026;10,00831596;-15,91350131
210,478;4,18237241;5,593985047;-17,05263223
211,075;9,161290831;17,67719967;-11,443211
211,672;21,38575304;31,43017095;-10,27148039
212,269;24,88011881;14,74504606;-19,42189014
212,866;30,04663598;24,92447353;-12,56797707
213,463;34,86332999;24,58506227;-9,336099483
214,060;30,32185224;38,76522544;-18,05963946
214,657;33,08504;23,25497142;-4,520793639
215,253;40,12219753;22,33665884;-1,416156623
215,850;39,3236226;27,40328222;0,351699545
216,447;29,23481499;10,40861333;-8,696853872
217,044;18,13740327;2,24506325;-7,844196715
217,640;26,52032164;18,42507772;-8,537206193
218,237;23,52561934;-2,573529849;-18,12782899
218,833;9,361329339;3,250345791;-7,376672148
219,430;17,72983178;-7,262703138;-10,88207092
220,026;15,71032784;-12,30015537;-17,9473959
220,623;21,36665929;-27,87623104;-26,69479696
221,219;13,07838524;-16,55189922;-11,32364124
221,816;18,40368101;-6,745831565;-6,947954387
222,412;17,47359929;-7,03405051;-3,024193612
223,009;8,194726125;-6,593173782;-4,960780087
223,605;2,258263437;3,402456672;0,402657727
224,201;7,300333164;5,801491212;-5,684995349
224,798;7,824838033;13,03138706;-4,588796321
225,394;3,162055796;13,30161388;-7,116259736
225,990;-5,82110703;16,42228726;-5,630498639
226,586;-1,94450488;13,28378172;-13,91271276
227,182;0,884410013;11,21212069;-9,411764287
227,778;5,152556375;14,44859398;-5,661490132
228,374;10,69795204;6,102322102;-2,177932995
228,971;8,254105331;7,806043583;-8,893237905
229,567;0,944640091;-7,936856465;-17,49616227
230,163;-0,483371828;-8,043875252;-17,29890322
230,758;-6,411540675;-5,326981838;-14,53009929
231,354;-4,79518526;-0,209886863;-13,54943932
231,950;4,103143059;-5,237483148;-14,48010151
232,546;6,685134319;-12,18138696;-27,74155342
233,142;5,260243906;-17,5659507;-39,47842058
233,738;6,741780436;-18,67860272;-47,05155875
234,334;16,71701815;-31,25200011;-41,17835199
234,929;26,84329652;-6,104487488;-30,21011071
235,525;28,50459352;-11,59461771;-29,77383257
236,121;38,84635083;-10,61470219;-28,92902341
236,716;36,07655315;-16,63274453;-36,08607293
237,312;30,03691729;-18,94428003;-35,77712451
237,907;18,99799533;-14,74150876;-26,44017878
238,503;22,90172814;-25,25886287;-36,36648823
239,099;24,79536903;-19,45332791;-26,7519618
239,694;29,41666673;-15,86867299;-23,1463743
240,289;20,52845449;-33,96127697;-26,47828393
240,885;21,25614177;-38,40659104;-26,51098748
241,480;18,20846318;-25,38837149;-12,07279231
242,076;25,41811789;-18,20320776;-2,438502566
242,671;29,18447206;-16,00265526;-1,859229846
243,266;37,9669855;-16,54597334;-2,018872242
243,861;33,8321301;-11,44614147;0,753818949
244,457;29,16011882;-16,33590901;-5,682055316
245,052;25,05934272;-11,65009132;-7,002232617
245,647;28,44474553;-5,958875609;1,636592361
246,242;26,81786784;-0,641555974;0,910596636
246,837;31,8521361;-7,548054775;-11,88466955
247,432;32,76508073;-18,39052134;-16,98346105
248,027;22,6870951;-21,25246562;-25,69033554
248,622;22,94649499;-12,90172344;-25,89659924
249,217;24,76319263;-4,544295681;-32,26959483
249,812;28,46539045;-0,921779104;-29,10192178
250,407;26,03947802;-6,37665665;-32,01837447
251,002;29,76588814;-10,82860015;-48,39964218
251,597;26,68595685;-7,36132765;-31,9077248
252,192;20,99935446;-16,6356112;-35,29411597
252,786;16,01796521;-16,59316409;-31,97353887
253,381;29,56353326;-10,03680926;-14,84662635
253,976;23,41160235;-16,83043626;-16,37692196
254,571;23,02265846;-15,12859355;-6,181111691
255,165;13,82252628;-0,692041151;2,666395926
255,760;21,84545752;2,885360444;1,065065919
256,354;27,10368095;11,11111128;7,389515409
256,949;32,05723972;9,826589411;-11,80842277
257,543;31,4577077;14,45212172;-4,04738369
258,138;24,89872291;15,82997489;-3,352876524
258,732;15,632378;18,11198751;-9,359207972
259,327;15,50675694;24,37255926;-0,706451065
259,921;16,35888272;24,24942319;-5,311778312
260,515;21,36426072;12,62870252;-18,15507432
261,110;15,98731222;9,25612847;-8,643280201
261,704;8,163957539;12,58038628;-0,542604406
262,298;16,41163476;13,82978697;15,6724923
262,893;4,67750724;11,29196327;15,23906436
263,487;17,93851657;16,43572811;14,24003415
264,081;22,51400631;16,83501708;21,47399969
264,675;23,03508757;14,95822261;21,33686517
265,269;22,49459229;17,32788775;22,034227
265,863;16,63074674;25,20112201;31,56220762
266,457;19,9725227;28,36564001;30,05513076
267,051;19,15696189;19,83057297;20,50442813
267,645;5,404480665;20,25741425;17,57134762
268,239;17,20006666;19,32250325;22,00138354
268,833;9,710847941;12,75844674;17,90216947
269,427;12,22052;9,119278415;11,68515925
270,021;12,35576838;3,448869737;11,39851686
270,614;12,24679122;0,281541423;7,443251499
271,208;11,66420292;-2,460094492;4,281689258
271,802;3,038829797;-6,585889987;-0,742622475
272,396;3,030302833;-2,008280902;-4,120082859
272,989;8,089438415;-2,533820645;-8,696585787
273,583;10,97046477;2,175905236;-16,60558854
274,177;6,987242612;5,02177929;-26,95362515
274,770;4,327594047;4,790568811;-22,17206067
275,364;10,22727178;0,927189126;-36,05126714
275,957;16,83212001;0,340225127;-34,85998438
276,551;19,83578149;-7,487479762;-44,92486415
277,144;22,55086591;-13,96181538;-53,78878077
277,737;22,06698583;-0,835790047;-35,42281165
278,331;20,09869071;-2,006689318;-30,07460933
278,924;18,36899486;-9,432409203;-31,69728554
279,517;20,35781618;-13,7579317;-11,67270996
280,111;17,38807313;-11,44003949;-24,00903027
280,704;16,10724388;-7,295372578;-26,97000348
281,297;14,50397664;-16,0938829;-31,85247482
281,890;18,63723238;-16,52736555;-23,72607148
282,483;15,94039192;-11,16243161;-17,52630126
283,077;20,30479628;-38,07243496;-29,27267416
283,670;23,00355003;-39,54393599;-34,62180066
284,263;17,25701958;-30,2911074;-30,9992117
284,856;25,66450726;-18,94329705;-44,13659583
285,449;28,92614436;-38,91625574;-50,57471329
286,042;25,55892297;-36,18628469;-30,58527701
286,634;26,87922928;-19,88481464;-14,45892815
287,227;30,67281252;-8,801956044;-12,44227093
287,820;45,66982353;-5,273659573;-13,54047963
288,413;46,96132436;6,312380789;-1,348800254
289,006;46,34855555;11,68941994;1,478953612
289,599;46,27035335;20,62499941;0,442708658
290,191;45,98443214;8,223274223;-3,413905566
290,784;46,74533707;21,38741643;6,545287022
291,377;50,0780616;15,32377771;-6,055363637
291,969;48,70179344;20,11431199;-0,439657289
292,562;39,77948877;13,74269025;7,872245633
293,154;31,68088049;11,11596362;6,573486417
293,747;29,29980778;6,694083856;1,850583772
294,339;31,47451167;12,98208606;3,709167316
294,932;32,45766632;12,25751424;5,862289976
295,524;32,10758262;16,47641565;10,4458328
296,116;24,4405669;12,12723572;12,52485021
296,709;23,78214358;19,03593286;21,03418111
297,301;20,97513216;13,22712115;16,13560652
297,893;26,37381591;15,98399649;13,1644126
298,486;18,88867393;15,70459995;14,89829636
299,078;14,93775989;22,8398364;22,28754734
299,670;12,03327897;17,14694875;23,78736376
300,262;15,90049701;14,88250708;25,79261519
300,854;12,96335494;15,92968539;24,66473428
301,446;26,67086961;21,95550439;27,98594965
302,038;32,80500456;21,8319423;30,62293873
302,630;35,61896167;26,80608394;35,68441217
303,222;32,45867577;12,62250001;24,20619405
303,814;34,93858379;19,73805554;32,92750348
304,406;39,53314896;13,59375021;24,68750096
304,998;37,80223542;3,992901395;17,30257192
305,590;36,50240512;-5,711035503;12,05915736
306,182;32,92174415;-8,657437937;11,88749779
306,773;30,29827275;-8,024691306;9,060846332
307,365;24,23302737;-10,81328785;2,909506965
307,957;24,86959143;-12,32456235;5,570174693
308,549;22,43261682;-1,613616171;14,52254673
309,140;28,6248383;-14,94645773;-6,789702324
309,732;31,35225339;-10,96629202;-5,797752615
310,323;30,30190081;-0,145621129;4,285417198
310,915;27,46104902;6,907440398;9,709887791
311,506;23,02665601;6,909448787;5,728345896
312,098;25,04224438;-1,368709177;2,884817968
312,689;26,40875951;3,596383336;0,12330444
313,281;21,49751437;1,489678474;-4,703128398
313,872;22,36772593;9,586669062;-6,102574746
314,463;14,7568958;12,93532309;3,553660905
315,055;14,09318985;2,865388766;4,803132871
315,646;12,43966391;0,919632436;2,25909655
316,237;12,37750695;-5,699796519;-5,131845466
316,828;15,87231619;-9,128803504;-4,501875198
317,420;13,69282856;-7,027240035;-0,88827475
318,011;8,792965643;-15,36192071;-2,753737784
318,602;11,9148273;-15,32190585;-4,995818714
319,193;9,372493269;-14,04766462;7,905445349
319,784;14,49144825;-10,03060208;7,939476704
320,375;10,12524519;2,319859365;12,75922669
320,966;11,18892231;2,054424;9,136780995
321,557;12,80115612;4,131316644;9,904093959
322,148;12,08181698;5,902004576;7,405345486
322,738;14,57967071;4,552878935;5,369538327
323,329;15,75626478;7,861452012;13,75754071
323,920;12,02865748;3,516525871;16,42966989
324,511;5,944986297;2,114285762;3,866666831
325,102;4,486586702;4,627302927;3,182579799
325,692;4,71899465;1,433296314;-5,468577856
326,283;11,55665704;-8,818513879;-9,914738029
326,874;13,0764503;6,3672054;-5,734845081
327,464;15,38615504;12,54685374;4,754389382
328,055;15,25270805;12,15340246;1,692473888
328,645;11,41159551;15,6570371;-5,219012267
329,236;14,41860436;19,18319315;-11,21146717
329,826;12,59127655;16,33424292;-7,810203844
330,417;8,443215714;11,6500992;-5,447316054
331,007;9,031100691;-0,49077326;-5,57518603
331,597;8,485477761;3,962746158;0,456537446
332,188;14,86017622;-6,803262402;-7,36025466
332,778;13,40146573;-11,49299378;-15,95884324
333,368;12,84240482;1,381909155;-8,333333839
333,958;15,41251171;-8,54973088;-16,6340035
334,548;16,83531039;-5,858045497;-16,06708743
335,139;25,80904783;-1,471940995;-14,69641254
335,729;30,2403303;-1,247978568;-14,53663044
336,319;29,84169691;8,377937858;-8,517570522
336,909;27,36892753;15,20412851;0,164242312
337,499;23,71721689;28,07250307;17,06454451
338,089;26,88535206;28,27570003;18,34862459
338,679;24,50046104;9,06344356;7,971181713
339,269;27,30610321;11,65657904;6,971531783
339,858;22,65624865;10,65471153;5,692242679
340,448;18,61427185;8,11507069;5,410047741
341,038;18,88579359;5,123258477;-5,894962817
341,628;14,87315207;-3,655635261;-13,15163183
342,218;15,95968052;-7,093277351;-28,76355937
342,807;13,09853;-22,97577979;-45,6516729
343,397;8,363363348;-20,63983495;-40,45407784
343,986;4,19859533;-11,62146024;-33,14194954
344,576;3,148652863;-10,10608636;-29,49934958
345,166;7,39539908;-9,536493913;-22,71354832
345,755;5,292222844;-11,30820333;-21,71365109
346,345;-1,690741901;-14,20413975;-30,2997848
346,934;0,945743927;-15,03853689;-39,16472539
347,523;-8,138279204;-10,12290937;-26,51075605
348,113;-10,85714263;-6,821236682;-20,95094162
348,702;-10,68391877;-11,94869042;-20,92778011
349,292;-7,636299014;-23,45920508;-27,92017155
349,881;-13,10370711;-29,14606818;-30,89887701
350,470;-26,73692942;-26,3291134;-38,18181741
351,059;-25,33243289;-24,93112915;-41,23966943
351,648;-16,54984338;-22,47011998;-34,20982765
352,238;-11,69941723;-13,72251774;-7,480414804
352,827;0,547008502;-23,61707501;-20,6870424
353,416;5,648779438;-25,01956718;-18,67988525
354,005;8,237489173;-15,27440538;-15,39582361
354,594;1,514059176;-2,936261994;-14,46646022
355,183;3,618110754;3,448885773;0,919702925
355,772;12,71230987;-2,496580207;2,034883885
356,361;16,00330421;-1,057309232;5,056696302
356,949;18,58589492;4,720056913;16,76825012
357,538;16,10429608;0,808913305;5,555555737
358,127;11,12792104;5,079961908;10,28535565
358,716;7,511505883;5,12628897;2,555671981
359,304;9,456139737;2,643732863;0,637043742
359,893;12,49812844;3,075596703;0,948548426
360,482;14,61798894;-0,499219925;-9,781590781
361,070;13,06040006;0,032701549;-12,08306052
361,659;7,801848266;-6,632852343;-31,50604988
362,247;-4,175928706;-10,75586716;-33,52430173
362,836;2,98742216;-2,310114741;-31,55407678
363,424;2,575622388;2,065988024;-24,94603789
364,013;3,978697532;-7,788572624;-24,78182179
364,601;1,740020412;-5,634448773;-29,76027025
365,190;4,401486542;-5,468500221;-24,5283011
365,778;6,717240949;-5,656435542;-24,23268563
366,366;2,75563931;-0,930363993;-15,63292896
366,955;6,128133378;2,943091607;-4,5578849
367,543;13,21282581;6,301546458;-9,561855918
368,131;7,725322123;5,449982086;-3,4420943
368,719;7,644073101;-0,68850907;-4,867046741
369,307;3,355704575;4,326572663;-0,166406864
369,895;5,377456148;3,504742855;4,15376896
370,483;5,927075497;2,870253446;2,2944032
371,071;4,674709;3,778588055;-0,903215107
371,659;6,913499241;3,105875308;0,152998852
372,247;5,217391172;2,952768975;0,58120118
372,835;3,103544521;1,408282519;-0,895095086
373,423;4,0071112;1,222634346;-1,750352592
374,011;2,895785011;2,675585419;-2,358974344
374,599;3,64079438;1,996653201;-2,761086105
375,186;2,078388267;1,251885803;-2,68031977
375,774;2,411502561;0,291990946;-3,484427223
376,362;2,267348307;-0,273224133;-2,437060906
376,950;2,003707975;-1,271260789;-4,282833659
377,537;2,195258436;-0,827791985;-4,16803962
378,125;2,727287854;0,053610932;-3,159587806
378,712;2,675730472;0,09660771;-2,814291585
379,300;2,354960962;-0,459176721;-2,861601607
379,887;2,578974998;-0,299621201;-2,9184252
380,475;2,222006841;0,047959757;-2,97772694
381,062;1,98385701;0,123147651;-2,66135745
381,650;2,23297075;0,46209898;-2,047908992
382,237;1,815030625;0,698196688;-1,068544837
382,824;1,582660787;0,399123295;-1,034721473
383,411;1,079036493;-0,122866469;-1,05488039
383,999;1,029122945;-0,552915068;-1,118420403
384,586;1,226982207;-0,158216968;-0,55425071
385,173;1,090804986;-0,400545106;-0,803871892
385,760;1,34495376;-0,475732484;-0,696424186
386,347;0,943802621;-0,298440134;-0,621013085
386,934;0,60723213;-0,291924446;-0,346376752
387,521;0,700900772;-0,05929769;-0,41861381
388,108;0,820215442;-0,058303726;-0,355122186
388,695;0,915883344;-0,026282389;-0,257191717
389,282;0,694929127;0,188515584;0,155992209
389,869;0,911513548;0,159394452;0,02865515
390,456;0,92025633;0,442301118;0,256916167
391,043;1,010489518;0,53417255;0,56853815
391,630;1,200244483;0,578646983;0,698325719
392,216;1,217208918;0,620384022;0,172525823
392,803;1,203144567;0,553798824;0,164898414
393,390;1,211435028;0,802491759;0,345215971
393,976;1,216169174;0,854817187;0,562867988
394,563;1,393109086;0,890222495;0,517947696
395,149;1,318851318;0,794436075;0,61683522
395,736;1,202798824;0,749764239;0,649354217
396,322;0,934667375;0,673696989;0,526009592
396,909;0,889128889;0,469707336;0,33752838
397,495;0,927768885;0,526592209;0,652291957
398,082;0,876252854;0,60336827;0,577485298
398,668;0,863263505;0,564746907;0,465249534
399,254;0,753139727;0,615933158;0,339042376
399,841;0,804330876;0,463479867;0,090512431
400,427;0,674631599;0,497070408;-0,057107308
401,013;0,869772259;0,540271715;-0,06765832
401,599;0,935363593;0,623757723;-0,104123334
402,185;0,955585926;0,79242023;-0,018239042
402,771;0,901483087;0,818693984;-0,125827856
403,357;0,95142559;0,729831942;-0,124351429
403,943;0,948179984;0,608533858;-0,173913658
404,529;1,105265651;0,629800247;-0,113285198
405,115;1,092441398;0,743130733;-0,077225406
405,701;1,240950387;0,77443857;0,013730037
406,287;1,088657101;0,727895616;-0,093411065
406,873;1,244927248;0,686155111;0,036758408
407,459;1,152817577;0,658971262;0,035221954
408,044;1,128549077;0,63554155;0,223786687
408,630;1,120828656;0,582450817;0,298724822
409,216;1,255736405;0,635923338;0,220713559
409,802;1,387480184;0,634579438;0,218913413
410,387;1,403194573;0,667276252;0,402961793
410,973;1,289687372;0,703877721;0,458609028
411,558;1,360206154;0,824437605;0,582831573
412,144;1,283920084;0,856987581;0,463837912
412,729;1,322235784;0,845172385;0,50030641
413,315;1,461206751;0,837742118;0,477334123
413,900;1,428435189;0,964319106;0,559566743
414,485;1,326519955;0,90924453;0,627253371
415,071;1,117402058;0,960348881;0,665758387
415,656;1,09071774;0,837603885;0,519554076
416,241;0,994152588;0,841173081;0,493110798
416,827;0,952344929;0,718335933;0,529328939
417,412;0,879063927;0,750042138;0,59437307
417,997;1,017399818;0,796658063;0,665859333
418,582;0,998103415;0,858723718;0,568827642
419,167;1,074988134;0,88181484;0,618363692
419,752;1,03029526;1,030586606;0,613921037
420,337;1,094308995;0,978455986;0,523032026
420,922;1,048625093;1,17249686;0,671552323
421,507;1,191977041;1,234561408;0,652565219
422,092;1,193197588;1,274390482;0,652160267
422,677;1,30919043;1,275196446;0,597871317
423,261;1,186025686;1,259839296;0,538581345
423,846;1,072273724;1,220533698;0,667249574
424,431;1,02614843;1,002351434;0,555694221
425,016;1,042653683;0,945001169;0,601601984
425,600;1,055014151;0,89616761;0,659675399
426,185;1,09761371;0,873278166;0,553824225
426,770;1,016336437;0,846494571;0,574019979
427,354;1,087975084;0,907116944;0,637702879
427,939;1,132268556;0,896382945;0,652213782
428,523;1,196329331;0,897755507;0,574895517
429,108;1,379430834;0,867952172;0,537105936
429,692;1,376220869;0,957197046;0,452047615
430,276;1,420560974;0,96158986;0,53784753
430,861;1,409525537;0,966104453;0,500219226
431,445;1,445882983;0,765734149;0,497091782
432,029;1,587578836;0,611302757;0,493763909
432,613;1,534145303;0,56565263;0,414074045
433,198;1,482882272;0,563343836;0,388425376
433,782;1,504577287;0,544281311;0,44770815
434,366;1,491333909;0,583267652;0,403850729
434,950;1,559242707;0,61655922;0,461241097
435,534;1,571802382;0,573671245;0,41239912
436,118;1,63095246;0,621693049;0,463292011
436,702;1,649840774;0,794637796;0,551894891
437,286;1,662415668;0,934094887;0,613885752
437,870;1,734988062;0,904461586;0,642037472
438,454;1,757860166;0,929045986;0,632604953
439,038;1,679738501;1,053873047;0,719737248
439,621;1,586209639;0,996447946;0,681203909
440,205;1,535894938;1,111658671;0,686065071
440,789;1,584724573;1,11188278;0,663997735
441,372;1,560203108;1,141261402;0,636157341
441,956;1,579692695;1,096097437;0,549284776
442,540;1,526348408;1,057559317;0,488198189
443,123;1,485787891;1,155390208;0,529647356
443,707;1,467123794;1,122812723;0,591017183
444,290;1,541553901;1,083094258;0,539851148
444,874;1,583664264;1,088909588;0,56628653
445,457;1,643025144;1,088488173;0,56676629
446,040;1,609515929;1,134903342;0,550900353
446,624;1,681381576;1,124820602;0,598437682
447,207;1,613054994;1,123730765;0,675646098
447,790;1,64732418;1,141523076;0,737201992
448,374;1,630751773;1,094908399;0,720622458
448,957;1,642306427;1,156657411;0,715236901
449,540;1,571097172;1,079766648;0,680303917
450,123;1,571265365;1,119509192;0,684930528
450,706;1,495822678;1,075225526;0,722955911
451,289;1,498812252;1,031338426;0,748853444
451,872;1,449984634;0,972749741;0,687687482
452,455;1,463407352;0,994733754;0,673804094
453,038;1,443822146;0,985542821;0,623410741
453,621;1,444197215;0,975575202;0,589212719
454,204;1,462462357;0,896139632;0,583790543
454,787;1,454337923;0,953274332;0,620921055
455,369;1,477039707;0,938213274;0,608245803
455,952;1,541561159;0,958637933;0,581939844
456,535;1,562036005;0,962105435;0,591805392
457,117;1,537471502;1,05130686;0,642198257
457,700;1,606848106;1,086209167;0,649024366
458,283;1,587525079;1,072235814;0,640964864
458,865;1,637878437;1,090072586;0,694783276
459,448;1,698199794;1,103383794;0,67589723
460,030;1,742458947;1,088476147;0,662197933
460,613;1,730348499;1,159694135;0,708930849
461,195;1,702363075;1,163170203;0,686224081
461,777;1,697008932;1,166540256;0,680509639
462,360;1,726526981;1,132561365;0,6505404
462,942;1,694922883;1,10954109;0,63141755
463,524;1,700942179;1,141076497;0,670726606
464,107;1,704883647;1,162743915;0,678521014
464,689;1,586965399;1,189023009;0,699144189
465,271;1,574109893;1,149502231;0,734377157
465,853;1,556639791;1,122088587;0,717038805
466,435;1,571565907;1,110354065;0,757881029
467,017;1,584071363;1,198301476;0,818048952
467,599;1,54486147;1,190064538;0,851618345
468,181;1,525369597;1,124512771;0,83983133
468,763;1,508377018;1,112432733;0,815688241
469,345;1,506376778;1,058332315;0,780073868
469,927;1,538056543;1,02353148;0,738386259
470,508;1,565438005;1,098550961;0,722040179
471,090;1,538309032;1,059133589;0,699739368
471,672;1,499247581;1,042604816;0,64806118
472,254;1,468812878;0,949814181;0,561131906
472,835;1,512786761;0,931617231;0,51596532
473,417;1,505395619;0,970500422;0,528919431
473,998;1,522912365;0,897296061;0,523414953
474,580;1,477799607;0,927507738;0,519126133
475,161;1,493742307;0,987070282;0,545209844
475,743;1,535891057;0,946106651;0,541886029
476,324;1,586671672;0,92317747;0,543830496
476,906;1,617852774;0,919339799;0,606463201
477,487;1,618898231;0,956632063;0,640168357
478,068;1,613921138;0,963445105;0,642562597
478,650;1,595572799;0,960893187;0,657051017
479,231;1,600097032;1,009114254;0,676697021
479,812;1,643790403;0,955519816;0,639768582
480,393;1,62066547;0,916639803;0,65269547
480,974;1,598932442;0,919851461;0,663932033
481,555;1,608070865;1,007569514;0,710066111
482,136;1,576230752;1,003191712;0,735190665
482,717;1,596894057;1,027796661;0,725748026
483,298;1,597834017;1,049056433;0,785622777
483,879;1,637117655;1,075350652;0,769956735
484,460;1,642012925;1,040449652;0,747054061
485,041;1,614269087;1,106961682;0,821096915
485,622;1,61629061;1,108379606;0,767215647
486,203;1,614487212;1,105363782;0,754687388
486,783;1,575323285;1,06176068;0,760638661
487,364;1,628278005;1,047726271;0,705213162
487,945;1,559026692;1,058606429;0,726812991
488,525;1,572834277;1,072271357;0,693232767
489,106;1,617707036;1,080361719;0,757060035
489,686;1,652297866;1,151786492;0,804783836
490,267;1,671752268;1,17254191;0,7744317
490,847;1,696025437;1,196187867;0,841491854
491,428;1,71990416;1,22957392;0,871059865
492,008;1,766723571;1,221158299;0,827538031
492,589;1,804815164;1,288837979;0,867820045
493,169;1,921220442;1,298509401;0,893456022
493,749;1,968426994;1,327922137;0,922537644
494,329;1,991430927;1,335275061;0,887996653
494,910;1,982319193;1,355007645;0,924052709
495,490;2,037619804;1,351936328;0,951041358
496,070;2,116441016;1,444816192;1,044438558
496,650;2,129129123;1,523896872;1,098779092
497,230;2,179778765;1,616173253;1,202277532
497,810;2,198178407;1,694628852;1,233603185
498,390;2,25421351;1,707618993;1,203459259
498,970;2,32603643;1,762018429;1,269457304
499,550;2,376741223;1,871621573;1,376076179
500,130;2,484257386;1,96702557;1,397502849
500,709;2,556454691;2,019993334;1,443116535
501,289;2,585548106;2,071144367;1,405718593
501,869;2,6716869;2,143747981;1,43520777
502,449;2,781302924;2,197210582;1,438506771
503,028;2,912486743;2,283879329;1,4935788
503,608;3,022890666;2,457489997;1,676432987
504,188;3,057476107;2,536432342;1,739354083
504,767;3,114447246;2,606080923;1,754823749
505,347;3,226221052;2,731837918;1,852192907
505,926;3,310763275;2,874649318;1,992640407
506,505;3,432039058;2,943854458;2,125354696
507,085;3,525605209;3,05277134;2,269145341
507,664;3,550464378;3,206107016;2,384243596
508,243;3,652916382;3,212193745;2,503363279
508,823;3,711406482;3,269487146;2,513242377
509,402;3,816630707;3,401003979;2,591029476
509,981;3,963209583;3,490038646;2,670939459
510,560;3,998386438;3,589260445;2,74804743
511,139;4,094427957;3,688666145;2,812626394
511,719;4,191503564;3,806216659;2,924097795
512,298;4,289081841;3,909034735;2,996193921
512,877;4,401467385;4,020590588;3,117481018
513,456;4,462411799;4,23118771;3,214507291
514,034;4,525824048;4,386057988;3,366297594
514,613;4,588290218;4,549640825;3,526984431
515,192;4,654191984;4,698569744;3,705310959
515,771;4,797041807;4,827704817;3,881304464
516,350;4,824094964;4,959500635;4,052131786
516,928;4,90146935;5,096569427;4,134027807
517,507;5,007843385;5,222254304;4,239134758
518,086;5,129234625;5,32809364;4,35373697
518,664;5,229352285;5,46168659;4,44611866
519,243;5,300995111;5,519355087;4,568592274
519,821;5,378374597;5,554513013;4,674954984
520,400;5,408326806;5,654445355;4,786508059
520,978;5,470861616;5,72736321;4,8722074
521,557;5,54900444;5,92283781;4,966893886
522,135;5,504775618;6,099794941;5,059386525
522,714;5,507261577;6,229854708;5,123968743
523,292;5,536060473;6,363801672;5,160523788
523,870;5,586781918;6,48817104;5,255019391
524,448;5,669951008;6,642627593;5,360121995
525,026;5,696221891;6,845543341;5,50434892
525,605;5,838554588;7,073041687;5,654234625
526,183;5,80031612;7,229485821;5,737879784
526,761;5,908870199;7,341671947;5,902094448
527,339;6,002979374;7,417271265;5,996786917
527,917;6,064218646;7,507171013;6,116251956
528,495;6,08960552;7,548437021;6,230259041
529,073;6,134469587;7,591693706;6,349494898
529,650;6,142277958;7,655361606;6,425398738
530,228;6,170766788;7,690119749;6,425061732
530,806;6,135350294;7,66417197;6,438617777
531,384;6,227054622;7,703878752;6,518951458
531,962;6,2596328;7,786546922;6,502579515
532,539;6,326761892;7,849979418;6,600049864
533,117;6,3088658;7,906235246;6,708988794
533,694;6,364580605;7,996451617;6,845070203
534,272;6,366192163;8,059976359;6,883757579
534,849;6,40913304;8,193313082;6,983809009
535,427;6,490396669;8,229236898;7,091996187
536,004;6,504334734;8,282760834;7,13242748
536,582;6,531006045;8,306630142;7,186524966
537,159;6,458316846;8,292064779;7,268148617
537,736;6,508341534;8,315583495;7,329007335
538,314;6,554691712;8,312416533;7,357841834
538,891;6,592785163;8,38772485;7,396601507
539,468;6,627107983;8,460555142;7,482397187
540,045;6,675399381;8,495430699;7,522489266
540,622;6,6954776;8,559146207;7,49886101
541,199;6,720425701;8,607892326;7,532614735
541,776;6,79419511;8,696857712;7,605453743
542,353;6,863171729;8,732339787;7,568770307
542,930;6,839667527;8,788188206;7,639058797
543,507;6,898585328;8,922536797;7,68391572
544,084;6,904977539;8,931340166;7,728964524
544,661;6,904873862;8,958195169;7,768406254
545,238;6,876987515;8,938876497;7,820184568
545,815;6,833908576;8,929350011;7,836106607
546,391;6,826545974;8,996040726;7,927885825
546,968;6,791965699;9,01247179;7,955480444
547,545;6,802661946;9,033759642;7,997373072
548,121;6,863639449;9,002704378;7,993527586
548,698;6,838113591;8,969876818;8,082367794
549,274;6,833725284;9,021983997;8,105035733
549,851;6,805220222;9,027643744;8,120816592
550,427;6,84577835;9,036322566;8,073630567
551,004;6,886851618;9,007451341;8,079765612
551,580;6,918944066;8,98382127;8,050369503
552,156;6,98285545;8,988635348;8,030705302
552,732;6,954147168;9,00064235;8,073585734
553,309;6,880347984;9,036041593;8,125946666
553,885;6,944515457;9,036084271;8,098790103
554,461;6,940562199;9,01917363;8,130348718
555,037;6,951130326;8,996600698;8,110222573
555,613;6,941564083;8,994361426;8,131648815
556,189;6,993225085;9,044985124;8,183630494
556,765;6,941797007;9,025635058;8,23270893
557,341;6,839278432;9,043460596;8,274892401
557,917;6,875830847;9,033298493;8,276351029
558,493;6,956528902;9,061437829;8,342905019
559,069;6,869712417;9,05320732;8,281660229
559,645;6,879867762;9,019046475;8,228848245
560,220;6,887329592;9,058208773;8,240107862
560,796;6,849188459;9,101375741;8,280219348
561,372;6,754169598;9,078469602;8,320795977
561,948;6,779237487;9,077815068;8,261659502
562,523;6,767921689;9,076150812;8,213446075
563,099;6,7635869;9,019681975;8,21968089
563,674;6,681989137;8,986055557;8,145497538
564,250;6,696422132;8,988289337;8,177850841
564,825;6,655896549;9,037105186;8,201853992
565,400;6,632523604;9,027514644;8,217599331
565,976;6,605601779;8,982411941;8,1655834
566,551;6,611010915;8,968504537;8,090589784
567,126;6,57656827;8,890733036;8,070487149
567,702;6,517362084;8,817099095;8,089951883
568,277;6,458100924;8,906074554;8,123908412
568,852;6,448210784;8,914627492;8,078392344
569,427;6,436215413;8,892579915;8,121756948
570,002;6,409820397;8,834944239;8,073049496
570,577;6,441567812;8,801753325;8,066321326
571,152;6,462384763;8,77625574;8,085620467
571,727;6,486758764;8,76560258;8,133578197
572,302;6,473362669;8,837551415;8,18286228
572,877;6,524012246;8,853228155;8,138924845
573,452;6,523712198;8,773724417;8,073101655
574,026;6,528384955;8,728211446;8,04059828
574,601;6,551707294;8,722321062;7,992048432
575,176;6,541970953;8,686664737;7,996848754
575,751;6,473406749;8,673517982;7,99263509
576,325;6,433702574;8,689906545;7,987718174
576,900;6,421445137;8,70638368;7,94261181
577,474;6,415783189;8,646951437;7,927308881
578,049;6,372665027;8,647264012;7,922930145
578,623;6,425354668;8,622621078;7,952571484
579,198;6,420969132;8,641221097;7,944005031
579,772;6,441676926;8,615306916;7,940014027
580,346;6,4704108;8,640952591;7,970585302
580,921;6,532412709;8,648684058;7,970466926
581,495;6,542032487;8,588591725;7,940457663
582,069;6,534606479;8,563260498;7,932626591
582,643;6,580941876;8,619314904;7,909616913
583,218;6,670923481;8,638218549;7,940026451
583,792;6,665953036;8,679655435;7,942779783
584,366;6,685424768;8,709702565;7,968773094
584,940;6,680139703;8,712278428;7,909840426
585,514;6,716168437;8,706187188;7,846085357
586,088;6,643415841;8,686633648;7,828450848
586,662;6,688304441;8,730881075;7,795181232
587,235;6,748283184;8,745655362;7,800672612
587,809;6,826025318;8,733369201;7,855488095
588,383;6,810696136;8,726532884;7,804521919
588,957;6,853759736;8,772488125;7,857438953
589,530;6,89764307;8,703987515;7,908526817
590,104;6,893271806;8,738661509;7,971024137
590,678;6,886511137;8,746808059;8,050451062
591,251;7,00845628;8,711593218;8,02949567
591,825;7,034991365;8,72668022;8,103237545
592,398;7,063762084;8,724412518;8,161302168
592,972;7,078268191;8,721830044;8,138880599
593,545;7,136059486;8,667285557;8,163160705
594,118;7,17122055;8,646668716;8,151914263
594,692;7,20958057;8,643866284;8,195899323
595,265;7,265640517;8,631926823;8,180811217
595,838;7,330598291;8,601947312;8,194503311
596,411;7,351891461;8,642850665;8,225618633
596,985;7,422687262;8,629648978;8,233112346
597,558;7,443650891;8,614552761;8,23296981
598,131;7,411058755;8,614981163;8,259449379
598,704;7,483479109;8,697777447;8,359314239
599,277;7,519275994;8,622528704;8,29767759
599,850;7,604824457;8,705480767;8,267761566
600,423;7,654213884;8,722378212;8,327373371
600,996;7,6875181;8,718790606;8,330155785
601,568;7,751598535;8,736380434;8,362144285
602,141;7,667419846;8,672527821;8,364801722
602,714;7,62947323;8,750094401;8,353139404
603,287;7,674209734;8,723290702;8,382991164
603,859;7,636674335;8,718942564;8,39899267
604,432;7,593772352;8,768247079;8,434473772
605,004;7,560906897;8,640847806;8,409523333
605,577;7,530922943;8,542940033;8,343331676
606,149;7,583836732;8,558604071;8,336157405
606,722;7,514601496;8,548586498;8,335288971
607,294;7,609020662;8,589403735;8,327824293
607,867;7,563268803;8,567127532;8,347684918
608,439;7,569945106;8,564442423;8,271611131
609,011;7,56113592;8,456912292;8,193215891
609,584;7,523715793;8,355211319;8,163398969
610,156;7,471297051;8,421158932;8,114032875
610,728;7,408526407;8,493931945;8,11688061
611,300;7,3077013;8,550427376;8,084132105
611,872;7,33179948;8,468220403;8,014103698
612,444;7,247054694;8,431416663;7,982857749
613,016;7,352924741;8,351478101;7,942511859
613,588;7,282235739;8,408565465;7,906528119
614,160;7,217524132;8,392658728;7,866418601
614,732;7,260736011;8,470955693;7,85866726
615,304;7,249228038;8,469070388;7,869283455
615,876;7,299973315;8,413341177;7,886993018
616,447;7,442510574;8,330686801;7,818363281
617,019;7,378955387;8,355989056;7,744211798
617,591;7,47731386;8,311529507;7,716814225
618,162;7,432831417;8,359265091;7,672870204
618,734;7,421911668;8,246670965;7,696471558
619,305;7,448419888;8,28318595;7,653147473
619,877;7,397961415;8,300349779;7,666984705
620,448;7,363127458;8,141184336;7,536826812
621,020;7,387905252;8,128053751;7,410366258
621,591;7,305737928;8,187608567;7,406496749
622,162;7,370316312;8,244854348;7,484701957
622,734;7,282408877;8,32814541;7,480599478
623,305;7,225479675;8,255302709;7,430453126
623,876;7,303184569;8,200788692;7,370395888
624,447;7,291095184;8,123768834;7,423729871
625,019;7,380423643;8,025656983;7,32257396
625,590;7,457334665;8,218273327;7,441735417
626,161;7,400928018;8,253122885;7,536368058
626,732;7,34705845;8,171378935;7,625491381
627,303;7,334517035;8,079305873;7,583101373
627,874;7,449384921;8,0467707;7,586304251
628,444;7,578499052;8,049657578;7,610036179
629,015;7,600657243;8,093083746;7,627733307
629,586;7,62348093;8,205538169;7,572411428
630,157;7,63665967;8,218913063;7,673219871
630,727;7,71492276;8,07829826;7,697844354
631,298;7,82073988;8,097461294;7,661264403
631,869;7,800202298;8,141968784;7,622097436
632,439;7,908409369;8,170782157;7,691003617
633,010;7,870839259;8,130898826;7,650357237
633,580;7,902761595;8,170543851;7,734942489
634,151;7,900345585;8,217768808;7,807694819
634,721;8,02318207;8,098816602;7,833093711
635,292;8,046361861;8,091567149;7,82862952
635,862;8,010218969;8,147981867;7,818228674
636,432;8,002040381;8,131250341;7,952976162
637,002;8,160300836;8,155294077;7,947556903
637,573;8,142800366;8,140373089;7,967273414
638,143;8,195093517;8,098052365;8,015496404
638,713;8,221636831;8,02524218;8,009623191
639,283;8,307987291;7,936288619;8,033235537
639,853;8,213974008;7,906160898;8,099655098
640,423;8,273738436;7,839248196;8,088584851
640,993;8,321406259;7,797436347;8,154701437
641,563;8,442869964;7,744857833;8,087847961
642,133;8,5008179;7,68205005;8,103116562
642,703;8,657354347;7,554031261;8,058373811
643,272;8,641119108;7,527388278;8,005579267
643,842;8,668011157;7,533479622;7,972464603
644,412;8,621000164;7,614803572;7,900269326
644,981;8,790823162;7,633620083;7,879532167
645,551;8,880615616;7,63948867;7,778432102
646,121;8,957640731;7,669543171;7,727657036
646,690;8,989438622;7,596594937;7,685964148
647,260;8,968101318;7,549031575;7,656741362
647,829;8,858479825;7,666637315;7,647085484
648,398;8,917968597;7,714215303;7,606237879
648,968;8,879078513;7,704134064;7,459134116
649,537;8,987215866;7,655716773;7,41194925
650,106;9,058476879;7,697245939;7,328770992
650,676;9,000789157;7,643945612;7,375602443
651,245;8,981712808;7,558083384;7,35526996
651,814;8,931583596;7,532042775;7,248277529
652,383;8,948850034;7,487236649;7,198897481
652,952;8,842733436;7,365234851;7,122137276
653,521;8,885621368;7,293316156;7,141959828
654,090;8,993587097;7,270762841;7,299977274
654,659;9,014033285;7,177233134;7,28400483
655,228;8,948286754;7,203564735;7,256634575
655,797;8,927673985;7,193725413;7,102816477
656,365;8,895582398;7,145249621;7,018443014
656,934;8,892235147;7,112249551;7,012611013
657,503;8,806781838;7,068416449;6,947668702
658,072;8,912928378;7,090986519;6,934840153
658,640;8,928620451;7,005135849;6,808886226
659,209;8,833074843;6,87418398;6,63002011
659,777;8,803325142;6,796411292;6,61461126
660,346;8,614638345;6,587737191;6,492823676
660,914;8,512150776;6,433177203;6,487018404
661,483;8,393194706;6,348086054;6,345803083
662,051;8,334633823;6,233672226;6,261032164
662,619;8,227785399;6,078782442;6,170403363
663,188;8,186950404;6,008840542;6,011318411
663,756;8,133679845;5,896931071;5,966758124
664,324;7,945522684;5,698412632;5,856105
664,892;7,844100269;5,631818148;5,651643519
665,460;7,938992649;5,45958354;5,510142765
666,028;7,873391879;5,414015981;5,37932434
666,596;7,843231646;5,273279348;5,308648824
667,164;7,722919698;5,209585665;5,255667549
667,732;7,70290454;5,096109064;5,117430194
668,300;7,574414707;4,929009133;4,970636965
668,868;7,448380927;4,807470937;4,925620391
669,436;7,438884608;4,801330332;4,874543675
670,004;7,363227389;4,657539205;4,763622641
670,571;7,119204875;4,684077503;4,678806276
671,139;7,045410171;4,700587606;4,657326807
671,707;6,908149387;4,730066452;4,560168572
672,274;6,885233504;4,682015026;4,447668276
672,842;6,7523548;4,620636993;4,434840961
673,409;6,668102218;4,572147301;4,447581801
673,977;6,519823292;4,596997256;4,433307366
674,544;6,427399423;4,674688959;4,41397974
675,112;6,281794821;4,662137988;4,472164057
675,679;6,383796561;4,678062407;4,600816809
676,246;6,262252908;4,638674584;4,610232226
676,814;6,349856;4,454974672;4,591250894
677,381;6,192445135;4,420540021;4,608819292
677,948;6,240334929;4,473971163;4,642094329
678,515;6,302636405;4,543439838;4,698283895
679,082;6,360826207;4,517524864;4,665364149
679,649;6,461286303;4,587675121;4,689565424
680,216;6,510486255;4,670102406;4,7086634
680,783;6,406784011;4,619136057;4,671160581
681,350;6,533977254;4,736722509;4,604867895
681,917;6,584775852;4,943393302;4,719746633
682,484;6,829933616;5,005688039;4,752660338
683,051;6,968657335;5,090757108;4,816854007
683,617;7,036595264;5,082595617;4,849737256
684,184;7,133421257;5,19458937;5,014906895
684,751;7,258567745;5,265854686;5,156063775
685,317;7,396592072;5,422877112;5,296927229
685,884;7,675256024;5,749157935;5,462818431
686,450;7,900974484;5,928880387;5,767194184
687,017;8,178983575;6,091312192;5,967234162
687,583;8,401652229;6,436502117;6,229809534
688,150;8,537470762;6,749373261;6,376818627
688,716;8,803262595;7,171257455;6,747730275
689,282;9,097377752;7,557271724;6,878368725
689,849;9,336177007;7,821343824;7,276041904
690,415;9,633624814;8,042567942;7,483072944
690,981;9,90020193;8,20095685;7,779370849
691,547;10,10158639;8,388676967;8,109456128
692,113;10,2207778;8,641094172;8,237438449
692,679;10,27066902;8,961383757;8,552098061
693,245;10,55692101;9,132657255;8,823094367
693,811;10,78888545;9,341215869;9,070712512
694,377;10,94144699;9,493474475;9,326320289
694,943;11,15803576;9,704824756;9,379749834
695,509;11,34776062;9,969467057;9,756797541
696,074;11,41152527;10,07688693;9,838028254
696,640;11,58352502;10,25545142;9,87824769
697,206;11,76831261;10,49246804;10,13697952
697,771;11,98938156;10,60047263;10,13867572
698,337;12,08381598;10,7807018;10,25221073
698,903;12,19466059;10,89240793;10,23630179
699,468;12,2569115;10,9295387;10,27357292
700,034;12,24334628;10,85896343;10,29157263
700,599;12,25500325;10,94252025;10,12195725
701,164;12,40019548;10,98995336;10,20457835
701,730;12,41516323;10,98526489;10,31641398
702,295;12,44376136;11,07876821;10,42327728
702,860;12,43870525;10,97320475;10,44868803
703,426;12,37683202;11,10791175;10,58958537
703,991;12,31775647;11,06372721;10,63776749
704,556;12,46724474;11,17552429;10,83858129
705,121;12,33689313;11,46081185;10,90534693
705,686;12,31618893;11,39951153;10,93885729
706,251;12,28101642;11,56610396;10,92481434
706,816;12,21963676;11,52276641;10,99581415
707,381;12,25879549;11,35498543;10,87636029
707,946;12,2135856;11,39833829;10,93010457
708,510;12,21618054;11,29757142;10,79101714
709,075;12,13590932;11,36902868;10,76282212
709,640;11,94288724;11,27443154;10,74425995
710,205;12,15166502;11,17495919;10,65264455
710,769;12,24961348;11,23632835;10,64840149
711,334;12,22974662;11,17862569;10,69241269
711,898;12,17308508;11,3174797;10,47919859
712,463;12,00542842;11,42575609;10,4829009
713,027;12,02453748;11,48339528;10,40020543
713,592;12,21084785;11,31041649;10,34080039
714,156;12,244023;11,29864594;10,2884652
714,720;12,35891795;11,30919035;10,10758631
715,285;12,26920903;11,04509215;10,15657058
715,849;11,96160384;10,91507904;10,11473042
716,413;11,90573995;10,8854837;9,997079216
716,977;11,81650462;10,91704242;9,988478129
717,541;11,84268797;10,7461142;10,02989125
718,105;11,92409331;10,58167313;9,952178749
718,669;11,63799266;10,84068364;10,12302211
719,233;11,71836556;10,72704089;10,00131618
719,797;11,50598522;10,74400962;10,09744299
720,361;11,53539368;10,75523956;9,875822304
720,925;11,77015905;10,68251635;9,795189883
721,489;11,58821313;10,57011972;9,953105271
722,053;11,81531588;10,43093153;9,758075232
722,616;11,71805024;10,62087843;9,66264739
723,180;11,66512318;10,63569822;9,826219814
723,744;11,67252071;10,57595115;9,631717603
724,307;11,60261787;10,38156584;9,763670441
724,871;11,62107091;10,41509078;9,502819879
725,434;11,52171614;10,46729947;9,612201855
725,998;11,35244353;10,43334733;9,671567205
726,561;11,68696467;10,39844711;9,522292432
727,124;11,59812709;10,24029913;9,772165184
727,688;11,69128193;10,42077593;9,791665526
728,251;11,58013039;10,47656167;9,635354435
728,814;11,63221544;10,20178669;9,717022156
729,377;11,57312301;10,68484627;9,800249438
729,940;11,6070325;10,63286349;9,815519451
730,503;11,80902732;10,75569162;9,867440829
731,067;12,09089721;10,95556287;9,823667979
731,630;11,99624997;11,09164895;9,89295
732,192;12,18328148;11,40207475;9,886440417
732,755;12,13654516;11,05944163;9,75907663
733,318;12,36558388;11,00894459;9,772618826
733,881;12,44672222;11,35077097;9,830499522
734,444;12,41892384;11,16834285;9,892994815
735,007;12,43445438;11,33290628;10,03963476
735,569;12,43938951;11,60605564;10,17832085
736,132;12,34537868;11,68385824;10,33160185
736,694;12,18217365;11,73006377;10,20075316
737,257;12,16551454;11,41339087;10,07796723
737,819;12,23995998;11,53560508;10,08748627
738,382;12,29925532;11,47529619;10,32050769
738,944;12,2610855;11,62333265;10,33011145
739,507;12,3277001;11,69023674;10,27990857
740,069;12,34534864;11,48079969;10,21932506
740,631;12,50068213;11,24717817;9,920479283
741,193;12,52647413;11,38630681;10,03132208
741,756;12,93027173;11,16937217;10,07277314
742,318;12,86162318;11,39281821;10,24959394
742,880;12,92078842;11,47548456;10,4938085
743,442;12,89501754;11,51443497;10,26033116
744,004;13,12298647;11,17542325;9,898098572
744,566;13,27322296;10,96394473;9,800136358
745,128;13,73277595;10,92438172;9,675127815
745,690;13,73810218;10,78758988;9,646183566
746,252;13,9171686;10,49176294;9,4313994
746,813;13,86228427;10,61286838;9,418777756
747,375;13,9770057;10,59183031;9,342049203
747,937;14,18593364;10,66156321;9,330832138
748,498;14,24339553;10,66531192;9,114507827
749,060;14,37512308;10,84879977;9,795021959
749,622;14,74595785;10,91815912;9,594541325
750,183;14,56674773;11,37612561;9,895912656
750,745;14,61323758;11,25546044;9,744837362
751,306;14,85226145;11,44995065;10,0504167
751,867;14,9605548;11,64696178;10,3162614
752,429;15,4086349;11,85522215;10,61389086
752,990;15,92166063;11,66858306;10,36547104
753,551;16,05143406;11,87313276;10,92522933
754,112;16,0984589;11,82288932;10,83657508
754,674;15,79988797;12,19132966;11,08651033
755,235;15,96756342;12,11786888;11,00652345
755,796;15,96551898;12,84969003;11,6559374
756,357;16,05454952;12,87085673;11,58442029
756,918;15,88976622;12,91265218;11,66819462
757,479;15,57997143;12,71581085;11,50500273
758,039;15,44065383;12,67106266;11,84262618
758,600;15,56967301;12,37323339;11,85532619
759,161;15,43361903;12,38659694;11,54798878
759,722;15,52439415;12,15052568;11,7298947
760,283;15,36010546;11,79896335;11,59897883
760,843;15,1831946;11,34917345;11,08832139
761,404;14,54259185;10,80942861;10,58696594
761,964;14,92864389;10,80246069;10,35633901
762,525;15,41935928;11,430879;10,76873333
763,085;15,25474572;11,71846596;10,42046122
763,646;15,68002001;12,82504035;10,79651665
764,206;16,1217751;12,83988843;10,88464651
764,766;16,18453113;12,79255359;11,1782654
765,327;16,29981136;12,83022748;11,51893705
765,887;16,67722858;12,51220598;12,17364803
766,447;17,38209018;12,90614641;12,3853298
767,007;17,7274993;13,15059756;12,55985258
767,567;17,56828779;13,27255992;12,73487477
768,127;17,59587605;13,65915014;13,20837942
768,687;17,30429519;13,12618063;12,76308318
769,247;17,37537139;13,13085295;13,08147868
769,807;17,67329685;13,19888007;12,7572942
770,367;17,63826183;13,30137167;12,84093175
770,927;17,90605364;13,48862238;12,45532823
771,487;18,21099652;13,42942017;12,36407683
772,047;18,23528878;13,56487381;12,45332722
772,606;18,72837244;13,39503713;12,39352615
773,166;18,67130102;13,4422866;12,69673243
773,726;19,03117521;13,89167822;13,20591092
774,285;18,92998697;14,13281218;13,17337738
774,845;19,00722288;14,4178462;13,6669843
775,404;19,23167673;14,94684353;14,1658528
775,963;18,752438;14,78578796;14,2321749
776,523;18,10860547;15,20715084;14,4829261
777,082;18,28259446;15,41096689;14,89106015
777,641;18,56655944;15,55637995;14,84465812
778,201;19,03456828;15,10867462;14,34976041
778,760;18,73896971;15,28338542;13,93056213
779,319;19,09649308;14,80136877;13,44339705
779,878;19,06322607;14,48800988;13,01685474
780,437;19,71879866;14,26102648;12,43728343
780,996;20,28063883;14,58626991;12,92782873
781,555;20,84002793;14,4597092;12,68797252
782,114;20,99857145;14,26538509;11,98585298
782,673;21,10740945;14,69479134;11,80882037
783,232;20,83510472;15,51414346;12,47482367
783,790;21,14515551;15,49022434;12,57580184
784,349;21,08486773;16,29889059;13,03295062
784,908;21,31493313;16,83363161;13,01441875
785,466;21,57188252;16,59605866;13,04537833
786,025;21,62515726;16,9733638;13,11846658
786,584;21,81801755;16,82502318;13,44046137
787,142;21,7347608;16,67236515;13,58339016
787,701;21,68235814;16,30170453;13,86473079
788,259;21,80824455;15,75876697;13,54252858
788,817;21,52595491;15,32896374;13,91506992
789,376;21,20936871;15,10492471;13,89196021
789,934;21,27709633;14,82074943;14,16496394
790,492;20,71291838;15,00707359;14,46271748
791,050;21,00916768;14,59534279;13,92906006
791,608;20,49461797;14,8641235;14,13771118
792,167;21,05862175;14,81218245;14,41726022
792,725;20,42871978;14,6238973;14,70774511
793,283;21,00123233;14,48958485;14,58175673
793,841;21,71561781;14,07701187;13,94133083
794,398;22,22222386;13,61285661;13,49523909
794,956;22,5578961;13,95191423;14,07784382
795,514;22,89503531;14,21027448;14,36923547
796,072;22,31435117;14,06059864;14,89234278
796,630;22,26517816;14,08289046;14,68625882
797,187;21,74846082;14,07802405;13,73581404
797,745;22,3653646;14,07179252;12,93162188
798,302;21,85243411;14,48664662;12,76855761
798,860;21,91979262;15,16619131;13,20121914
799,417;22,21565808;15,76059501;13,61317094
799,975;22,28302239;15,14853604;12,8423903
800,532;22,28945858;14,9925242;12,4573586
801,090;22,07751848;15,50800356;12,37107467
801,647;22,270921;15,82241548;12,82499741
802,204;22,21514501;15,94917032;13,3464767
802,761;22,45773057;16,78412085;13,93025425
803,318;22,65269286;16,13294457;13,88898884
803,876;22,6445863;16,1415689;13,8803925
804,433;21,71727558;16,04752046;14,38807299
804,990;22,03638111;15,94826506;15,13683508
805,547;22,22529201;15,69179716;15,23438153
806,104;23,05551771;15,21714228;15,6171268
806,660;22,96593404;15,23223501;15,2487954
807,217;23,64171769;15,37540769;14,94806104
807,774;23,71096365;14,31207485;14,25711302
808,331;24,00026421;15,11202459;14,78915705
808,887;23,90396402;15,5680388;15,19924375
809,444;24,96612547;15,78325559;14,98153687
810,001;24,65298828;16,51872042;14,88011414
810,557;25,02412496;16,73209224;14,60090872
811,114;25,2921841;17,31440604;14,29768243
811,670;25,62122109;16,43619575;13,72790968
812,227;25,99411004;16,39186658;14,43165595
812,783;25,55638224;16,54070334;14,3790163
813,339;25,48651021;16,28902029;13,50262013
813,895;25,61214402;15,31609973;12,98030565
814,452;26,27730897;14,23681638;12,4390821
815,008;26,47159569;13,83966071;12,03892824
815,564;25,42951425;13,36296257;12,42663495
816,120;25,24382222;13,10191774;11,96581129
816,676;25,26930745;12,97613699;12,34537694
817,232;24,26841293;12,25270559;11,81523526
817,788;23,64663469;11,94170755;12,91089868
818,344;22,67361373;11,75029831;13,32971866
818,900;22,8030966;11,76244363;13,51053725
819,456;22,2378581;12,42654012;13,60011118
820,011;22,26543875;13,05934183;14,40933527
820,567;22,59234851;13,69726444;14,38854404
821,123;22,11695844;13,02618068;14,21986735
821,678;22,9233566;13,65855178;14,34130088
822,234;22,72843187;13,91923749;14,66021802
822,789;23,50349489;15,48066559;14,09450254
823,345;24,71914122;15,75752339;13,89594997
823,900;24,46761649;16,0117224;14,07873669
824,456;24,23915562;16,52575612;13,8020709
825,011;23,86425406;16,10491761;12,96611578
825,566;23,53492502;15,66411898;12,48136437
826,121;23,64451872;16,56752096;12,26445281
826,677;23,54469967;16,14054121;12,95688885
827,232;23,19260292;16,56376892;13,08793228
827,787;22,61543092;15,54336043;13,28831865
828,342;22,13058114;14,92382475;14,16936607
828,897;22,61913624;14,1900836;14,11079294
829,452;22,65247562;14,3018195;15,48285744
830,007;22,53178902;14,0442507;14,85661673
830,562;22,66411999;13,7417765;15,00721955
831,116;22,71741287;13,37009774;15,2311078
831,671;22,75519662;13,30081552;14,19034032
832,226;23,17301796;13,7137084;14,75335119
832,781;23,52569277;14,30596636;14,6412049
833,335;23,52272665;14,71634055;14,26905758
833,890;22,91539195;15,89863624;14,42454914
834,444;22,42047752;16,08983524;14,19521826
834,999;22,58582771;16,00595731;14,70616297
835,553;22,70221003;16,59259881;15,02375243
836,107;23,01686891;16,72231907;15,88563499
836,662;22,55282748;17,20293218;15,58083782
837,216;22,27125318;16,82443606;14,8333567
837,770;22,22846686;16,70534858;14,88601165
838,325;21,48283773;17,48578145;14,32621577
838,879;21,47226377;17,33271429;13,97308497
839,433;21,84307343;17,91761846;14,27887751
839,987;22,80685272;18,20697691;14,73643424
840,541;22,7934655;17,76350816;14,71257593
841,095;22,56040715;19,09635277;14,03859763
841,649;23,19995712;18,69185053;14,91102066
842,203;22,90766017;19,29332506;15,95305965
842,756;23,09030117;19,04823816;16,69306299
843,310;23,56755304;19,01267049;17,21392155
843,864;23,27981379;18,6628433;17,0720669
844,417;23,22964903;17,58895045;16,1733979
844,971;21,99022329;17,76829876;15,23438496
845,525;22,87979426;18,86941449;15,31609432
846,078;22,50799668;17,29301307;14,63887083
846,632;21,39970901;18,33880216;14,45297921
847,185;22,31065999;18,20851567;12,75694614
847,738;22,46157255;17,76010902;12,06987709
848,292;22,28007799;17,61123196;11,86331974
848,845;23,74076829;18,14292347;12,52933406
849,398;23,29773193;17,22246304;12,82821231
849,951;23,48299677;17,0129668;13,70733794
850,505;22,35142128;15,91841351;13,6038661
851,058;22,80780945;16,33951332;14,39397484
851,611;23,41747394;15,47539204;14,76241148
852,164;23,93629195;14,78532551;15,49789842
852,717;24,34073501;15,36545408;15,13461792
853,270;25,62740786;14,46608791;14,3809951
853,822;24,71722099;14,14821801;14,12239566
854,375;25,47420524;15,59344951;15,04714712
854,928;25,41946391;15,43638518;14,05231687
855,481;25,70887772;16,29622416;13,66925166
856,033;25,93480927;16,13878807;13,22985026
856,586;26,13039368;16,35435404;12,77071124
857,139;24,157404;16,67525352;14,40410515
857,691;23,19346735;16,04209019;15,278396
858,244;23,37600376;16,07396664;16,22716094
858,796;23,40620584;15,94977441;16,00474953
859,348;23,86983913;16,20349948;16,86307409
859,901;23,96267343;16,64410382;17,79694262
860,453;23,76075807;16,5964604;18,70277374
861,005;23,96799476;16,52871074;19,76047948
861,557;24,20659336;16,77748026;20,29752816
862,109;25,70328603;16,37815234;19,27700085
862,662;26,35947165;16,9713201;18,98107737
863,214;26,71455485;17,2511791;19,47100019
863,766;26,09629353;17,72229557;19,68567139
864,318;25,71428834;16,99210801;17,75743214
864,869;24,91920067;16,96307817;18,84544993
865,421;25,54168134;17,46772642;17,70111546
865,973;25,09469083;17,13145486;17,18950211
866,525;25,02503771;17,21066118;17,52464462
867,076;24,98849715;18,38483572;17,98989828
867,628;23,92657233;18,52733821;18,1568889
868,180;21,23959915;18,42396328;17,61623131
868,731;22,61791061;18,2149721;17,83109311
869,283;22,76796595;18,16156111;18,29335835
869,834;23,21247952;18,02030933;17,309675
870,386;24,49495078;18,07298997;18,605046
870,937;24,58303882;18,29836951;18,5205999
871,488;23,60646833;18,26562701;18,51705626
872,040;24,3022153;17,26168172;18,27307724
872,591;24,422213;16,65996284;17,7486686
873,142;26,74588349;17,77030797;17,71470436
873,693;26,37455332;17,58886382;16,94876258
874,244;26,49879577;17,58895647;17,34329439
874,795;26,13063919;17,3220622;16,29387052
875,346;25,2843764;16,67536595;15,25529956
875,897;25,6326336;18,13985011;16,08200161
876,448;26,03731963;17,18980767;15,13180048
876,999;25,29143903;17,14795484;14,41498082
877,550;24,8762384;18,53483503;15,35336603
878,100;24,85011393;17,74279529;15,3999582
878,651;25,64560703;17,44610805;15,66633459
879,202;24,39607669;17,25398799;15,48371108
879,752;25,02410597;17,74485714;16,38957521
880,303;22,65652398;17,45411694;16,39470533
880,853;21,88113299;17,34606467;15,05188786
881,404;21,81001561;18,44191465;15,50829054
881,954;22,25256394;19,66687526;16,46165932
882,504;23,5081298;19,86325679;16,86585427
883,055;23,49987964;19,94039735;16,39142708
883,605;21,90859561;21,5843794;17,23809151
884,155;22,86830329;21,74565156;16,55396074
884,705;23,81329653;21,75770205;17,12525753
885,255;25,76668915;22,5995236;17,76820613
885,805;25,22734027;21,48137874;18,71595303
886,355;25,75658694;21,21623624;19,31015633
886,905;25,12017182;18,96455222;17,90334129
887,455;25,36267567;18,00380628;16,312844
888,005;25,57430331;18,10261879;16,41681232
888,555;24,52788341;16,22155556;16,31601722
889,105;23,1381461;16,03681423;16,71733155
889,654;23,03615758;14,4182356;15,82386064
890,204;22,41478842;13,35917988;15,44316654
890,754;23,25752992;11,88287791;14,27043792
891,303;24,42512509;11,33000659;13,66196821
891,853;25,27529037;13,62639301;15,5205138
892,402;24,79868431;14,17055484;16,63615292
892,952;23,23194614;12,90778391;15,94455784
893,501;24,87792555;14,53986983;15,69247453
894,050;25,80284535;14,74824611;14,73245184
894,599;25,23726009;16,91085835;15,43597948
895,149;25,53672079;17,92751336;14,87973489
895,698;25,97330855;18,62136561;15,06511745
896,247;24,57224562;18,12229326;14,11051374
896,796;23,59069177;17,28351315;12,73596706
897,345;23,69870577;16,36653323;12,18522288
897,894;24,23140848;17,0274518;14,12259357
898,443;24,81822742;14,43227883;12,59474891
898,992;24,50637499;14,16354336;12,86316958
899,541;23,43679694;12,98839298;11,05252553
900,089;22,46282277;12,53483148;12,81739066
900,638;22,87542325;13,62210845;12,57693364
901,187;23,31278716;16,35811838;14,02673065
901,735;23,40352095;15,58985575;14,31051535
902,284;24,35650857;16,92116815;15,40168478
902,833;25,23650056;16,86693933;15,10307808
903,381;26,29288682;18,05530813;16,32827885
903,929;27,28734325;18,15086559;16,22867699
904,478;27,28572534;17,1931105;16,09834716
905,026;27,55184703;16,47515319;15,09264537
905,574;27,45951713;15,7890854;15,5096351
906,123;25,64696736;13,96359723;15,18202062
906,671;24,60122489;13,86632421;15,1244937
907,219;23,12218932;13,07668215;15,0818517
907,767;23,98595116;12,90503276;13,66909415
908,315;21,92056673;13,52528141;12,74079022
908,863;21,24203344;13,44576631;12,95856964
909,411;22,37649083;13,55772031;13,96868611
909,959;23,14314347;13,66457249;13,11065763
910,507;23,18887537;13,64563757;12,15490631
911,055;24,26098109;14,81513031;11,91095564
911,602;27,76780844;13,93552902;9,809536821
912,150;28,07375279;13,32469367;7,49189739
912,698;27,64993557;14,25176981;8,439301842
913,245;29,2164014;13,79279737;8,223813164
913,793;29,71858713;14,55881564;6,671335019
914,340;31,72253283;14,56081746;5,843895082
914,888;32,63203346;15,99226233;5,648390216
915,435;31,47030571;16,14556886;8,258181871
915,982;30,80686622;14,93503696;7,213203736
916,530;29,91592907;15,89188469;6,682767159
917,077;29,8880756;15,38923328;7,419726878
917,624;29,5588056;15,19579029;7,238231243
918,171;29,33982086;15,37626617;7,973046556
918,718;31,00283313;14,59715741;8,25095963
919,265;29,39125668;17,41597696;10,72020903
919,812;28,73851118;17,00666243;11,72356281
920,359;28,2282861;17,58168906;10,73146365
920,906;28,84952672;16,27273031;11,57398112
921,453;27,66236452;17,06794109;12,48330898
922,000;29,51058322;19,00485291;12,83980411
922,547;30,73547231;18,37592364;12,41155324
923,093;29,32644966;19,92275052;12,89143794
923,640;27,6094677;21,65476669;14,57370949
924,187;28,32591975;18,12147381;12,68980423
924,733;27,95939317;16,18971421;11,12597132
925,280;29,38465281;16,28846808;9,774917789
925,826;30,02539621;17,20692511;7,314974615
926,372;30,22699391;15,60258411;8,788767177
926,919;29,35620436;12,33759308;7,129924693
927,465;28,25267013;11,4325083;8,479338514
928,011;29,84010353;9,91200012;6,677368233
928,557;29,55847159;5,880866827;6,486620941
929,104;29,54724468;8,404794649;7,288689696
929,650;32,84885506;10,53654453;6,546109126
930,196;34,71816695;12,72266442;8,162459751
930,742;36,0019373;12,1543684;8,956743457
931,288;36,54254593;14,15772388;10,18510729
931,834;37,6858945;18,17131971;8,930159413
932,379;39,50933573;22,98816752;6,893517728
932,925;40,13271613;19,80594177;9,152746962
933,471;45,51929086;24,82425557;9,0441716
934,017;43,25364625;23,68643817;9,872880207
934,562;39,56944529;26,05423599;13,70226971
935,108;40,29091773;22,45334445;9,520978864
935,653;38,81510749;23,18509418;12,68028906
936,199;39,08600338;20,861191;3,998394675
936,744;37,96027738;18,63464141;8,761062963
937,290;37,89519173;19,04427195;10,47083753
937,835;36,85358753;15,02331113;6,270395792
938,380;34,74482966;11,15349164;5,131762507
938,926;39,76506477;11,56592026;4,140885459
939,471;39,63053525;10,13034744;2,89275142
940,016;34,76519579;5,967855708;3,427084813
940,561;32,24670193;11,72923747;5,449375906
941,106;34,86827489;14,31095426;9,128386011
941,651;33,85292697;13,37956862;5,762925473
942,196;30,69825556;9,838777864;-0,192917399
942,741;29,76368334;15,04449484;2,488875247
943,286;30,24168894;15,15106757;-1,120117619
943,831;28,48484875;14,22052188;-3,768585194
944,375;29,01779729;3,962170232;-8,739607461
944,920;34,36028142;10,08466742;0,967644348
945,465;39,37968906;1,380501162;-0,345123809
946,009;36,53192016;3,758669848;2,14550699
946,554;39,44065964;10,3651171;6,21605298
947,098;39,19187043;5,984002395;7,726362937
947,643;34,26780505;4,70193138;12,87433398
948,187;28,82412892;7,859386293;18,79472894
948,731;28,30874082;9,594645084;20,04462642
949,276;26,7900954;14,01337608;21,17056827
949,820;23,75531687;14,54975374;18,48269933
950,364;24,69221042;7,822342586;11,66526478
950,908;23,60304269;9,47251798;6,875376762
951,452;22,85080201;5,346905882;6,473610558
951,996;23,47867208;8,570557549;2,226514106
952,540;23,94868063;9,371210363;0,232511628
953,084;31,5726582;8,370607375;-8,296059902
953,628;30,01429332;8,29920196;-9,711143571
954,172;31,28305997;13,35790953;-8,999240394
954,716;28,47148048;10,96520472;-10,77441206
955,259;20,48591272;16,48792075;-7,279818843
955,803;20,74376907;16,50268054;-4,830054666
956,347;17,68232833;14,16372388;-7,901630578
956,890;15,20016456;13,64288246;-0,727914685
957,434;17,71568655;11,46789254;-5,045871263
957,977;17,32290934;11,36038107;-2,44629734
958,521;20,17389519;6,080130952;-2,799906463
959,064;23,75910019;-0,817636187;-3,092785015
959,607;26,21560423;1,61125625;-5,355722201
960,151;29,51858344;0,011135722;-3,551943652
960,694;29,52959258;-4,630318558;-2,912620684
961,237;31,45795617;-4,491900946;1,062487447
961,780;27,32262108;0,066736651;4,328344325
962,323;30,04907124;3,385211101;6,928692384
962,866;24,98025165;0,607670066;7,505991619
963,409;23,63906337;8,611381334;10,31239562
963,952;20,89565778;9,383222912;6,850328158
964,495;23,38152593;9,240212403;8,742533919
965,038;22,82698997;11,2804887;9,395058896
965,581;25,87534757;14,6788286;10,96200258
966,123;25,29744732;15,87278245;7,78777026
966,666;27,23020226;11,75299059;2,733067856
967,209;24,42272756;8,901034111;0,538468017
967,751;25,01999947;11,35950611;2,638440521
968,294;23,55437853;10,7387742;1,394349025
968,836;23,60344786;10,29145003;2,023556442
969,379;22,86487433;11,77268391;2,562557037
969,921;25,45326477;10,8783393;2,704348846
970,463;24,14117228;8,733793919;2,453223774
971,005;22,33333333;7,022230142;6,032518876
971,548;21,88704741;8,86628749;9,943501101
972,090;23,42769583;12,96148988;13,87182976
972,632;24,73993677;10,14662978;13,71701028
973,174;23,33206272;4,315487519;12,71402877
973,716;21,18095965;8,037079592;14,80232625
974,258;19,93715441;7,398300678;16,93488148
974,800;20,30578307;5,832834658;17,31972755
975,342;21,06069782;1,356189048;14,80380863
975,883;21,71122102;2,316511385;12,51072264
976,425;23,6500446;0,590364338;10,94930417
976,967;22,46929869;-2,973917082;5,474332261
977,508;21,98762348;1,305852534;5,907803154
978,050;22,32995873;3,346655533;5,839013514
978,592;23,98036923;0,760244521;6,898207685
979,133;21,33805211;1,084806374;5,740759272
979,674;19,77208063;5,456240745;7,554795083
980,216;19,60247286;9,9899659;7,758821239
980,757;20,84902292;10,08937296;9,926878517
981,299;21,02731988;13,2848639;9,260486749
981,840;20,67428051;13,55166427;11,57538247
982,381;22,32092483;10,81499029;11,05057698
982,922;22,30891539;10,51810563;12,02069563
983,463;22,7771605;9,262922597;11,84693778
984,004;26,65852927;7,589794183;11,58779659
984,545;24,51136877;7,595388499;9,907652103
985,086;23,47142921;8,177405793;12,28690077
985,627;22,98986666;9,498097072;11,40187106
986,168;21,60775601;12,38282992;13,20472901
986,708;23,44289039;14,43306304;14,18552034
987,249;20,40584578;18,75803599;16,1198689
987,790;23,30160865;19,08026686;17,12030021
988,330;22,4246806;19,38138483;15,23836392
988,871;20,28868694;20,56686662;12,42356462
989,411;23,77966931;21,63200295;13,89231041
989,952;25,36807869;21,99289277;13,37415968
990,492;26,00881649;21,80883906;13,2019036
991,033;26,24453717;17,99173036;13,05297746
991,573;25,54954561;16,98379329;13,9299977
992,113;28,22009025;13,47411505;8,368131361
992,653;23,51134652;13,26973564;6,243215222
993,194;24,61862519;14,08061608;6,541267012
993,734;24,11725846;13,71534542;8,718820671
994,274;21,12138116;10,32960174;6,67087288
994,814;19,4777319;11,37301612;8,182539482
995,354;18,13301298;12,83435728;6,131163013
995,893;19,56815191;11,28645734;6,238123374
996,433;19,57446657;12,43939042;3,168364873
996,973;17,55354322;15,10667712;10,43530485
997,513;21,98818422;15,89856141;9,007435407
998,052;19,0421429;19,45059465;12,4641246
998,592;17,71569695;20,88198394;12,99454052
999,132;23,05314992;23,22703757;12,57266278
999,671;23,65110487;23,70078016;12,80329018
1000,211;20,50240738;21,07266683;15,81084539
1000,750;19,72160089;19,67085977;11,81285341
1001,289;21,83683914;19,54240212;12,63546977
1001,829;27,71007772;18,21374966;7,622726802
1002,368;23,72827408;19,07249248;8,158486315
1002,907;29,30476797;14,35257452;3,987909924
1003,446;35,91663217;12,54796522;1,132003311
1003,986;30,12338543;14,22368087;2,837016298
1004,525;34,95014047;9,989484694;0,630915065
1005,064;37,58573696;8,831166461;-4,475525804
1005,602;38,53817237;9,373704063;-4,489838391
1006,141;34,60160121;6,926699711;-8,31651801
1006,680;30,17302982;2,995469255;-5,891455741
1007,219;26,34370165;3,714958556;-4,063943447
1007,758;21,27282304;1,735108429;-2,579527574
1008,296;15,76011312;3,64861592;5,031373579
1008,835;15,24314594;2,400660921;1,584672506
1009,374;4,217986889;4,579675604;0,752824508
1009,912;6,217963415;7,413189897;5,995578286
1010,451;7,431392824;12,19333733;13,3894774
1010,989;8,921693733;8,11838967;12,00522938
1011,527;10,66652322;13,41797175;9,410005333
1012,066;14,33526163;13,77524956;11,61616116
1012,604;18,78504895;20,72285835;7,328664957
1013,142;22,95829072;20,39330816;1,200358115
1013,680;22,75204286;20,41179355;4,855110648
1014,219;28,54364522;18,76750473;3,828197574
1014,757;34,7372097;21,46102387;6,03778262
1015,295;33,47547893;21,16963653;2,879878272
1015,833;34,6888374;22,03411652;5,231671078
1016,370;32,78599702;19,70068509;3,160881598
1016,908;36,12673229;18,64341109;2,777778394
1017,446;32,56634497;16,90776337;11,0550743
1017,984;31,16305075;12,14861069;5,014835287
1018,522;37,31950166;7,636151862;1,211855658
1019,059;37,92959232;4,840897523;-0,346859021
1019,597;29,64334841;-1,944577659;-2,058011588
1020,134;27,80401156;0,631017355;1,687962895
1020,672;31,68100106;0,525726317;-3,552654976
1021,209;36,57678752;3,033554053;1,317603011
1021,747;38,22600759;-0,52984166;-1,184353834
1022,284;36,03751726;1,214076158;-3,258030966
1022,821;32,16115821;5,727203136;4,642049675
1023,358;25,29332335;5,788037864;7,631874234
1023,896;24,58054871;14,42751123;14,13392779
1024,433;18,72578045;14,09618617;9,301973555
1024,970;23,37074125;14,79567941;5,041490882
1025,507;19,55555722;15,32776359;9,881106021
1026,044;17,41098284;14,10233601;6,347812191
1026,581;11,22228816;13,11091096;4,905320624
1027,118;13,67662291;12,53679387;3,359307457
1027,654;19,6733392;13,20754682;-1,239891836
1028,191;23,17362982;11,30358745;-9,518810797
1028,728;28,85173383;11,84235652;-10,93720608
1029,264;37,43047738;13,13131307;-12,89256032
1029,801;36,39994343;7,579735095;-13,60225037
1030,338;40,69217717;7,201912515;-17,96803162
1030,874;36,90337819;15,56256555;-10,32246676
1031,410;42,33117878;21,82869424;-7,119622725
1031,947;41,25720661;18,39225674;-10,37457909
1032,483;40,57154954;17,62807477;-8,834207076
1033,019;40,54990511;19,68921863;-7,120378079
1033,556;35,42622304;13,88415555;-18,84582729
1034,092;30,69984064;18,73503785;-3,870710623
1034,628;33,80167531;15,79797918;-4,44444483
1035,164;20,20953572;14,31708269;-8,629772438
1035,700;17,67970787;10,80390212;-18,00650487
1036,236;12,11781027;6,753005245;-20,72155263
1036,772;19,6778536;1,887601204;-23,38052118
1037,308;17,08627875;-2,970296918;-25,98459882
1037,844;7,113241744;-4,958879748;-29,07595929
1038,379;14,1924529;-1,046741578;-16,43135311
1038,915;14,36248091;-1,198178259;-21,20776053
1039,451;8,298430723;9,75948191;-15,14801388
1039,986;19,49632201;22,81951596;-2,763385057
1040,522;21,19631777;17,4658929;6,0148805
1041,057;21,53069582;22,29756382;8,276825423
1041,593;10,70608362;35,24835468;15,28027109
1042,128;16,46417391;38,33202931;22,12216138
1042,663;11,61030925;36,36733884;26,2268357
1043,198;11,48446548;30,28991665;16,20510757
1043,734;5,985360058;28,88057564;8,763022222
1044,269;3,910470218;16,99429642;-5,231448407
1044,804;0,826252099;4,458162572;-7,578873429
1045,339;8,082223272;4,369624323;-23,42406772
1045,874;18,71358696;2,578126048;-25,58594201
1046,409;25,8372246;-1,847975416;-21,54811747
1046,944;18,71943284;-8,142389318;-37,27496135
1047,479;34,02716778;-4,883903852;-33,26661583
1048,013;21,56340964;6,099243584;-16,78152954
1048,548;27,18728804;2,864254543;-7,503114703
1049,083;31,79522476;10,70907573;-6,215349333
1049,618;34,59392285;6,795197127;-14,9178239
1050,152;36,63831955;14,15701481;-3,21750186
1050,687;22,41379149;6,734315259;-12,23862284
1051,221;25,08636613;6,398908799;-22,94077916
1051,755;29,7487449;5,717996838;-12,18323374
1052,290;31,67855255;6,155907133;-2,107727887
1052,824;38,73972795;5,34398031;-8,783782092
1053,358;33,60301793;12,80026124;-15,69594959
1053,893;35,76642543;4,237845187;-16,65571602
1054,427;38,64583556;10,58060626;-8,782788593
1054,961;34,42029214;3,64098228;-11,99548278
1055,495;45,3140108;2,269243893;-6,163751476
1056,029;44,54756329;3,467773487;-9,913305825
1056,563;43,92704931;11,96763364;-11,88244998
1057,097;34,73011611;19,74369175;-19,46335504
1057,630;39,17631166;17,81462724;-14,41326493
1058,164;41,94215423;14,01074597;-12,93643696
1058,698;47,56143498;32,76698968;-7,362458755
1059,232;47,00815866;31,19047476;-4,761905492
1059,765;40,07076002;37,54112427;-12,58223706
1060,299;34,98514168;43,69175463;-14,91039423
1060,832;40,36144916;18,08639435;-42,0266414
1061,366;35,63664349;17,50154679;-33,17872442
1061,899;41,32173527;36,10774764;-30,93220219
1062,432;43,7397318;24,5572601;-62,29830591
1062,966;40,99594665;14,57000871;-67,83937083
1063,499;32,13345027;7,464788715;-54,89436811
1064,032;23,9097768;12,8100482;-46,78178848
1064,565;30,66561294;9,420291433;-35,30961778
1065,098;33,55032767;1,460868119;-30,78260791
1065,631;26,83103655;12,64833586;-13,37192522
1066,164;32,26196249;12,00971826;-26,69212159
1066,697;29,40665359;-9,005763395;-35,73486993
1067,230;20,93023051;8,920606882;-4,549508783
1067,763;31,83856704;15,15645539;13,46153981
1068,296;36,2582295;21,4262344;20,18318595
1068,828;40,79860986;27,30524562;17,28934852
1069,361;33,46974332;23,64451789;2,079086539
1069,894;33,76394668;7,907424944;-16,48987263
1070,426;37,25684338;20,87467842;2,609334901
1070,959;40,35541114;15,96260329;15,47783823
1071,491;38,43547023;6,259484804;16,08497759
1072,023;35,87806032;12,35507247;7,608694537
1072,556;31,91068436;24,9131652;11,93558465
1073,088;41,22486461;21,76282047;2,3397433
1073,620;42,28980487;18,98395795;11,73499798
1074,152;38,94939246;17,57188656;6,517573916
1074,684;33,94649174;35,22995116;11,93985845
1075,217;33,17665283;32,64199187;11,26356085
1075,749;32,03263959;30,6328251;-0,417247271
1076,280;28,06883352;35,21400794;7,944227583
1076,812;51,16659645;34,81239963;14,32300213
1077,344;54,95461735;13,55740091;-5,287008187
1077,876;46,1262543;7,796880262;-20,47181004
1078,408;46,15644035;-26,59256115;-41,9410012
1078,939;54,41069887;-22,77639121;-33,33333155
1079,471;54,31345391;-30,79434201;-22,99601044
1080,002;66,87763336;-61,68797477;-58,92582701
1080,534;70,96307356;-39,0799479;-33,49709847
1081,065;68,57463781;-44,7109225;-41,15631881
1081,597;60,83513508;-30,19254679;-46,41540737
1082,128;56,73949596;-27,49901435;-38,6013458
1082,660;49,60844025;-15,05333694;-18,72777444
1083,191;41,46487243;1,873327531;-20,7404111
1083,722;42,33726212;0,661083561;-19,17144124
1084,253;45,01646387;8,16199348;-17,69470579
1084,784;44,49694081;7,403547712;12,0437971
1085,315;36,90818723;6,743419253;8,333333922
1085,846;33,63975164;23,93709796;25,74257163
1086,377;31,24667041;24,52185778;44,19399013
1086,908;26,36995755;43,27061892;38,35021655
1087,439;38,92010734;27,52809036;27,99625335
1087,969;39,15329246;40,90909153;30,85787803
1088,500;19,99321279;53,03265631;30,533955
1089,031;14,0984661;49,86175255;21,01382585
1089,561;0,785435074;59,31589248;18,43058367
1090,092;6,771203515;59,17659023;9,523810043
1090,622;5,470458991;56,41025173;7,634032436
1091,153;11,06396959;43,49539881;-17,6084103
1091,683;-0,706714081;40,2103574;-10,19417353
1092,213;-21,64210813;13,06491462;-39,44124745
1092,744;-6,634864401;-29,79798467;-59,3434434
1093,274;25,19816343;-85,12933151;-133,8362384
1093,804;29,33241371;0;0
1094,334;31,4303855;-306,1594094;-396,0144861
1094,864;34,44772244;-140,2863253;-220,2454365
1095,394;41,71251696;-50,00000374;-91,79756284
1095,924;20,96007663;-133,8137261;-158,6474265
1096,454;49,41027682;-188,7530262;-220,0488658
1096,984;45,38717824;-121,6788945;-130,2363506
1097,514;35,99145739;-187,0270569;-265,1351706
1098,043;29,91453007;-220,3857106;-285,5372316
1098,573;29,86142119;-161,317365;-211,8562893
1099,103;27,20348129;-454,3210719;-550,9260297
1099,632;25,92592735;-627,8885794;-662,5499425
1100,161;21,65354409;0;0
