Filename-->;SEPALO_EXT_1.RFL8;SEPALO_EXT_2.RFL8;SEPALO_EXT_3.RFL8
Mode/Unit-->;;;
Int.time[ms]-->;1,049999952;1,049999952;1,049999952
NrOfAverages-->;20;20;20
Smoothing-->;4;4;4
Wavelength [nm];;;
172,206;-13,23980468;28,76416622;32,45759846
172,805;-5,108193556;39,61522792;32,0884152
173,404;-9,395149373;42,20283529;31,75435099
174,003;-5,038451461;40,31327156;27,01023387
174,602;-2,367657786;45,16035072;30,84021415
175,201;-8,208470954;46,79983459;28,01592237
175,800;7,07712418;46,36192985;31,1814489
176,398;13,61968709;46,32984191;28,26838513
176,997;14,88500891;48,71872595;41,12348621
177,596;7,680031227;51,8567602;40,94003343
178,195;7,597062303;40,02192839;49,35130655
178,793;15,8766864;37,74304996;49,74929692
179,392;18,12128983;46,7296466;57,78191961
179,991;21,29695282;32,86940029;57,11346945
180,589;25,34320762;37,79992443;60,05425089
181,188;22,00618101;42,19354765;52,12695309
181,786;25,55888078;42,90310362;57,94163702
182,385;25,20051384;38,81019446;39,05134492
182,983;27,1400453;37,13988016;40,14260345
183,581;21,72125105;42,6167044;30,88337916
184,180;16,60395226;39,39104205;29,77001688
184,778;18,77965182;29,51438123;23,63048601
185,377;19,80651619;36,63668176;23,91795008
185,975;20,67724667;30,36738562;27,35972874
186,573;20,94708539;26,63008265;31,00021583
187,171;11,46387634;24,79521056;30,79910197
187,770;20,4631677;18,27804135;32,10306289
188,368;21,10422398;17,17905103;31,40078512
188,966;27,5869717;12,57220629;36,41742703
189,564;22,66042857;13,89801192;35,26923637
190,162;25,30309514;13,39148325;37,62209094
190,760;21,33585206;7,579420432;34,31973809
191,358;29,562483;12,54969537;38,2177163
191,956;23,54472144;10,25549404;32,63055341
192,554;34,15346907;15,57186446;35,8445938
193,152;17,82678354;23,92597441;36,38132484
193,750;27,50885277;26,20967692;34,05963067
194,348;23,7737519;26,21438061;29,45595016
194,946;33,57293887;28,12200496;32,85839663
195,543;19,08296991;32,51803072;26,02372663
196,141;15,88000067;32,30894016;22,83576118
196,739;5,423388412;23,8405193;6,707945708
197,337;7,238550867;28,93456823;14,47079333
197,934;5,3289076;20,72446607;3,525437881
198,532;6,201546807;17,33061446;16,82261691
199,130;-3,477298875;17,14285703;19,53539411
199,727;5,723683529;14,49984653;11,39916076
200,325;10,61067183;12,06007263;6,781773141
200,922;19,68415144;9,480223047;14,71056751
201,520;23,50681943;14,1756038;16,45655898
202,117;33,05859183;21,72534786;26,78509197
202,715;32,42265397;14,19542052;27,41337554
203,312;35,94843318;19,56412315;35,00421997
203,909;36,88575841;27,58443302;21,90277016
204,507;31,888851;31,67959614;22,59767647
205,104;28,78348917;34,89136288;29,24304164
205,701;28,0504908;31,62033668;33,78329209
206,298;24,77934818;31,22057196;31,71247392
206,896;24,50532554;29,81752019;33,62238968
207,493;7,957559521;23,53728524;37,95801648
208,090;9,531963579;27,18587954;37,54886433
208,687;3,556658705;29,7472331;24,90180723
209,284;-2,552943866;19,38711628;30,35107715
209,881;-2,282412136;13,82687045;30,0805735
210,478;-5,069124502;14,63318931;29,22641592
211,075;-6,769328646;19,32120159;21,41421481
211,672;2,428525571;22,68283238;20,59788617
212,269;6,455897744;20,49722724;19,18487255
212,866;13,80927503;20,70805657;12,5994452
213,463;21,05391461;21,64284723;9,256004643
214,060;15,30221957;24,72124782;25,5529673
214,657;23,00637017;26,46515284;26,73189864
215,253;32,7485401;31,47558332;24,9885051
215,850;35,37295809;34,61042863;20,82945205
216,447;37,62451903;36,89091032;29,64224874
217,044;30,88150641;32,08968792;28,75768788
217,640;30,40644048;36,90994917;35,87391292
218,237;33,12717517;40,0739617;39,84928325
218,833;35,45275625;39,67677996;41,2396479
219,430;41,4006756;36,76470338;31,39559284
220,026;37,27708411;41,35144154;33,76652151
220,623;37,53056239;42,06451259;18,93549613
221,219;41,0337746;38,14828226;23,3648469
221,816;41,54580552;38,52153072;28,68189836
222,412;45,46231517;39,51048992;28,54809529
223,009;43,62728205;44,31897266;23,78015531
223,605;43,83206517;42,68385003;22,98780503
224,201;42,43318259;43,76822697;28,62405585
224,798;48,71601114;38,46001464;36,52462477
225,394;51,69312183;35,43447127;38,83828601
225,990;59,85734902;28,04458373;53,25453935
226,586;50,91254789;28,99903486;54,2233872
227,182;46,37178944;27,26675291;59,30986352
227,778;45,80791001;23,85553389;60,76190481
228,374;46,36265069;19,01556026;58,42797971
228,971;43,26786777;17,21311465;55,17401945
229,567;49,56861088;20,0859779;55,38574814
230,163;37,80769069;25,434143;49,91723503
230,758;40,62038365;22,95889034;44,81431498
231,354;23,0155714;26,00241125;40,66793936
231,950;27,13634825;24,73404345;39,09382396
232,546;30,50696057;23,2592106;32,91073321
233,142;36,42525796;28,584295;33,87281602
233,738;34,45098192;29,91087508;35,46057673
234,334;32,61065757;35,74460879;35,23646462
234,929;22,83237078;29,84665077;33,59328901
235,525;23,41557979;29,71749215;32,73067241
236,121;20,11580572;30,26613442;36,24371981
236,716;29,7324071;35,20573537;39,40663661
237,312;33,93776141;31,26778339;40,26674655
237,907;28,28684912;32,09822964;39,77495227
238,503;20,65775771;28,49879933;37,46656013
239,099;27,50877124;30,50448485;42,88852231
239,694;33,77455268;29,65602889;36,99851369
240,289;40,09850009;37,38099155;42,44684684
240,885;41,16705455;34,8370139;38,78704694
241,480;41,49017952;37,53763227;37,74982605
242,076;37,07004299;33,83121628;38,57398019
242,671;36,5640438;36,95581441;35,89611304
243,266;42,28949475;36,50681475;30,05636602
243,861;39,1560551;43,58373876;26,25524862
244,457;40,46484191;40,28962133;24,25962688
245,052;38,9919422;44,49382825;27,44446189
245,647;35,67442685;44,7250849;17,33552169
246,242;42,09288522;50,71146843;18,12830276
246,837;41,99101557;44,12584143;11,26844523
247,432;43,81050385;45,56621279;2,299937005
248,027;37,93172699;44,62487829;1,941583799
248,622;41,02709774;42,7736726;-1,027592573
249,217;47,88143449;45,87598781;4,342154247
249,812;47,39832946;48,61978697;3,757632365
250,407;42,59146752;43,65260488;1,239017874
251,002;44,02227977;39,80129777;2,182903996
251,597;37,035417;27,55247422;5,188359589
252,192;38,74810522;31,79304771;17,76988046
252,786;35,96440044;29,2113591;24,50058724
253,381;38,28094064;29,12621251;22,98955857
253,976;26,94122587;33,77898592;20,32303813
254,571;23,42693168;25,03802312;23,24142834
255,165;22,77465794;21,69828344;22,0599772
255,760;22,16474318;26,00480827;17,5738727
256,354;19,01286795;21,7640303;28,09756004
256,949;19,75079123;28,45991312;23,01336183
257,543;12,89893573;26,46964845;24,9140613
258,138;25,21722283;26,09902772;26,8364171
258,732;24,18181743;30,99970394;30,23073862
259,327;28,8024164;31,28183855;37,35849061
259,921;26,35923256;28,85718437;40,71579035
260,515;27,47009995;26,96137758;36,40196604
261,110;32,77881647;22,41379326;41,92158623
261,704;35,97949229;23,21618862;40,01996313
262,298;37,55109528;22,53778293;45,45262477
262,893;36,29002708;26,38536556;49,2117385
263,487;21,87155849;26,31674328;43,95833657
264,081;24,48855593;26,71428743;35,18182075
264,675;20,07204384;22,17702904;35,68256295
265,269;26,2133932;34,11230457;23,23873879
265,863;17,52010147;39,37994464;18,53022524
266,457;16,72605238;42,68484579;16,5277209
267,051;15,55645069;44,07199659;14,29968672
267,645;20,20829523;43,96423043;21,07324717
268,239;20,78547609;40,76079177;16,78531262
268,833;26,58399328;44,94465872;26,283077
269,427;21,06551235;44,74809041;34,54332639
270,021;34,28870949;44,33220924;35,63896301
270,614;28,002054;35,93422693;35,57794335
271,208;28,69733616;33,94952296;41,74651945
271,802;22,34269076;33,9246821;41,48936307
272,396;21,56355542;35,44102202;53,88407202
272,989;18,39622576;23,67626296;44,94735156
273,583;27,4479381;25,4279237;47,71040779
274,177;26,45226177;19,24865933;45,30967159
274,770;29,54545487;19,54649351;41,25095906
275,364;18,07457477;23,22423457;36,93983178
275,957;24,02459956;23,89243789;38,08930675
276,551;26,35400391;19,05750523;34,44230021
277,144;33,41370807;24,05579334;31,95217758
277,737;29,87459246;27,95656961;18,20881458
278,331;29,06819802;35,94734814;24,00125301
278,924;18,35606946;32,92475992;25,3015787
279,517;13,61204725;36,80672308;21,02855346
280,111;9,463433014;27,49375207;23,42765003
280,704;16,86835265;26,68344659;22,78041158
281,297;13,6355714;24,45492201;18,09250395
281,890;15,18737611;21,78018814;19,34117577
282,483;12,75484471;18,87029951;21,11038372
283,077;16,25489814;14,81104871;31,40139981
283,670;5,997367899;14,04958637;28,91219675
284,263;18,75000046;21,35905577;31,50283943
284,856;21,1745773;25,9423831;29,80470898
285,449;33,03665111;34,53802555;22,30587047
286,042;25,62309491;33,00939918;24,83221522
286,634;34,7434916;38,81224676;44,75420116
287,227;29,45765226;42,74486718;45,53314143
287,820;21,74499603;39,70433068;48,94857184
288,413;22,25328092;37,85921602;39,52129776
289,006;35,12810234;41,58496707;41,7308058
289,599;29,50396677;39,381743;30,81565428
290,191;26,69260713;37,98316617;36,98314088
290,784;20,02600847;31,74186609;34,96430503
291,377;23,90207301;33,80257092;32,36579779
291,969;15,5617114;31,4975039;19,42351207
292,562;20,29850935;33,8376658;23,13505097
293,154;27,41666599;36,37765752;22,06095999
293,747;28,4359415;38,25357041;15,82733719
294,339;24,00746391;34,75619478;15,88524924
294,932;23,04080884;28,92439291;19,51162658
295,524;27,19197205;31,53386043;0,578168158
296,116;20,75566723;34,8520807;21,10453545
296,709;20,87689817;33,37620728;24,13376232
297,301;20,080176;32,72910524;23,48348143
297,893;17,17744935;30,44036725;18,90804557
298,486;20,49689332;31,51914962;17,71084382
299,078;20,8270022;30,87381953;24,29088104
299,670;21,91548447;30,03400851;18,13592278
300,262;23,32738646;27,13011975;15,15093648
300,854;14,6177054;21,49858634;24,87804851
301,446;13,78692813;19,99660924;13,38509878
302,038;5,279563562;25,39632257;15,10837282
302,630;6,511268754;26,77047469;26,88382198
303,222;12,59110733;28,75206027;31,56571488
303,814;2,648326917;27,93940356;22,82166926
304,406;0,633981699;29,75394406;18,03940217
304,998;-3,608134925;29,36400655;24,66161979
305,590;-3,727217253;36,65065399;30,64814944
306,182;10,99866295;34,36561048;29,91222254
306,773;17,26373342;32,541349;40,41769009
307,365;21,45798405;30,03756388;34,52480939
307,957;21,52055943;28,06396769;25,2425157
308,549;19,07028529;28,23093987;25,29695573
309,140;22,93704181;31,83543381;26,2444361
309,732;23,51256626;32,4065774;31,73357745
310,323;27,01963373;35,88217511;30,69255801
310,915;23,32284255;34,68777939;30,98314974
311,506;20,21080811;42,79098664;33,13648547
312,098;20,11113074;45,30624339;30,09693077
312,689;26,22802208;45,63151486;35,07360534
313,281;28,57896694;46,27410756;35,8481282
313,872;26,4412491;50,35919589;36,88352701
314,463;29,06115497;43,76205486;42,32856439
315,055;26,58520688;45,60480831;40,107721
315,646;22,947959;43,18670085;32,46464645
316,237;31,85279261;43,51405095;34,06331292
316,828;35,8921881;41,60047195;33,29471063
317,420;31,29435551;42,88976808;34,95610522
318,011;17,40355883;39,88236928;28,48101328
318,602;17,13563616;41,91633999;32,14929581
319,193;23,11232442;33,98414679;29,03631785
319,784;21,77636034;36,17146995;27,43412421
320,375;24,81840146;26,65315156;30,40433073
320,966;24,68407727;29,67530401;33,90201908
321,557;20,98978875;26,43067693;26,58060315
322,148;21,30488465;28,55955578;24,90835831
322,738;27,2894048;25,35229863;16,50759958
323,329;35,89236827;24,75218703;15,44191602
323,920;35,84435761;25,11730315;11,54919117
324,511;35,28843208;28,01088279;14,15516607
325,102;32,17120453;27,0928066;17,6828239
325,692;31,42857019;30,68942942;5,502442154
326,283;30,76807869;24,24681085;6,336670795
326,874;32,56318672;26,73093604;9,324177812
327,464;26,41025688;25,85358338;4,49991535
328,055;26,04386687;20,82655374;2,628755327
328,645;22,77052015;26,85621613;-4,0331707
329,236;17,37413683;25,55810015;-1,586144933
329,826;11,19617216;23,54574698;-0,176117676
330,417;11,95020743;24,97714236;-5,693621675
331,007;6,625744793;25,77558738;5,442282983
331,597;17,72040869;33,18347691;8,670034081
332,188;16,63034331;28,74882055;8,947542548
332,778;20,20594324;29,4343252;18,33961109
333,368;18,74254776;32,68324675;21,55640794
333,958;24,09578836;28,33853946;24,73535158
334,548;27,82104423;26,29087846;25,43679968
335,139;36,24193078;27,57562421;24,95186151
335,729;38,13204537;23,98922016;29,35498761
336,319;37,58789175;27,44611643;30,72663162
336,909;30,3151329;22,84915147;26,41326981
337,499;31,0678142;23,78171445;35,72575776
338,089;26,26954614;24,15776419;31,88801566
338,679;28,42399935;27,80965085;37,31859045
339,269;23,00738153;33,82862577;39,40691731
339,858;26,64440181;31,82038544;44,11426803
340,448;26,59003782;27,8071725;42,92819377
341,038;28,07379957;33,16127296;44,38705166
341,628;25,19809783;30,36326166;46,28234517
342,218;32,48611319;28,01316162;50,16512451
342,807;24,23307152;28,8492921;49,54530712
343,397;30,55909625;22,45259998;56,48867372
343,986;30,15606786;18,91284221;52,87392402
344,576;38,26609253;11,73153637;51,89431792
345,166;37,08206683;13,21614534;53,63547611
345,755;33,20754574;9,6131797;56,60485692
346,345;35,69017746;6,559191773;45,22836959
346,934;50,12552361;4,133441262;42,4883044
347,523;43,44276944;2,019888475;38,47486814
348,113;49,72887401;2,534418246;32,57182492
348,702;46,89744074;4,421052119;32,89310209
349,292;40,93003717;3,10937498;31,97268152
349,881;31,36215156;1,054481254;32,28593997
350,470;31,42857267;6,847188232;27,50443513
351,059;25,56237239;16,04190633;27,55265046
351,648;21,07134438;19,19481354;37,8033205
352,238;0,795033122;23,5584624;33,40740712
352,827;1,43475441;30,03091521;34,26573611
353,416;9,548410864;28,27430237;34,85946151
354,005;16,64534909;30,39038868;30,93359624
354,594;18,5328858;32,15739533;29,4004793
355,183;17,97815193;36,65734108;31,28795111
355,772;4,678255207;30,34500203;31,48092844
356,361;15,00543574;27,30990485;31,48648553
356,949;12,02863173;23,90508535;29,03373488
357,538;12,05026709;21,92257344;31,93277254
358,127;14,09143006;19,42172124;33,85139105
358,716;4,218407702;21,539099;33,87192363
359,304;-0,35932462;23,36311582;37,76580254
359,893;-3,904761808;23,61954541;32,60837252
360,482;-12,70829462;23,22950256;31,78836783
361,070;-12,49753742;25,89916659;37,38404563
361,659;-19,39837918;27,70167456;40,41848514
362,247;-23,18725155;29,19920297;35,86567113
362,836;-16,8271968;28,65707291;34,71225705
363,424;-15,58242128;30,10337896;35,88390437
364,013;-9,933011983;27,09122792;31,04693285
364,601;-2,219166569;25,02963849;22,88535329
365,190;8,396533761;27,64396336;29,70188316
365,778;21,6448773;28,13235446;31,57458684
366,366;28,48110913;32,85476867;23,97820182
366,955;27,95684477;30,0702686;19,04469486
367,543;26,32991741;25,77342909;19,88304158
368,131;27,37366988;26,55700205;18,25969361
368,719;24,25834723;23,64588395;19,56136906
369,307;25,87157701;23,75883344;20,08486498
369,895;19,35369054;21,76533196;18,90335764
370,483;18,73435567;19,53873664;19,05347757
371,071;16,78753594;17,32058816;14,95960837
371,659;14,63705732;11,12424474;16,7100254
372,247;13,14827479;10,51188801;16,31725695
372,835;14,58219195;12,16352051;16,32089334
373,423;11,3998362;8,429876337;13,84710364
374,011;11,30649123;7,331342205;10,00941456
374,599;9,43376179;4,961434648;7,772269984
375,186;9,316996389;5,097241749;6,228241268
375,774;6,468232109;4,834539065;4,558412497
376,362;4,99599326;4,069767917;3,736073142
376,950;3,714852931;2,892356315;2,175759491
377,537;2,902364756;2,204063743;1,59772437
378,125;2,065760799;1,762689742;0,721490635
378,712;1,631911619;1,804223229;1,42665787
379,300;1,503001559;1,822840093;1,869341773
379,887;1,552125149;1,956881347;1,890007146
380,475;0,499718637;1,798584571;2,355616798
381,062;0,422220976;1,455441419;2,640263983
381,650;0,472719941;1,297482023;3,324512446
382,237;0,896003551;2,090477149;3,391322675
382,824;1,304875798;2,614568686;3,239136738
383,411;1,617166586;2,450980374;3,153400844
383,999;1,987868261;2,625105907;2,357727611
384,586;1,80011761;2,414625555;1,656385923
385,173;1,400792983;2,272846145;1,847932156
385,760;1,468657269;2,045026219;1,798415737
386,347;1,560418422;1,987183005;1,601163186
386,934;1,763083913;1,93114963;1,005666397
387,521;1,656674201;1,625880143;0,996119223
388,108;1,491383245;1,532896657;0,851715582
388,695;1,351933451;1,604899881;0,829360521
389,282;1,120112529;1,728626563;0,776304307
389,869;0,819503745;1,831935796;0,817304815
390,456;0,910875773;1,860694355;0,994015197
391,043;0,926546967;2,108713139;0,90667872
391,630;1,203044963;2,045309816;0,869159099
392,216;0,804414715;2,346591936;0,694419506
392,803;0,74001423;2,57584479;0,589248112
393,390;0,943440891;2,463099238;0,593604851
393,976;1,01038954;2,456175488;0,737028687
394,563;0,878903872;2,302272107;0,817738642
395,149;1,187930787;2,082522617;0,740319277
395,736;0,909856688;2,145698912;0,391619033
396,322;0,964991658;1,859691954;0,542857045
396,909;0,547766351;1,72598098;0,539088663
397,495;0,858566257;1,484512872;0,875721959
398,082;0,709425626;1,453333414;0,964214724
398,668;0,533438639;1,420589958;1,038007884
399,254;0,563422803;1,312466367;0,954142335
399,841;0,611687796;1,382510217;1,001998228
400,427;0,468092934;1,332370066;1,0826556
401,013;0,522160641;1,268169914;1,116729076
401,599;0,458104107;1,38893679;1,004847961
402,185;0,528954443;1,371115285;1,028001741
402,771;0,351752881;1,42324825;1,109914954
403,357;0,644420995;1,476381121;1,035078886
403,943;0,484556948;1,550570127;0,978908598
404,529;0,423444386;1,533544965;0,871440806
405,115;0,505561148;1,380190691;0,834570515
405,701;0,541318035;1,447056723;0,877676272
406,287;0,600582178;1,503334882;0,799492811
406,873;0,692097134;1,476711267;0,788062073
407,459;0,811140098;1,550923379;0,742009073
408,044;0,841849753;1,5116118;0,596382439
408,630;0,739549881;1,460465791;0,565013619
409,216;0,917778532;1,279568644;0,448152032
409,802;0,849054647;1,505078432;0,526187641
410,387;0,996161063;1,624980281;0,582712737
410,973;0,959102711;1,632114688;0,560464815
411,558;0,954785851;1,598272534;0,59750893
412,144;0,938112173;1,564658935;0,597704421
412,729;0,835697363;1,51653405;0,643439665
413,315;1,071767011;1,681410208;0,65535196
413,900;1,018182578;1,723955638;0,649636226
414,485;0,998870712;1,904327902;0,705633374
415,071;1,115080163;1,858616801;0,767427786
415,656;0,926213529;1,831067597;0,658057995
416,241;1,086215546;1,788099667;0,692309024
416,827;1,078414863;1,9332537;0,754105494
417,412;1,228825657;1,884118896;0,841303183
417,997;1,3750518;2,087805698;0,768269759
418,582;1,247334284;1,999504925;0,832207904
419,167;1,297460923;1,977719046;1,030539595
419,752;1,262413117;2,095904255;1,091367362
420,337;1,180182396;1,950719753;1,192619882
420,922;1,256666077;2,043963606;1,168652917
421,507;1,179134025;2,087030073;1,079018153
422,092;1,22969202;2,019731888;1,146336235
422,677;1,092657107;2,021160863;1,021128062
423,261;1,122094211;1,943842246;1,138480781
423,846;1,175819216;2,025450105;1,190142658
424,431;1,218876763;2,065592575;1,073121734
425,016;1,315654561;1,908536448;0,864667333
425,600;1,504246733;2,08898788;0,83580692
426,185;1,605602764;2,025942635;1,056891257
426,770;1,796419801;2,275299079;1,274343669
427,354;1,885830498;2,284381701;1,301555697
427,939;2,080352677;2,430101324;1,444871501
428,523;2,127741958;2,529893704;1,392761822
429,108;2,19769618;2,48957173;1,357450609
429,692;2,355962242;2,500816834;1,502922043
430,276;2,449662553;2,578645169;1,818297243
430,861;2,283813507;2,503342175;1,746758179
431,445;2,328309443;2,674090305;1,686099311
432,029;2,31977286;2,541475641;1,634314514
432,613;2,35134384;2,638593734;1,679710216
433,198;2,35369598;2,788140047;1,804781571
433,782;2,423748494;2,890678022;1,957056639
434,366;2,294356955;2,986857712;2,075317691
434,950;2,283125654;2,996793279;1,983890419
435,534;2,271151469;3,086723837;2,105376871
436,118;2,440949684;3,289178284;2,16396621
436,702;2,425161093;3,351703482;2,283243935
437,286;2,644858513;3,534846933;2,349728096
437,870;2,660666316;3,686138038;2,418123515
438,454;2,733989275;3,690372056;2,44026123
439,038;2,744476905;3,706932072;2,601305443
439,621;2,887610925;3,736173979;2,61168545
440,205;2,91240287;3,811998527;2,720615782
440,789;3,07558261;3,915968646;2,742823491
441,372;3,131463944;3,93915221;2,85275373
441,956;3,219274869;3,994101386;2,866280788
442,540;3,059062993;3,951591067;2,99383603
443,123;3,272618121;4,061157285;3,096033964
443,707;3,198967182;4,215290423;3,32093918
444,290;3,298874239;4,354768702;3,382040173
444,874;3,461843774;4,471660754;3,562623767
445,457;3,534725694;4,669621104;3,727685764
446,040;3,591565977;4,767129402;3,929948404
446,624;3,664944167;4,926771537;3,996750666
447,207;3,769591954;5,068292358;4,162925968
447,790;3,996889894;5,295417915;4,325955107
448,374;4,007722012;5,377170652;4,462019305
448,957;4,224983372;5,418256295;4,503967238
449,540;4,325470419;5,534289407;4,615170859
450,123;4,499342305;5,716425755;4,769730252
450,706;4,644369121;5,792754549;4,893159215
451,289;4,741892853;5,966706474;4,995578604
451,872;4,838580836;6,115824103;5,213709141
452,455;4,984433404;6,260284531;5,377553502
453,038;5,051444651;6,366577651;5,605831181
453,621;5,218506252;6,563888495;5,763102875
454,204;5,345008682;6,73521902;5,855330703
454,787;5,482857069;6,900790503;6,036368831
455,369;5,544337792;7,048650641;6,189022902
455,952;5,653083766;7,190526311;6,370047702
456,535;5,759799329;7,339421641;6,57367079
457,117;5,971409696;7,461760052;6,753013949
457,700;6,035677173;7,55970785;6,88139909
458,283;6,23413431;7,768275638;6,915094828
458,865;6,305891328;7,89471265;7,043692121
459,448;6,492350673;8,037570349;7,300562066
460,030;6,562749512;8,213382834;7,368567226
460,613;6,724204794;8,423996222;7,47301945
461,195;6,805057336;8,624173704;7,593536784
461,777;7,007441337;8,714475047;7,76599923
462,360;7,115874022;8,842414949;7,909158588
462,942;7,291545746;9,068762634;8,082124077
463,524;7,306202595;9,141878255;8,264018805
464,107;7,453464424;9,270340801;8,416756998
464,689;7,539737904;9,461787424;8,504016231
465,271;7,778013464;9,58170078;8,717235488
465,853;7,876288551;9,661562158;8,915913438
466,435;8,121733867;9,811954029;9,19139357
467,017;8,210546359;10,0576462;9,338069089
467,599;8,356037698;10,26577185;9,540209351
468,181;8,455021648;10,44625372;9,643449834
468,763;8,721278178;10,63775415;9,848405308
469,345;8,865263413;10,84154966;9,988239658
469,927;8,965439626;11,0126178;10,17582768
470,508;9,069862385;11,22142627;10,32525494
471,090;9,180774015;11,43164257;10,51036663
471,672;9,331840513;11,60039305;10,58729525
472,254;9,496681975;11,77441336;10,76836697
472,835;9,621797761;11,93038484;10,89975475
473,417;9,799869842;12,04950706;11,16639494
473,998;9,905574982;12,23393617;11,29497196
474,580;10,05313851;12,41272338;11,50472225
475,161;10,22662451;12,59243616;11,66886932
475,743;10,3760492;12,79633451;11,82818119
476,324;10,52707746;12,93848196;11,98285524
476,906;10,6004607;13,14222815;12,17044515
477,487;10,7403459;13,28447764;12,28208299
478,068;10,88458175;13,53112734;12,43835395
478,650;11,04291394;13,73656279;12,56715953
479,231;11,17540446;13,94738686;12,75016667
479,812;11,32421247;14,13395586;12,89745464
480,393;11,50088085;14,30595096;13,08162956
480,974;11,65282868;14,42698875;13,21129661
481,555;11,82449038;14,58206755;13,33441378
482,136;11,95524625;14,80052875;13,51000101
482,717;12,09207359;14,9979086;13,6991065
483,298;12,20449685;15,13049096;13,81709721
483,879;12,28212175;15,33833612;14,02456466
484,460;12,4244457;15,51139994;14,19292331
485,041;12,58154226;15,72152408;14,44264576
485,622;12,64249475;15,97728913;14,65784027
486,203;12,76918189;16,20859151;14,85198684
486,783;12,890184;16,43328612;15,05742349
487,364;13,08194;16,54163889;15,21362296
487,945;13,21370105;16,71817201;15,31888665
488,525;13,39204711;16,92340901;15,53011179
489,106;13,61615911;16,98385851;15,614004
489,686;13,7629837;17,22334773;15,766467
490,267;13,86866584;17,42988394;15,83253068
490,847;14,122804;17,55070886;15,95881156
491,428;14,21775054;17,75511045;16,14726528
492,008;14,40875244;17,97009012;16,33651528
492,589;14,5827595;18,17669997;16,51703463
493,169;14,72321611;18,44728841;16,74354126
493,749;14,83588358;18,58710952;16,86611079
494,329;14,88456625;18,90454142;17,07179917
494,910;14,97676026;19,02290781;17,24568398
495,490;15,1952863;19,21318536;17,41781076
496,070;15,32010365;19,43472096;17,5492371
496,650;15,483691;19,62210692;17,72106611
497,230;15,6359643;19,90313294;17,90647932
497,810;15,74902162;20,17462622;18,14277132
498,390;15,87280224;20,24832484;18,31763675
498,970;16,00462235;20,43114728;18,51657733
499,550;16,16959195;20,52097574;18,65116071
500,130;16,31152699;20,72728622;18,82143469
500,709;16,31878846;20,86609898;19,0274101
501,289;16,42085316;21,05421656;19,27257587
501,869;16,58020395;21,22168083;19,49377027
502,449;16,66080515;21,28605191;19,60870584
503,028;16,71815421;21,48142402;19,69932309
503,608;16,89473057;21,72232475;19,78028766
504,188;16,99556823;21,91353706;19,89329098
504,767;17,15299374;22,21505327;20,13798682
505,347;17,25571316;22,41147564;20,31727189
505,926;17,47961623;22,4789505;20,60217989
506,505;17,60799487;22,59780089;20,75171106
507,085;17,7924701;22,78544925;20,91996113
507,664;17,86179197;23,00595938;21,06611253
508,243;18,11322221;23,16676724;21,20928935
508,823;18,18549549;23,32454628;21,39963664
509,402;18,37806696;23,53005055;21,6846533
509,981;18,4266106;23,65260252;21,8252072
510,560;18,52031608;23,8598909;21,98739943
511,139;18,58653584;24,21508707;22,01937013
511,719;18,64885287;24,49857612;22,08081242
512,298;18,65382996;24,69086336;22,1639685
512,877;18,80460741;24,91836626;22,37410824
513,456;18,85744694;25,0906083;22,65587066
514,034;18,98789037;25,30572007;22,91620173
514,613;19,07889281;25,50934834;23,0686777
515,192;19,28718342;25,68312507;23,30731136
515,771;19,47165303;25,86033059;23,51546934
516,350;19,60834871;25,94835946;23,74185892
516,928;19,70025102;26,11939541;24,04774467
517,507;19,87117373;26,35121696;24,3965197
518,086;19,97848905;26,55045244;24,58895279
518,664;20,16308521;26,77919931;24,62146265
519,243;20,19453131;26,97059246;24,79143076
519,821;20,31234746;27,10236849;24,94625238
520,400;20,43065871;27,33732969;25,05634725
520,978;20,52182225;27,52795758;25,24587979
521,557;20,63017501;27,7273617;25,38642236
522,135;20,83488766;27,94981214;25,53182063
522,714;20,93398911;28,04172788;25,55088431
523,292;21,0551134;28,18811591;25,71636666
523,870;21,00981952;28,31007685;26,02592398
524,448;21,18584379;28,41311576;26,12136734
525,026;21,15221699;28,64165104;26,29560789
525,605;21,2166614;28,80172158;26,48717732
526,183;21,29467075;28,92853608;26,61702381
526,761;21,41677623;29,15455414;26,81659072
527,339;21,4429444;29,25884516;27,02545968
527,917;21,55197192;29,40279475;27,30245559
528,495;21,72969623;29,63555493;27,42124436
529,073;22,00353922;29,80438529;27,45522085
529,650;22,13033527;29,95522302;27,64110387
530,228;22,36816386;30,14668742;27,76788804
530,806;22,45831219;30,28247906;27,87031126
531,384;22,64917325;30,46205442;28,04417468
531,962;22,65851306;30,64214379;28,19866376
532,539;22,81467839;30,78598306;28,34815368
533,117;22,90191353;31,04274816;28,42309334
533,694;22,97414661;31,11161163;28,67364792
534,272;22,99081476;31,25547778;28,87329273
534,849;22,94563278;31,47614231;28,91759111
535,427;22,98060634;31,67853132;29,0338564
536,004;22,99969052;31,87666781;29,1850525
536,582;22,93062568;32,0372908;29,22817996
537,159;23,09306578;32,14646513;29,41668206
537,736;23,17437208;32,33790935;29,47245045
538,314;23,24835332;32,41629337;29,60434358
538,891;23,28381395;32,55402528;29,62539702
539,468;23,3454297;32,67002861;29,60985031
540,045;23,49120647;32,8216165;29,82727836
540,622;23,64848694;32,89461991;29,98447917
541,199;23,73178706;33,04650799;30,11227009
541,776;23,95054017;33,21035307;30,18273779
542,353;23,98513211;33,25731828;30,13115796
542,930;24,05230782;33,38140107;30,25999334
543,507;24,1181793;33,54317518;30,40385761
544,084;24,17678351;33,71407432;30,55504765
544,661;24,32580101;33,81083205;30,75659497
545,238;24,42783036;33,91442616;30,84661629
545,815;24,41489148;33,99476363;30,91123898
546,391;24,54017406;34,01079829;31,01633125
546,968;24,62569446;34,06797407;31,14599744
547,545;24,78251825;34,3027449;31,34498606
548,121;24,84044931;34,44988046;31,42951136
548,698;24,94967319;34,61191713;31,48988139
549,274;25,00484101;34,61880391;31,5723355
549,851;24,98802215;34,83134758;31,64564014
550,427;25,14279172;34,98227601;31,74624253
551,004;25,24877836;35,05752181;31,80624699
551,580;25,29807087;35,17359201;31,79295877
552,156;25,328958;35,27301855;31,93130685
552,732;25,24509534;35,34191366;32,06033199
553,309;25,31697568;35,50946345;32,11715612
553,885;25,30798581;35,52305868;32,11734459
554,461;25,40378168;35,57900151;32,15912553
555,037;25,45230793;35,53760136;32,21674506
555,613;25,44206626;35,64285639;32,34191329
556,189;25,514624;35,74847053;32,52686919
556,765;25,56013338;35,86675368;32,67966209
557,341;25,63185622;35,95512186;32,7607252
557,917;25,71771534;35,94064337;32,73581255
558,493;25,72059741;35,95138341;32,86347209
559,069;25,87530552;36,04808169;33,05668174
559,645;25,93158073;36,13443475;33,16862021
560,220;26,06744241;36,2881563;33,19426188
560,796;26,06898814;36,32397107;33,14318062
561,372;26,11314856;36,42633329;33,11527144
561,948;26,16728489;36,44855642;33,1981159
562,523;26,15979449;36,55118377;33,29336911
563,099;26,18983333;36,6133171;33,40057927
563,674;26,26030996;36,71337416;33,36516519
564,250;26,18479082;36,72900275;33,29036583
564,825;26,25641894;36,88344655;33,34217238
565,400;26,15577333;36,94019299;33,48332766
565,976;26,27247102;36,96885587;33,61279745
566,551;26,27444352;36,96665506;33,73852234
567,126;26,36482542;37,02865674;33,77109776
567,702;26,43659404;37,04430543;33,73460289
568,277;26,50581866;37,16853478;33,71454589
568,852;26,55685013;37,06296651;33,74726276
569,427;26,65713886;37,15238428;33,94066305
570,002;26,74765794;37,06209701;33,91276694
570,577;26,83256347;37,04049931;33,90012952
571,152;26,94361483;37,07885325;33,99595926
571,727;27,09418078;37,14529979;33,87391425
572,302;27,08757624;37,14505035;33,82114438
572,877;27,14459321;37,14856787;33,77320026
573,452;27,28614505;37,14858058;33,75897264
574,026;27,38213038;37,18516596;33,90850028
574,601;27,40551297;37,17838241;33,88141677
575,176;27,40502574;37,38625518;33,93083501
575,751;27,51428229;37,4259712;33,99864615
576,325;27,4304359;37,43844944;33,89570578
576,900;27,33455348;37,45473707;33,94036213
577,474;27,3562342;37,55431998;33,95346741
578,049;27,37930345;37,56640012;34,04613758
578,623;27,34431878;37,64478481;34,19689658
579,198;27,26958761;37,80355521;34,15307233
579,772;27,33205448;37,92344068;34,144376
580,346;27,4091566;37,87300538;34,21419413
580,921;27,47988349;37,87847654;34,23964258
581,495;27,47936695;37,96108086;34,21128896
582,069;27,54111979;38,0037517;34,31754314
582,643;27,63517792;38,04285862;34,38667298
583,218;27,7747736;38,11300145;34,3591125
583,792;27,82260154;38,09017283;34,32236402
584,366;27,96280257;37,9828868;34,27875967
584,940;27,97699953;37,95864663;34,33098483
585,514;28,0132805;37,98030333;34,37212992
586,088;27,93617808;38,04112229;34,37486021
586,662;27,96152135;38,06068623;34,45369041
587,235;27,96341609;38,08152262;34,41780447
587,809;27,8932238;38,04801202;34,4662197
588,383;27,78640936;38,05030133;34,61222948
588,957;27,8019988;38,08028607;34,63741084
589,530;27,7453455;38,08386455;34,73372665
590,104;27,76636596;38,05143457;34,82512067
590,678;27,63571229;38,18669337;34,77445601
591,251;27,68061495;38,25860997;34,72977748
591,825;27,81051858;38,24257172;34,80727456
592,398;27,93587981;38,31408778;34,82407622
592,972;27,98022295;38,47958296;34,85385463
593,545;27,99789925;38,59765117;34,8040541
594,118;28,05571851;38,68975063;34,80252998
594,692;28,16477635;38,79643981;34,8654223
595,265;28,20739579;38,98719893;34,7175233
595,838;28,31060122;38,9585222;34,75318304
596,411;28,38572599;38,93090818;34,81170743
596,985;28,4110434;39,04302754;34,80188291
597,558;28,40379711;39,08254755;34,84783812
598,131;28,51540223;39,09245107;34,91736994
598,704;28,60202444;39,01554292;34,8884301
599,277;28,61534712;38,96358171;35,11404595
599,850;28,58195928;39,02551433;35,18731716
600,423;28,71837351;38,94495302;35,36094264
600,996;28,75754285;38,94013313;35,48145805
601,568;28,79736246;38,97805506;35,56820528
602,141;28,86472418;38,92049388;35,6877441
602,714;28,79959412;38,91569911;35,77638516
603,287;28,83812017;38,76516318;35,76421718
603,859;28,83249714;38,78273731;36,01567174
604,432;28,93193812;38,82075722;35,88697152
605,004;29,0505513;38,84323639;35,90833658
605,577;29,09607394;38,82293176;35,94543674
606,149;29,19407819;38,97519837;35,80298213
606,722;29,30574722;39,00919489;35,88456793
607,294;29,3354661;38,90246487;35,81217893
607,867;29,36484992;38,83938104;35,79008567
608,439;29,48107033;38,97238672;35,77080672
609,011;29,64722858;39,06684287;35,67822229
609,584;29,71753622;39,0677553;35,66428154
610,156;29,70082001;39,01487788;35,55146592
610,728;29,63649554;39,06348743;35,40972805
611,300;29,5462112;38,98027218;35,459489
611,872;29,48320631;39,07196867;35,32433406
612,444;29,39411837;39,29642549;35,2496083
613,016;29,44147046;39,27676398;35,39396483
613,588;29,40678667;39,23860045;35,38839275
614,160;29,35143899;39,28916761;35,50510808
614,732;29,15463304;39,28403745;35,52934078
615,304;29,26938934;39,2954055;35,61277401
615,876;29,32142585;39,42348768;35,61635948
616,447;29,34131664;39,38389078;35,64230661
617,019;29,42100575;39,27323654;35,69142016
617,591;29,52994223;39,14949622;35,76842888
618,162;29,69150419;39,15519534;35,66564528
618,734;29,65515885;39,04402582;35,70287632
619,305;29,62101108;39,00279316;35,48484878
619,877;29,78718554;39,02356917;35,45463663
620,448;29,59224307;39,17569566;35,29465925
621,020;29,65296603;39,01469441;35,48138598
621,591;29,72843163;39,09722141;35,46060364
622,162;29,76019355;39,29148611;35,45353114
622,734;29,70015275;39,27490038;35,54890296
623,305;29,76000392;39,32002585;35,49584045
623,876;29,80328764;39,45870486;35,48064853
624,447;29,87305198;39,56443789;35,48375759
625,019;29,96026088;39,58370883;35,41222927
625,590;30,13903344;39,57926836;35,60243419
626,161;30,02014186;39,64526964;35,45917565
626,732;30,04942485;39,59725387;35,47577018
627,303;30,0758497;39,52906345;35,43539799
627,874;30,28517107;39,57677182;35,32728503
628,444;30,24587722;39,58891623;35,34317941
629,015;30,31073365;39,72058118;35,32368199
629,586;30,21199396;39,58654431;35,47644138
630,157;30,14232451;39,70656882;35,57165713
630,727;30,0721919;39,61120988;35,50206595
631,298;30,18740123;39,69047947;35,59967044
631,869;30,36267632;39,68602124;35,50907125
632,439;30,31404998;39,61642446;35,71030095
633,010;30,0931391;39,56926492;35,93790729
633,580;30,07541541;39,55570903;35,98522131
634,151;30,0229358;39,54515647;35,89060526
634,721;30,00498129;39,58006723;35,89582028
635,292;30,06125084;39,46498874;35,95598006
635,862;30,1630951;39,62630147;36,04024609
636,432;30,2079603;39,59388849;36,10690835
637,002;30,05410576;39,75872515;36,31770048
637,573;30,05299257;39,84638917;36,21012352
638,143;30,1025607;39,92201405;35,97181646
638,713;30,06913175;40,01738649;36,02801829
639,283;30,10551988;39,85096224;36,12079674
639,853;30,23424367;39,78001251;36,10635312
640,423;30,18461371;39,78384759;36,1669241
640,993;30,23129627;39,65807622;36,20054794
641,563;30,1453928;39,54316407;36,09203403
642,133;30,13338146;39,35161893;35,99001878
642,703;30,16046964;39,12706032;35,91359115
643,272;30,21497031;39,10536408;35,90555885
643,842;30,33566082;39,08716098;35,71859255
644,412;30,40369026;39,05398684;35,68643594
644,981;30,48971044;39,0310254;35,58201295
645,551;30,56484523;39,09688123;35,30310522
646,121;30,40660223;38,9972687;35,13352762
646,690;30,55537634;38,9696135;35,21259942
647,260;30,65516928;38,88104913;35,17862245
647,829;30,59896302;39,0038136;35,09976656
648,398;30,69406068;39,01692445;35,16163548
648,968;30,55065051;38,84761769;35,21634414
649,537;30,54079163;39,03846504;35,22370532
650,106;30,52795171;39,14649669;35,27726905
650,676;30,57831617;39,07579206;35,54912023
651,245;30,5114771;39,13418464;35,46125936
651,814;30,40166805;39,31749179;35,45828473
652,383;30,36677719;39,33226209;35,51852141
652,952;30,50917448;39,36157789;35,56474211
653,521;30,54896575;39,2598497;35,55458081
654,090;30,59763655;39,38187789;35,59870739
654,659;30,55229958;39,21034858;35,60901471
655,228;30,48641125;39,09842035;35,63146409
655,797;30,56396684;39,11277631;35,67053423
656,365;30,74916693;39,12051567;35,7729034
656,934;30,83597445;39,01673169;35,69672718
657,503;30,68928644;39,10335045;35,6618111
658,072;30,58069259;38,94012541;35,60466309
658,640;30,4438042;38,90430488;35,5068513
659,209;30,36858328;38,91010908;35,37898322
659,777;30,41690305;38,86226303;35,3572381
660,346;30,43782228;38,81625805;35,32304786
660,914;30,25934738;38,6623665;35,13741108
661,483;30,30121922;38,60202676;35,17396984
662,051;30,30673282;38,39134187;35,23435799
662,619;30,48825514;38,36880866;35,26572881
663,188;30,65760459;38,45949163;35,34108151
663,756;30,64122079;38,53787319;35,3543039
664,324;30,78278554;38,51222099;35,45183842
664,892;30,69819798;38,50071267;35,46226111
665,460;30,72546453;38,54973826;35,31919736
666,028;30,71482638;38,59240155;35,247306
666,596;30,70792981;38,66744852;35,28368839
667,164;30,55179929;38,76378382;35,09964948
667,732;30,60607237;38,6789881;34,88223768
668,300;30,48082956;38,59607701;34,81961951
668,868;30,65964173;38,58930213;34,77274583
669,436;30,6614444;38,53331538;34,65649509
670,004;30,8825956;38,55330441;34,66398849
670,571;30,87295556;38,44308802;34,9086915
671,139;30,99329283;38,27307873;34,82348203
671,707;31,03111454;38,27709792;34,67058791
672,274;31,10548452;38,28204248;34,77306034
672,842;31,11503576;38,27634415;34,9148925
673,409;31,16447406;38,23970419;34,96553933
673,977;31,09448619;38,21574927;35,00354254
674,544;31,11549524;38,21605478;35,02049681
675,112;31,00349493;38,19791332;34,88063767
675,679;30,95668965;38,18873799;34,80670958
676,246;30,94277362;38,39127505;34,89416881
676,814;30,89119292;38,18599117;34,87067727
677,381;30,97605542;38,21424689;34,838914
677,948;31,03374521;38,33921474;35,00009904
678,515;31,10107826;38,51888689;34,95907093
679,082;31,17235641;38,56242637;35,10802666
679,649;31,16683713;38,52590277;35,15477126
680,216;31,21037975;38,65459219;35,36711156
680,783;31,33124839;38,73520837;35,26295418
681,350;31,45002038;38,67813284;35,22879631
681,917;31,58763003;38,69563044;35,20479159
682,484;31,76646405;38,82490972;35,43402407
683,051;31,7271328;38,87679777;35,26575076
683,617;31,72773672;38,86169334;35,45886437
684,184;31,62957867;38,79749467;35,42976891
684,751;31,83244185;39,1145315;35,77460308
685,317;31,82061313;39,08608482;35,71112816
685,884;31,94811338;39,26859055;35,81775015
686,450;32,02357701;39,47790528;36,00443278
687,017;32,11399472;39,68693095;36,24142607
687,583;32,02482647;39,80385758;36,27698413
688,150;32,17996468;39,93770436;36,59658425
688,716;32,24649989;40,15813961;36,58091702
689,282;32,41837103;40,37815224;36,72212719
689,849;32,584605;40,47379229;36,65313926
690,415;32,73158402;40,79255166;36,98868991
690,981;32,72206107;40,99539591;37,18958029
691,547;32,66986731;41,39261699;37,52157709
692,113;32,71190377;41,84774115;37,70900088
692,679;32,7600326;42,13895503;37,84253573
693,245;32,77659907;42,41745017;37,939497
693,811;32,87018502;42,7211523;38,29841128
694,377;33,00041258;43,14083841;38,81906666
694,943;33,00838634;43,39916098;39,10568758
695,509;33,19560853;43,74395581;39,31695707
696,074;33,32138714;43,95900846;39,56674101
696,640;33,33406077;44,10333435;39,66864551
697,206;33,43624691;44,25606936;40,25521096
697,771;33,60789096;44,55653078;40,60879381
698,337;33,90119624;44,84548587;40,93683244
698,903;33,8648078;45,21630716;41,15305135
699,468;33,88884528;45,63192861;41,00867314
700,034;33,92854545;45,87269041;41,2802149
700,599;33,98997769;46,2096722;41,66260586
701,164;34,05350503;46,31571025;41,94570505
701,730;34,35954134;46,62723633;42,22288884
702,295;34,32977323;46,94479007;42,33994416
702,860;34,55397152;47,07411888;42,57623726
703,426;34,25973556;47,37966898;42,84572081
703,991;34,54283074;47,46458116;43,10908404
704,556;34,80559071;47,5511437;43,57073065
705,121;34,8631387;47,78154054;43,89140779
705,686;34,97716638;47,75928381;43,95471023
706,251;35,16055372;48,23451986;44,28105943
706,816;35,27883296;48,32329629;44,72013554
707,381;35,61958112;48,51892032;44,70559597
707,946;35,68497495;48,6592832;44,7581512
708,510;36,10302556;48,64272516;45,02713061
709,075;36,18964274;49,03303492;45,28631524
709,640;36,1447783;49,25136961;45,44132955
710,205;36,2510328;49,27748007;45,4783465
710,769;36,37597253;49,59214851;45,69005193
711,334;36,50065202;49,69668918;45,66764715
711,898;36,70075859;50,0057901;45,63455108
712,463;36,49400261;50,07348388;46,01622225
713,027;36,39216999;50,29424012;46,38664632
713,592;36,45724471;50,54051152;46,44008931
714,156;36,66861955;50,70369723;46,57303645
714,720;36,86742366;50,62366452;46,7179559
715,285;37,03415196;50,78611506;46,91809141
715,849;37,04922829;50,71267761;47,07341006
716,413;37,07584266;51,0922254;47,25001521
716,977;36,84381667;51,20751974;47,64318436
717,541;37,11092594;51,42767305;47,56073333
718,105;37,37263123;51,55045977;47,59891524
718,669;37,49083663;51,62027144;48,01469959
719,233;37,5493714;51,43746569;48,22754811
719,797;37,64677319;51,73650687;48,32768563
720,361;37,64881303;52,05184299;48,62979895
720,925;37,83731795;52,30516123;48,8180947
721,489;37,86721856;52,29530877;48,93063872
722,053;38,08477661;52,60752878;48,98282261
722,616;38,18645774;52,68413368;49,34022037
723,180;38,25098043;52,97794914;49,75388071
723,744;38,250889;53,14256774;49,80186666
724,307;38,21765016;53,43600723;50,25223582
724,871;38,17493207;53,20921195;50,16467816
725,434;38,01894423;53,31149863;50,32599261
725,998;38,00979193;53,61002775;50,41908236
726,561;38,13298325;53,82153748;50,76003326
727,124;38,11797247;53,62699061;50,86462525
727,688;37,97850185;53,74773885;51,30591004
728,251;37,98472215;53,93650687;51,16327229
728,814;38,23241338;53,94057942;51,1700252
729,377;38,14404997;53,82953253;51,30534114
729,940;38,39953839;54,24307435;51,95475171
730,503;38,86454106;54,32636615;52,11283114
731,067;39,03470398;54,19833211;52,31712517
731,630;39,19136488;54,22874324;52,21329051
732,192;39,00976564;54,19568395;52,3263438
732,755;39,26256878;54,15688365;52,15721532
733,318;39,33503296;53,99302255;52,42897286
733,881;39,03248046;54,42094467;52,50074001
734,444;39,01580558;54,48928716;52,45376013
735,007;39,21695288;54,26331412;52,34332012
735,569;39,16457343;54,34396548;52,14843307
736,132;38,83489416;54,55999055;52,38607922
736,694;38,64603326;54,36356539;52,99905441
737,257;39,13236486;54,51426408;52,81496525
737,819;39,12973802;54,68063852;53,12268025
738,382;39,30217248;54,76497707;53,21714478
738,944;39,59453373;54,45586519;53,59410708
739,507;39,90701482;54,67646175;53,69546929
740,069;39,46567745;54,86773552;53,7160817
740,631;39,67557402;54,91099734;53,83230192
741,193;40,00219621;54,77831161;53,5860025
741,756;40,25213821;55,12260019;53,41403545
742,318;40,238983;55,22011765;53,87007103
742,880;40,67479584;55,27066156;53,41037568
743,442;40,81296351;55,63302149;53,6502988
744,004;40,93132605;55,88098574;53,23954673
744,566;40,80068887;55,7017607;53,24483618
745,128;41,24244214;56,05091191;53,2899713
745,690;41,26268657;56,13523579;53,56527597
746,252;41,16854527;56,0691363;53,8152723
746,813;40,88146696;55,83205841;53,93804283
747,375;40,66242204;55,80842196;53,51128066
747,937;40,38957089;55,6024696;53,9565793
748,498;40,31639624;55,43202354;53,40444389
749,060;40,49815712;55,28975324;53,9571253
749,622;40,58975113;55,4124168;53,92659709
750,183;40,71984986;55,26539086;53,99799912
750,745;40,40912325;55,34527724;54,0581555
751,306;40,55425534;55,64629393;54,15296488
751,867;40,99634149;55,79345282;54,18016993
752,429;41,37109221;55,88517533;54,31035549
752,990;41,46875151;56,18219605;54,25768448
753,551;41,39111918;56,15355488;54,81419642
754,112;41,10780265;56,29265314;54,91694804
754,674;41,30274554;56,21195947;54,87998153
755,235;41,12546858;56,3356344;54,9896088
755,796;41,53178244;56,10778966;54,67914415
756,357;41,62845829;56,22410307;54,5221005
756,918;41,64771079;55,93705819;54,78505749
757,479;41,53626232;55,51835464;54,91537947
758,039;41,32695616;55,36151221;54,81280109
758,600;41,41693357;55,41267418;54,15361832
759,161;41,49151366;55,38613274;53,38456851
759,722;41,12180266;55,46037084;53,27684229
760,283;40,63255145;55,34509581;53,48948774
760,843;40,35329962;55,16288348;53,20944372
761,404;40,5782574;54,82658383;53,36035962
761,964;39,99729952;55,26396701;53,07408701
762,525;39,9472311;55,78600488;53,39309816
763,085;40,35306256;55,83845575;53,7217874
763,646;40,78464012;55,26801224;54,39695791
764,206;40,28633536;55,39837354;54,27198363
764,766;40,61016339;55,71313287;54,04570019
765,327;41,13550811;55,98542171;53,49418473
765,887;41,71184914;57,0111826;53,85579797
766,447;41,13029495;56,67016466;54,09542297
767,007;41,98615957;56,66337406;54,38034827
767,567;41,90015419;56,83953016;54,081798
768,127;42,05541637;56,95171661;54,00500295
768,687;41,73906123;57,39331835;54,00730702
769,247;42,13792843;57,20179743;54,69908947
769,807;42,09855958;57,17757315;54,73008145
770,367;42,08049851;57,22386433;54,94097614
770,927;41,60608812;56,90339513;55,18400117
771,487;42,29688684;57,13681174;54,90474978
772,047;41,79628718;57,22561521;54,57421729
772,606;42,47062673;57,35093362;55,58391986
773,166;42,46230261;57,02148766;55,60008482
773,726;42,92396067;57,04125829;55,33744566
774,285;42,8554991;57,45077194;54,85192278
774,845;43,09611666;57,74584981;54,95033657
775,404;43,36349387;57,74089907;55,12672903
775,963;43,32591219;57,76030903;54,66488927
776,523;42,93936666;57,8652087;54,13695619
777,082;43,24567345;58,04469848;54,61578657
777,641;43,07280676;57,69441411;53,42149396
778,201;42,72340724;58,11544901;53,5299423
778,760;42,58005288;57,92442857;53,51108794
779,319;42,72260322;57,87492035;53,93700587
779,878;42,70975253;57,08158898;54,20645015
780,437;43,00576536;56,8646827;54,4941693
780,996;42,98567009;56,61536334;55,18407104
781,555;43,04000463;56,49277088;55,77586552
782,114;42,86444396;56,33047426;55,27194799
782,673;42,78327636;56,78636785;56,11004962
783,232;42,87953442;57,066097;56,19006829
783,790;42,62484263;57,4332058;56,7530424
784,349;42,85489277;57,02504618;56,36493505
784,908;42,54760573;57,30271257;56,87934886
785,466;41,79482145;57,36420736;57,17191229
786,025;41,82994728;57,56328618;57,47419548
786,584;42,13371142;58,48720376;57,40795927
787,142;42,23600788;58,40888497;57,69396499
787,701;42,21185014;58,12323602;57,15316979
788,259;42,58387014;57,88648361;57,5550053
788,817;42,64804497;57,89314343;57,26620083
789,376;42,08120486;58,39768516;57,01304893
789,934;41,91112781;58,6933381;56,31313521
790,492;42,1651037;59,26645996;56,30878945
791,050;41,96040919;59,191977;55,9682418
791,608;41,59016458;58,61789165;56,7436163
792,167;41,19752716;59,01682958;56,14340398
792,725;40,66610169;59,61093245;56,11777944
793,283;39,85563794;59,62650682;56,03372586
793,841;40,09543142;59,51964353;56,42145365
794,398;39,98312212;59,10854128;56,37556228
794,956;40,10895998;59,12749286;56,6523052
795,514;39,53699718;59,25617034;56,61826716
796,072;40,1904258;58,95171158;57,16827257
796,630;40,11360902;58,71673949;56,98276749
797,187;40,30925004;58,62492054;58,09882258
797,745;41,27699456;57,89953146;58,59278503
798,302;41,08380844;58,20063757;58,23193192
798,860;40,59438255;58,47371687;58,34475575
799,417;41,40483736;59,23513307;59,15313662
799,975;41,38786364;59,52142927;59,04314793
800,532;42,29173537;59,00395126;58,47113561
801,090;41,76909516;59,39960082;57,76125917
801,647;42,45840602;60,07055482;57,36961805
802,204;42,69912404;59,9321564;56,80229894
802,761;42,52740612;60,10030341;57,63905536
803,318;43,8616383;59,83337997;57,77244127
803,876;43,50324193;60,02657811;57,85264532
804,433;43,306315;59,39380271;57,3952227
804,990;43,68517456;58,94813133;58,0259055
805,547;43,26341232;59,1797342;57,96353997
806,104;43,37861829;59,11989909;58,38679092
806,660;42,89897832;58,83580931;58,4191776
807,217;42,74739277;58,10487023;59,33984974
807,774;42,12744352;58,3280879;58,19420684
808,331;41,74934304;57,94789514;57,95780936
808,887;42,37716475;57,6884924;57,47464169
809,444;42,23670018;58,167732;58,02975758
810,001;41,80119355;58,27179044;56,99519185
810,557;42,20700118;57,78189415;57,37057067
811,114;42,0976378;57,86983011;56,31416142
811,670;41,87382002;57,61828689;55,2895018
812,227;40,82262397;58,52130462;54,58235159
812,783;41,12233618;58,3624925;55,72446031
813,339;40,84903857;58,87769135;55,90756351
813,895;41,46622837;59,06867717;56,1639803
814,452;40,74784695;58,84080566;55,39526558
815,008;41,54249523;58,08584035;56,43166059
815,564;41,26872678;57,74424436;55,78291853
816,120;41,60497167;57,60780409;56,74649501
816,676;41,19427671;57,82640042;56,81830699
817,232;42,58373598;58,00027929;56,78659475
817,788;42,58351863;57,97613217;55,91825315
818,344;43,05372994;58,44428463;55,93962164
818,900;42,48906212;57,93790123;55,8852175
819,456;44,11998954;57,74123923;56,37909917
820,011;43,49988161;57,96385029;55,93271519
820,567;43,59927802;58,29162678;57,11384796
821,123;42,76538535;58,14173385;55,50809825
821,678;43,96960822;57,44572819;56,05839794
822,234;43,83295498;56,89406494;56,8644195
822,789;43,67536539;56,79567885;56,16568968
823,345;42,84715534;55,8993348;56,29076695
823,900;42,70191314;56,83753477;56,42416361
824,456;41,00772445;57,14691078;56,4438367
825,011;41,75074529;57,40458612;56,26625701
825,566;41,68625794;57,37578101;55,47128194
826,121;42,63637104;57,4481858;56,92765732
826,677;41,89034259;58,39771654;57,71379781
827,232;41,22236006;58,85628757;56,1258053
827,787;41,30456345;59,68919824;56,75303546
828,342;41,86502489;60,19609923;56,47359715
828,897;41,75689995;59,60486116;56,69383088
829,452;42,97323799;59,15919589;57,37955696
830,007;42,60595657;59,86660605;57,51316818
830,562;43,34010044;60,60645441;57,39543437
831,116;42,73058513;60,73067551;57,17383834
831,671;43,04404225;60,36124409;58,12186528
832,226;43,23757996;60,76192765;59,1788474
832,781;43,13009007;60,21460455;58,97802646
833,335;43,48071705;60,35761565;58,7429265
833,890;43,59023221;59,90730304;58,71656031
834,444;43,32908237;60,54409571;58,21869362
834,999;43,89922417;61,55411665;58,0597435
835,553;43,03208024;61,04647114;58,46114504
836,107;44,25077265;61,04140162;58,0591589
836,662;45,09194598;60,29227174;56,51185722
837,216;45,75816213;59,79367118;56,92571848
837,770;45,63816698;59,73264283;57,19149028
838,325;44,39956435;59,70729472;57,64623163
838,879;45,11041063;58,76616924;56,73811547
839,433;45,65122895;58,71626438;56,25706299
839,987;44,54466196;56,85570305;56,23864053
840,541;44,08663594;57,50076528;55,96116863
841,095;43,10718509;58,12944664;56,04930565
841,649;42,13436263;58,78424887;56,29946815
842,203;41,30107733;58,62462995;55,38287108
842,756;40,96088852;58,33440561;56,20984158
843,310;42,2074869;57,41202828;55,75645593
843,864;42,10505478;59,04762104;55,36176074
844,417;42,39284766;58,50658395;54,59433202
844,971;43,68063294;59,46046067;54,52505097
845,525;43,70399097;59,45631882;53,9463732
846,078;43,67164435;58,25075769;53,741917
846,632;43,72166384;57,92097481;53,27490418
847,185;44,99667305;58,02593834;53,28401125
847,738;45,09404431;58,84003541;52,18921924
848,292;43,90103657;59,53339091;51,98675891
848,845;43,08050089;58,97961419;52,13499863
849,398;41,20686865;58,76641396;53,40854021
849,951;40,03015974;58,45210984;53,07666874
850,505;39,79102217;57,15117416;52,91756583
851,058;39,43089472;57,4704195;53,33029707
851,611;39,27499833;57,26221924;53,78298718
852,164;38,12253406;57,09866612;54,31601254
852,717;38,22352423;56,77691506;54,44597007
853,270;40,02850904;56,47287966;54,66923662
853,822;40,3841761;56,64878842;55,16902178
854,375;40,94432969;57,42918553;55,38487334
854,928;41,9547994;57,05989768;56,21852506
855,481;42,86199081;57,54816949;56,99156729
856,033;43,85202094;57,23201609;58,60480065
856,586;44,74837515;56,80745012;58,92755341
857,139;45,72543363;57,47560934;57,64260256
857,691;46,62754438;57,71981588;56,63826522
858,244;46,17415323;57,01955098;57,49150575
858,796;46,21496036;56,14754187;57,56056214
859,348;47,05223331;56,390141;57,97638792
859,901;46,11392811;56,8958228;57,914311
860,453;45,37536855;57,09750141;57,71084421
861,005;44,76081054;57,50439464;56,04332898
861,557;43,75957922;58,46593503;55,87891277
862,109;44,38155628;57,36760209;55,88535776
862,662;44,2549854;56,43626871;57,81641971
863,214;43,9553824;56,73874417;56,80902219
863,766;44,43158135;58,50768282;56,60556966
864,318;43,28745059;57,23052802;55,29791907
864,869;43,94502369;57,78637592;55,20249487
865,421;44,81963449;57,83561829;56,08239449
865,973;44,79166829;57,5249164;56,95295259
866,525;44,34318953;57,59267666;56,59143202
867,076;42,96011552;58,77938388;57,6948582
867,628;42,89036358;59,09489365;56,57654016
868,180;42,20463047;60,10422358;57,84649896
868,731;41,53414293;58,6126692;58,66712749
869,283;43,74285989;59,02002679;60,43631257
869,834;42,72449604;58,07250568;60,78340999
870,386;41,95182432;59,24102856;59,62453987
870,937;42,00681919;59,15570618;58,62412116
871,488;42,7717421;58,75945174;58,30528179
872,040;43,48031375;58,57344454;57,74535033
872,591;42,77600201;59,55620005;59,24055418
873,142;42,40456926;59,33092332;58,08172749
873,693;43,44646754;59,89024891;57,30851711
874,244;41,3809534;60,61918956;55,56263561
874,795;41,77327527;61,77657013;55,89578269
875,346;42,05336703;60,76295749;55,7068697
875,897;42,04731643;61,1587542;54,92048518
876,448;41,87159984;61,71612924;55,09002391
876,999;41,84253598;61,59084772;56,17325127
877,550;41,3420873;61,28882982;55,44816292
878,100;41,97360417;61,516439;55,90096821
878,651;39,97118269;62,33383217;56,16033982
879,202;40,61389557;61,34101391;56,44824083
879,752;42,13092854;60,23609086;55,33334913
880,303;42,44343541;60,5228357;56,90163027
880,853;42,0818363;61,2046824;58,20877261
881,404;43,39483095;61,16840086;59,78292486
881,954;42,45940766;61,96353053;58,16308725
882,504;44,19134547;62,04259815;56,22350176
883,055;45,7459003;62,15679848;56,32422436
883,605;47,67730506;61,56689513;57,19191494
884,155;47,68094157;62,44521083;57,24897294
884,705;46,47915344;63,93086649;58,42085573
885,255;46,86103058;62,62111149;57,38302422
885,805;48,00431736;61,63821827;57,50428242
886,355;48,22292409;61,49739468;57,59120224
886,905;49,7322859;60,9238343;58,44810291
887,455;48,77395849;59,13584038;60,28555288
888,005;48,16559697;59,82990332;59,73933381
888,555;47,61877546;59,77517423;59,43358965
889,105;47,68128957;60,83603327;59,43744562
889,654;48,11829498;60,01043523;58,2787526
890,204;47,66319811;60,59702139;58,67076716
890,754;46,51108509;61,12118156;57,07130198
891,303;46,18726689;61,58051934;56,8630403
891,853;43,93091644;60,15865237;57,28931785
892,402;43,82189724;60,82504854;57,81572603
892,952;43,24865736;58,7855279;57,14610149
893,501;42,81389548;59,46010915;56,45328362
894,050;42,66331123;57,59380662;56,40154261
894,599;42,52885271;58,22057492;56,34762038
895,149;42,30583006;59,22731335;55,90253327
895,698;43,22526646;59,12650724;57,39248382
896,247;41,24506426;57,61140355;56,88784057
896,796;42,44424392;59,47931367;56,43464397
897,345;42,87870404;60,97099676;54,38556496
897,894;42,05807063;64,6839633;57,32288084
898,443;41,47892835;64,29183587;56,68394427
898,992;42,29510398;66,2701686;57,67053966
899,541;42,76668791;65,47158204;58,58415966
900,089;43,31063547;63,37535297;59,81512711
900,638;42,16147781;64,36397257;58,60170593
901,187;43,14168655;66,03010394;58,27749043
901,735;42,23337787;65,6165046;57,18114046
902,284;42,31227077;64,27488266;57,64485628
902,833;42,44108328;62,2226029;57,52961083
903,381;43,94433947;61,34655088;57,74112323
903,929;43,79309897;59,9558148;56,34446704
904,478;42,77465448;59,22108007;56,18771704
905,026;42,18980575;60,36249334;54,54545256
905,574;42,59492878;59,47422364;56,17402291
906,123;41,79004007;57,26397225;56,46654298
906,671;42,37597454;57,28028559;57,6707064
907,219;41,26405217;56,9034991;56,16398686
907,767;41,41963741;57,1249179;54,56717059
908,315;41,92612225;56,33410368;55,47531482
908,863;43,34705581;56,93183813;56,94129248
909,411;45,26849229;56,50768199;55,52715927
909,959;45,47720083;55,54302765;56,92245155
910,507;43,6789303;56,75072765;55,80709149
911,055;45,36550365;57,91731224;56,53266958
911,602;43,07744708;57,94264651;55,95018053
912,150;44,21751447;57,96550258;58,97188172
912,698;43,4055785;56,00177969;59,80717562
913,245;42,08114656;55,57432729;58,60166683
913,793;39,58800789;55,9934412;57,63681568
914,340;37,78257522;58,92215229;58,52503631
914,888;38,9528033;57,9397897;57,41153885
915,435;40,8829329;56,89489548;58,35818602
915,982;39,30012325;56,74426544;58,72339026
916,530;42,87023095;57,26080702;60,63062032
917,077;40,81505672;59,50685049;58,55851677
917,624;42,02130055;60,45225612;58,36260745
918,171;42,33724816;60,51254406;59,57190362
918,718;42,7161234;59,88944496;59,645053
919,265;43,32027104;55,66677506;60,78131571
919,812;43,05516959;58,59919503;59,82346963
920,359;43,42470294;56,58968989;59,9234786
920,906;43,03538444;58,47841758;58,28986807
921,453;43,20505254;57,90827664;55,58510361
922,000;44,80972313;56,60505985;56,53339256
922,547;44,60342351;57,58180314;54,99834588
923,093;44,61305021;59,30157026;54,71488522
923,640;44,24505399;59,22426764;52,90576203
924,187;46,23709609;60,46641145;53,52281819
924,733;44,76359054;59,07245308;53,34572499
925,280;44,76739373;60,34004576;53,63181509
925,826;44,20761501;58,91363138;52,76126806
926,372;41,908285;59,09519956;52,18500043
926,919;42,61255511;58,16306364;50,71238264
927,465;44,7387959;58,0165096;52,10307788
928,011;42,40423063;56,84423689;49,54001066
928,557;45,8209707;56,03250185;53,83959917
929,104;43,06986783;57,3861859;49,02765106
929,650;43,65476021;59,65987898;52,18673804
930,196;41,85268086;59,82422941;50,88459116
930,742;45,62902549;58,87373812;52,28151787
931,288;48,71714677;58,25502256;50,90670081
931,834;46,55734874;57,7569755;52,61078756
932,379;36,97668431;56,10611513;45,94028581
932,925;41,05702116;58,86033906;52,49853491
933,471;35,00195541;56,29016742;46,81138189
934,017;30,27207138;58,23875287;53,21704777
934,562;28,01728791;60,623928;51,50254392
935,108;29,77560246;61,55088626;53,67542058
935,653;24,92966398;59,38028596;51,20137532
936,199;24,45109799;57,301056;54,04057559
936,744;23,22346738;59,55921025;52,52834242
937,290;36,19224922;55,19204757;62,64637198
937,835;36,06244735;54,00433732;53,15723327
938,380;40,01183925;55,42497683;52,7096885
938,926;39,33039428;49,29121027;45,61603677
939,471;44,03982211;43,03454879;40,49540829
940,016;41,39731758;39,32897106;36,62555343
940,561;50,36880741;39,04155816;39,84162606
941,106;52,00213252;41,15894019;43,50805275
941,651;59,48616833;36,77208459;42,9908808
942,196;53,37710018;43,74628779;39,6516252
942,741;48,5614416;42,3654029;42,70846574
943,286;40,39097336;45,61919082;42,09267199
943,831;44,01180984;52,13815466;46,31869736
944,375;38,98987096;50,61422335;51,43552932
944,920;39,8874731;57,06677037;51,88714948
945,465;35,03193417;56,18850588;50,97632515
946,009;31,80799117;52,09516122;50,10428202
946,554;28,99094156;51,32893864;54,42284446
947,098;26,26590353;48,61957816;54,95968642
947,643;27,03902877;49,48706855;53,60708632
948,187;29,86812563;48,78399568;53,95249655
948,731;32,30387315;46,9716253;52,74589373
949,276;36,53464408;49,79154604;50,16207175
949,820;37,00900601;49,91208668;47,60662745
950,364;32,65682279;51,19859059;49,78329043
950,908;33,71043812;52,30855745;42,25155871
951,452;34,90326283;54,63013888;42,89611856
951,996;37,41428702;58,19099706;45,60570443
952,540;37,65704683;56,99487868;53,60745245
953,084;40,70040851;56,74765501;54,92629275
953,628;37,64922158;61,65088351;55,71061446
954,172;37,54631655;58,83746234;59,0039983
954,716;40,0441232;60,39759411;61,24055999
955,259;36,90902919;60,96104252;55,60284995
955,803;37,66121704;62,68024231;65,66206684
956,347;33,74832182;59,42751654;63,01614144
956,890;34,97365595;56,113634;61,49199823
957,434;35,90263937;56,0208064;55,1619892
957,977;34,27911029;56,32846109;56,85042907
958,521;35,85981009;50,53931636;58,57530407
959,064;35,6580956;51,67713342;55,73114457
959,607;34,76063861;47,53231496;57,71276473
960,151;41,13420426;46,12696978;58,9670002
960,694;39,15302631;45,4926817;53,99682655
961,237;45,77797827;47,89008539;56,33137305
961,780;45,71099306;50,13310611;52,87594262
962,323;45,38568797;49,34648094;52,98606211
962,866;43,87840616;43,67713003;53,59621513
963,409;39,39837628;45,2139954;54,50636937
963,952;38,1339542;43,19981576;53,5870583
964,495;42,63609288;46,63805308;54,2792783
965,038;42,18298485;47,39703341;55,51839587
965,581;43,70632332;48,6605865;58,96748409
966,123;41,43583143;49,82953078;55,88017893
966,666;41,6883845;48,37940465;59,20240255
967,209;41,95061719;48,39788282;60,78029889
967,751;44,83411337;54,04289788;59,18192824
968,294;47,30483876;52,55191871;55,83999602
968,836;48,03028326;53,16978535;58,60947813
969,379;41,9114797;51,42876737;55,57923712
969,921;40,5370077;53,95648187;55,25488384
970,463;36,33815769;53,07502141;54,72580923
971,005;37,24013202;55,74269557;55,71314847
971,548;37,72236169;54,67869445;56,02413526
972,090;38,69181141;55,66954086;54,26101813
972,632;37,19021798;53,05494299;52,86231591
973,174;36,10019741;56,9487112;54,74778617
973,716;39,55722895;58,94477354;52,01756893
974,258;43,42599828;58,38579717;53,78984024
974,800;45,53915364;55,77086406;53,09552526
975,342;50,33912058;56,44367225;51,36412719
975,883;46,21883442;53,56821439;50,3936515
976,425;42,37675286;55,33291871;48,478022
976,967;40,37666253;54,11319652;49,23399161
977,508;40,3278421;55,55078888;48,80407121
978,050;41,80482857;52,27493178;48,65646613
978,592;38,59148783;53,54227297;51,05581083
979,133;39,43929825;53,51786524;50,72723504
979,674;39,43651302;55,91622595;49,32143487
980,216;38,33707937;54,63751995;51,82337924
980,757;42,04644983;56,39520219;52,29007681
981,299;43,10154725;55,27905631;53,1060182
981,840;45,06172604;57,33166434;53,45645024
982,381;46,15798318;56,98519978;53,61367345
982,922;49,13497133;57,58428815;54,10115856
983,463;49,85518486;57,99379267;52,95420187
984,004;44,23667191;57,06268206;55,59349747
984,545;43,23698517;56,3550665;55,9371579
985,086;45,44244016;58,04469357;54,80835462
985,627;43,5464737;55,12529919;55,13294816
986,168;44,39038918;58,79157395;54,8127178
986,708;42,09684477;54,95783198;54,51165294
987,249;41,86509302;54,07066747;56,21593881
987,790;39,16924647;51,28973158;57,00240011
988,330;40,56828641;50,77046932;60,53195929
988,871;41,75183265;53,33655948;56,86766611
989,411;41,7727981;52,89045266;57,84195906
989,952;38,36246539;50,81781457;56,84687164
990,492;44,73144136;51,29398373;59,57819267
991,033;43,62559816;48,08975708;60,88023642
991,573;46,59753964;50,11715028;60,38893453
992,113;45,35660966;48,58801018;60,78768972
992,653;44,93675884;52,19696399;62,26260156
993,194;43,66550214;50,26961414;60,9160526
993,734;44,32111459;48,01079354;64,25935944
994,274;45,03034822;49,4019395;63,08571553
994,814;48,88945819;52,62783767;65,83221187
995,354;43,74519616;52,3743173;61,0489973
995,893;47,62022822;54,54282133;59,69325673
996,433;46,01378152;56,30101336;58,61224089
996,973;46,74591928;62,08712059;56,22978021
997,513;46,39721775;62,29786198;55,7353438
998,052;52,36031859;61,11767836;53,83446142
998,592;55,12239549;63,36231914;51,60784368
999,132;52,82675513;63,15536247;50,88286288
999,671;48,69739275;59,02082796;50,25380513
1000,211;47,82337052;62,02798404;50,83383402
1000,750;48,53745557;61,83244863;50,43220357
1001,289;53,12890355;60,30766564;55,28572777
1001,829;52,16953147;60,31218241;56,47419955
1002,368;59,68586315;62,56521939;55,93593701
1002,907;50,83455075;66,72853891;55,38431101
1003,446;49,26250713;63,99419422;54,91693173
1003,986;47,77364246;62,15631395;55,85090316
1004,525;52,99434219;59,46897369;53,33127572
1005,064;55,90948591;58,57736595;50,64672103
1005,602;50,51633219;53,98088825;53,08161589
1006,141;43,19378556;57,45726485;48,31717016
1006,680;43,99070581;58,60874859;49,18543534
1007,219;38,26568306;55,22544842;42,02346031
1007,758;42,13020951;55,13209191;41,31957888
1008,296;45,53879445;56,33817454;37,76181094
1008,835;50,85407184;58,28898923;37,84153101
1009,374;45,35376078;64,14496365;38,98758674
1009,912;47,31088074;64,5775263;41,05995317
1010,451;54,12665393;65,7284947;39,50934565
1010,989;59,24189577;64,73100145;42,77139176
1011,527;60,42718505;61,09691522;41,32775556
1012,066;66,54671529;59,26508594;42,28245349
1012,604;66,4129762;60,78911484;44,17679555
1013,142;67,50420938;63,59777438;48,83569308
1013,680;63,11942225;60,59612047;47,75816293
1014,219;65,1544681;58,54817821;46,44756077
1014,757;61,64536506;59,05849102;47,19621102
1015,295;58,06124579;60,67840303;45,94441373
1015,833;53,25367329;59,59585041;43,56800336
1016,370;52,48437672;60,84351852;46,67251155
1016,908;42,90230051;64,74280294;49,86666717
1017,446;43,43507206;60,42955137;52,17934338
1017,984;42,73146263;59,41136244;54,4503167
1018,522;44,40829092;55,99591178;57,56233966
1019,059;46,05037446;59,43294534;58,45370462
1019,597;53,33727822;61,22526511;60,63479976
1020,134;51,96486599;60,10406119;65,06097902
1020,672;59,82155793;58,82646061;65,27442137
1021,209;56,09594238;58,82649668;62,96391594
1021,747;58,13377756;59,24201384;62,88894678
1022,284;56,9258664;60,99373667;61,12009784
1022,821;57,94954042;56,97344782;55,94405781
1023,358;54,63950481;67,28726217;51,94451149
1023,896;56,33304427;68,72490115;55,26591639
1024,433;44,0921766;61,40371494;52,91819036
1024,970;43,65238249;58,99012465;50,1290936
1025,507;39,59352413;56,22581887;47,77890127
1026,044;45,5472128;54,83540209;53,28006292
1026,581;47,89562016;51,70303112;54,17885504
1027,118;45,96433962;50,71438365;52,76182238
1027,654;41,96699646;52,26176222;57,31070916
1028,191;44,44882643;47,34672213;57,10471074
1028,728;35,90308335;40,64977364;52,83423595
1029,264;43,33242654;43,49993298;54,24238195
1029,801;43,29970296;47,5809646;59,17282237
1030,338;42,05386367;54,75464416;68,89616008
1030,874;33,60365655;51,49398692;62,88596618
1031,410;32,62667312;54,91180634;66,44951205
1031,947;30,76124347;53,8866796;60,69327286
1032,483;31,19416229;56,4948468;64,01950013
1033,019;31,0032741;58,58969148;70,20666927
1033,556;34,43090094;58,91437306;73,643779
1034,092;23,66370606;53,86088842;72,45460078
1034,628;27,86916791;50,5308474;70,6842517
1035,164;30,38762546;44,79827408;63,82526366
1035,700;30,48903317;42,8202545;71,3944473
1036,236;25,82089768;39,88035977;65,65742443
1036,772;25,64052221;41,85271436;71,50750805
1037,308;26,91924518;44,12795328;61,34333187
1037,844;39,57789243;45,66867804;54,38289059
1038,379;42,56559734;47,86362977;52,69886004
1038,915;52,21572321;47,49675177;53,89679419
1039,451;45,7305494;46,65873267;54,96494055
1039,986;49,66210298;46,43091051;51,71740116
1040,522;55,9728908;50,95165369;51,35903834
1041,057;60,26072824;49,22901559;58,34956902
1041,593;60,91775401;41,93243999;55,87030681
1042,128;60,27213631;34,84162975;63,46988919
1042,663;43,5677562;37,26235852;64,79512109
1043,198;45,75840527;33,69626164;63,50647571
1043,734;34,59715561;40,97486864;66,03773523
1044,269;39,76083681;52,22367995;68,01021493
1044,804;29,33020337;53,16455472;64,38756469
1045,339;19,2858681;61,08003596;55,07936126
1045,874;24,70820877;58,76016104;47,72467925
1046,409;32,26851034;65,12291366;48,09314355
1046,944;23,4305913;66,61676641;39,18652487
1047,479;19,39291754;53,31061174;41,97116409
1048,013;16,26892463;56,16171522;44,38976139
1048,548;29,2851862;59,01961258;36,08437415
1049,083;32,23612638;45,19707754;31,0034743
1049,618;34,53141484;45,79624333;46,70493855
1050,152;46,47292581;36,74931255;50,16149364
1050,687;38,63915413;39,04788115;51,26777958
1051,221;29,7645509;33,46764074;48,19906296
1051,755;40,09057331;33,20352965;59,61374678
1052,290;39,34226389;36,67146974;56,54108194
1052,824;40,35901584;27,83882761;47,52418833
1053,358;32,95687735;29,18896596;56,3169146
1053,893;29,97672884;31,27325544;52,75978428
1054,427;28,46223138;35,9616509;42,67165515
1054,961;27,06878068;40,49234205;41,32982667
1055,495;20,95946817;41,5519407;44,72131355
1056,029;28,13370537;42,38375223;45,31963335
1056,563;17,73700031;46,33976523;41,52722018
1057,097;27,03799599;50,04611638;35,59701561
1057,630;34,73419248;65,00000281;40,98760041
1058,164;41,67267672;70,74345813;36,74242508
1058,698;19,53694655;68,33968699;29,53353863
1059,232;29,78134686;66,92506562;23,88622545
1059,765;25,60241052;69,97824714;31,53153246
1060,299;30,05706843;65,56474004;19,79374709
1060,832;27,59440731;68,78495364;22,26640408
1061,366;41,26424151;67,89119576;31,20900008
1061,899;45,52051202;61,30934755;37,75968784
1062,432;44,0608517;47,16193857;40,30165047
1062,966;43,61846378;39,66495708;50,45646414
1063,499;65,63597566;35,75276673;63,78714405
1064,032;63,49548079;24,16418498;60,57126052
1064,565;72,11496967;-1,754384833;47,8149939
1065,098;80,05330654;-0,244325356;52,1003503
1065,631;66,02079177;-5,677328774;56,97913302
1066,164;36,92543084;-1,391190588;53,41037232
1066,697;23,90924858;8,190420077;51,41225848
1067,230;0,646899681;12,73869287;52,3380266
1067,763;-3,486344367;8,400103445;50,40694495
1068,296;-20,98577175;11,82440963;45,00000215
1068,828;-9,191919258;20,48137014;57,20680525
1069,361;-14,08653768;31,14574226;59,17480669
1069,894;-31,27615154;37,6247001;57,36366472
1070,426;-16,72077956;42,64669842;59,04732558
1070,959;20,86031571;38,22364946;65,7230747
1071,491;32,04334122;38,1218275;60,63464998
1072,023;31,966447;30,38520907;63,97654131
1072,556;27,81774529;23,34789807;60,78701405
1073,088;49,27940527;26,69466273;75,69128247
1073,620;36,35198634;23,03244548;64,8475119
1074,152;46,95481891;32,93563497;70,11558867
1074,684;47,66428922;17,73276499;66,86248019
1075,217;51,7083293;12,50422428;72,58631069
1075,749;33,3683647;17,96346203;66,80915915
1076,280;40,90452304;16,76379874;72,30621006
1076,812;34,01264637;31,07359611;66,13201983
1077,344;64,93313751;43,16003552;68,61408774
1077,876;34,44593136;34,57653261;61,0642646
1078,408;57,17255502;42,33695607;64,2510422
1078,939;11,37487612;27,80764676;56,80345649
1079,471;40,7068;36,7832997;61,60025551
1080,002;12,32014536;30,49510215;43,79939239
1080,534;32,69754697;31,90849131;40,73400023
1081,065;13,76146837;36,11270838;40,4447541
1081,597;25,36010486;34,16801486;24,34429138
1082,128;25,04416878;29,41791626;32,90246863
1082,660;34,94679116;44,76665155;16,90561528
1083,191;42,87575992;34,6228989;16,34590114
1083,722;53,40337886;28,0435628;20,5736335
1084,253;35,74902606;19,5932396;18,75000089
1084,784;62,4508544;37,18932193;24,19995266
1085,315;54,93704057;32,64166104;27,59839738
1085,846;89,44820963;35,0285712;26,20753484
1086,377;85,81477274;27,83964406;32,78218529
1086,908;81,43939188;29,11662708;18,60158259
1087,439;124,0963992;30,9216197;26,69117787
1087,969;69,04422381;30,49095602;31,14571856
1088,500;42,26633755;38,07155077;20,92464006
1089,031;62,86408075;49,66307118;23,72068264
1089,561;40,72454764;40,00881187;14,1853039
1090,092;38,8692599;40,8076032;22,08611654
1090,622;23,08734035;40,12532319;24,42151245
1091,153;32,86407903;50,79826013;19,01884084
1091,683;39,17631052;53,66110997;27,83286134
1092,213;26,9126606;49,48583067;38,72180376
1092,744;25,17766472;50,45988603;35,1851846
1093,274;38,27586141;44,78840884;55,05656322
1093,804;34,43649354;35,12486408;58,20278045
1094,334;43,37312456;41,58585165;75,81658403
1094,864;40,71133634;36,67366176;72,90776027
1095,394;34,13296841;36,2637363;76,32776629
1095,924;45,58767007;33,08519344;90,85602617
1096,454;44,33584865;27,82608803;97,42268284
1096,984;54,05819123;37,65848477;77,55888523
1097,514;46,59349075;32,27911605;96,61412228
1098,043;35,54084059;33,00786385;66,65036933
1098,573;45,14672764;36,20376045;64,44769601
1099,103;29,47232858;33,49088439;49,79108303
1099,632;34,30401712;39,56684732;21,51208166
1100,161;47,46632243;35,06809204;40,85106432
