Filename-->;FLOR_ABIERTA.RFL8;FLOR_ABIERTA_2.RFL8;FLOR_ABIERTA_3.RFL8
Mode/Unit-->;;;
Int.time[ms]-->;1,049999952;1,049999952;1,049999952
NrOfAverages-->;20;20;20
Smoothing-->;4;4;4
Wavelength [nm];;;
172,206;82,26371248;62,97160785;71,37300388
172,805;70,37036732;65,94650373;67,55829966
173,404;67,15612945;64,90859835;61,97183366
174,003;67,9558006;76,98895328;76,04972844
174,602;65,89113217;74,73661407;74,29763417
175,201;66,84349926;77,29885325;76,39256923
175,800;66,47662354;92,42873502;76,67047115
176,398;65,43292917;91,0049364;83,49035009
176,997;68,29087752;79,0996853;87,60821357
177,596;64,4883132;86,24914857;98,77467977
178,195;78,52167972;89,53043808;96,33790101
178,793;84,15289653;88,29384888;100,8162511
179,392;85,64844006;78,69264775;91,45191806
179,991;88,68545191;83,7793455;95,98592026
180,589;85,60587418;85,25171239;92,58791091
181,188;73,32979729;70,7317078;75,02650982
181,786;85,16093716;70,86743065;68,49427069
182,385;82,32617026;77,8002476;61,44121378
182,983;93,79102312;74,97264499;57,85010844
183,581;71,48278639;59,90783473;57,0073204
184,180;70,10911268;62,4707704;42,71239281
184,778;67,401879;75,51086588;51,80019352
185,377;69,6049625;78,68103534;48,05745786
185,975;60,2913395;78,76989206;53,89803002
186,573;79,6188968;91,13504784;64,56780129
187,171;70,0401395;87,58600863;61,89793253
187,770;61,41487774;73,39346449;65,05073143
188,368;58,04632018;86,1342048;72,95130385
188,966;76,42743695;96,26794464;79,55343729
189,564;72,79467843;90,56507641;77,85732399
190,162;70,35518836;82,02185786;75,71037585
190,760;72,09173914;78,80630331;73,03122353
191,358;86,35187603;73,05951084;90,00647589
191,956;75,73552093;79,31034595;91,11040634
192,554;73,8647208;68,65671398;89,90155719
193,152;82,90278391;85,38409014;97,17879025
193,750;75,36085841;76,46861886;80,73179091
194,348;63,99473827;63,14060453;75,72272877
194,946;61,2357377;63,59700392;74,02597701
195,543;60,43112028;71,86700365;82,13372069
196,141;63,13940178;87,30964589;89,02772093
196,739;58,10408378;90,70631729;76,20816819
197,337;71,48148425;70,94276807;76,66667524
197,934;61,25450257;73,49939906;76,35054407
198,532;65,74462112;60,71528353;66,49901984
199,130;65,57029076;58,32891241;59,57560206
199,727;78,82826115;67,71435496;71,61176733
200,325;78,19753046;72,51851867;78,74074334
200,922;85,99687278;66,50182358;67,80322861
201,520;79,02033044;53,81238497;75,25415601
202,117;77,19862715;58,90175623;68,42556747
202,715;70,13396385;59,02285311;67,23798297
203,312;70,93553429;59,64836097;66,09507099
203,909;70,80787648;66,0330407;78,68296192
204,507;77,40557977;66,90647546;85,72392458
205,104;63,45707616;65,22041689;77,37819266
205,701;63,68409534;59,35243779;75,01640871
206,298;65,4822316;63,40763323;80,95342985
206,896;69,81699828;60,61669726;76,4101292
207,493;69,16038729;61,78686603;95,31754334
208,090;79,85586763;75,39464535;102,6424188
208,687;87,74438893;78,75693614;106,4779707
209,284;85,08064096;79,80768715;98,63522822
209,881;91,34614949;82,62599078;118,998668
210,478;106,2289495;80,3703665;124,4444401
211,075;111,8317878;84,7113339;133,5709206
211,672;111,8864971;97,08589019;146,9708569
212,269;97,05572766;100,5958629;132,4570622
212,866;92,82263544;84,92063244;114,5962753
213,463;86,48084058;85,57491706;128,8153312
214,060;97,64235534;73,59448442;115,7054647
214,657;96,32502262;71,74646346;107,6534123
215,253;87,81118754;69,2531497;92,07889028
215,850;79,3534652;70,72278217;92,101252
216,447;69,12521423;54,65980359;71,09776933
217,044;68,96912504;47,98534972;64,54735793
217,640;78,0949917;45,49701629;65,0661823
218,237;76,89012136;48,81552566;65,77621075
218,833;75,88913752;40,76527094;59,23473275
219,430;69,27426827;59,11875465;66,32893282
220,026;66,80059983;68,55851231;68,00602737
220,623;60,6910931;63,05658848;74,37384253
221,219;67,80822089;64,84833859;64,57925686
221,816;73,70925445;71,02069757;84,34451567
222,412;71,32469532;63,57645644;86,54851195
223,009;68,63223093;67,63466944;84,32719868
223,605;73,27166338;70,27750537;94,64459963
224,201;78,58343243;78,31932533;96,18247365
224,798;81,86858974;65,89963689;100,9426099
225,394;76,98986901;60,51616104;90,71393934
225,990;90,86064391;71,64934802;89,10205016
226,586;78,956353;71,54352811;104,2672567
227,182;80,82800907;77,91053354;97,91609095
227,778;93,141381;98,64121495;103,8498854
228,374;89,14565768;89,04061727;109,8739431
228,971;92,36255331;98,12778401;101,6939024
229,567;84,78586146;91,01527236;103,474089
230,163;82,12420244;97,85258392;97,53337147
230,758;94,10302006;106,0390778;106,8561249
231,354;76,51388651;93,30880147;99,06323083
231,950;83,77334574;92,82035383;70,927238
232,546;84,69004607;93,80087438;78,20914104
233,142;86,32173786;87,54088582;71,69194186
233,738;91,05530394;94,94921271;84,76297961
234,334;85,50074677;76,98056429;71,56950537
234,929;89,08145424;78,30733311;75,01443961
235,525;93,90018257;81,26925775;80,31423663
236,121;104,082766;82,15883446;91,16330856
236,716;102,7331234;72,10611084;88,42443875
237,312;97,96146248;76,73834044;107,2046868
237,907;98,60373773;70,51103018;103,8815988
238,503;95,07402556;77,36204664;111,7900358
239,099;104,985796;76,80656568;118,1760849
239,694;96,07590602;88,8710203;120,3924105
240,289;81,42765216;82,81654024;102,7131814
240,885;71,02362347;74,39370136;105,1968578
241,480;64,58207828;63,8604915;91,07035708
242,076;64,73938996;70,9199621;106,1805721
242,671;65,3109374;75,83260151;105,8060808
243,266;51,43187661;69,10616089;106,1903367
243,861;36,23509698;50,4574437;94,73245642
244,457;29,5305064;49,6257679;84,96258003
245,052;35,38425643;42,72115193;78,91803859
245,647;38,92188378;45,20329062;85,60986696
246,242;38,38914283;38,69555595;72,37907968
246,837;34,89763;44,30641665;81,27444145
247,432;23,59017347;40,25683934;68,98380445
248,027;23,51524935;25,92295401;67,25521575
248,622;30,1038053;37,47670687;66,48921938
249,217;34,93589693;55,20833318;72,32906148
249,812;29,1410146;49,75080478;56,99208152
250,407;34,47079339;65,52920894;77,67495632
251,002;44,64064672;76,82775603;82,80669311
251,597;52,87792229;91,04996593;97,81783762
252,192;48,07978757;85,23369758;76,8978845
252,786;53,18981228;88,57968258;86,2956173
253,381;54,34037675;96,77327584;84,00913952
253,976;57,69930108;87,71747875;87,84731912
254,571;64,98836214;77,59022605;88,44587004
255,165;74,47335727;85,37794432;95,53903765
255,760;78,26495423;87,12809529;81,70999331
256,354;73,91967548;78,01220227;77,78342661
256,949;58,35651088;77,44627237;72,01011444
257,543;49,54428498;66,02009822;77,30778239
258,138;51,98556003;54,92178353;69,53068755
258,732;53,912037;59,00462988;77,06018357
259,327;50,56151639;60,06987704;64,73671013
259,921;44,74199716;53,51622197;60,22207854
260,515;54,59908334;55,5822601;67,72995614
261,110;46,25468128;39,13857797;76,00915506
261,704;33,95927008;23,35361141;66,33165987
262,298;51,96005069;26,99126223;69,83770258
262,893;65,40216432;31,80262325;77,21049852
263,487;66,0940797;43,28752342;79,75686882
264,081;73,27117611;34,44703405;74,17767357
264,675;68,46707752;27,93209892;72,2479369
265,269;71,0355046;32,07100768;70,29585737
265,863;70,34288789;34,69805519;74,20675357
266,457;73,77950576;41,82901537;70,2269061
267,051;72,92999911;50,63021396;74,53946185
267,645;72,4659311;49,72317043;73,99914944
268,239;60,68091868;55,32488794;71,24766135
268,833;64,5279742;54,24497593;64,57118065
269,427;61,37301762;65,28351066;70,23680086
270,021;73,56031961;73,43421813;76,39764626
270,614;74,0538528;75,63547436;79,28827078
271,208;65,93799845;79,84896664;68,64069977
271,802;65,71129749;90,79497837;72,48954082
272,396;66,93280209;93,92327083;73,87447392
272,989;65,86199675;88,05811059;74,87716411
273,583;75,59808597;82,85486176;74,20255019
274,177;70,6883395;86,88337007;85,60229694
274,770;67,28360677;77,77154582;82,38923051
275,364;61,56886084;81,11045136;83,24441833
275,957;46,45828512;75,80390682;79,35686876
276,551;48,26344634;76,72596025;85,72638936
277,144;46,37347289;65,76099465;82,79990976
277,737;45,19786121;60,42780511;83,46523873
278,331;48,1836412;56,94227737;81,50211923
278,924;43,61150432;53,98397094;79,3965073
279,517;45,3545779;45,51166963;61,89407856
280,111;44,38454753;46,24887801;56,96316225
280,704;48,3096318;41,12847062;61,73933535
281,297;60,34862841;50,61110128;70,72731132
281,890;61,76275661;45,96863218;67,85950736
282,483;65,8526649;56,85795481;70,89946734
283,077;70,63106422;53,61870973;67,69638193
283,670;69,40050934;59,59773614;65,76840461
284,263;71,99431091;60,92607757;56,78310484
284,856;77,72288336;72,58028178;74,10734327
285,449;83,78941306;83,94579178;75,86655845
286,042;72,23471336;75,58453392;61,12859639
286,634;78,83412233;66,37477907;56,54240458
287,227;82,03946945;69,71490933;64,21052336
287,820;78,95810143;56,5118922;61,49490529
288,413;79,13315547;60,2546951;60,12064505
289,006;78,76171846;59,94080096;64,55352945
289,599;77,90697316;63,7765389;77,78058335
290,191;62,43856944;55,6517702;62,06412426
290,784;61,93019423;53,25195674;66,8510414
291,377;70,46912614;59,12189288;75,30072273
291,969;72,4422446;59,61221029;77,88779103
292,562;71,10726652;43,85813134;65,33304403
293,154;72,71578751;53,72631392;67,43157709
293,747;85,33886803;55,07146142;73,32872114
294,339;75,95073482;53,19792473;70,74330098
294,932;81,47033505;49,41960594;77,70851544
295,524;97,21435255;47,73371026;87,53540693
296,116;101,8527927;43,62944355;77,53807343
296,709;89,17067933;41,92239471;79,27973643
297,301;89,81702512;46,53937959;68,49642231
297,893;81,55802412;62,21515353;82,93587271
298,486;87,56739867;51,7602285;79,54329352
299,078;58,3610539;47,65648493;73,75264813
299,670;60,69151303;41,49043487;83,55153149
300,262;50,36144608;43,73493964;66,23493702
300,854;44,97803154;52,98179495;46,42184606
301,446;29,0638628;57,18432611;51,0522528
302,038;37,26509255;54,13834143;56,85725575
302,630;38,5894894;57,01929717;72,38855844
303,222;33,95348713;52,09302404;54,55149432
303,814;32,97325393;58,95061934;56,37860375
304,406;39,61150734;58,88861562;49,22547301
304,998;42,30960587;57,98904829;45,64460019
305,590;48,82588799;58,33333804;49,28407936
306,182;45,37675445;54,78963687;63,82219977
306,773;57,29409437;57,97162799;66,48316836
307,365;52,05662862;51,69313146;60,35967312
307,957;57,18755956;51,3201651;63,19186345
308,549;65,31673844;52,55433838;70,6483406
309,140;69,12497196;50,62786508;72,1546772
309,732;69,84904164;55,93635292;82,72134057
310,323;77,84162991;59,38697268;78,07577339
310,915;65,47041828;55,96508311;71,83317471
311,506;68,13162889;51,87269897;69,56051008
312,098;59,2822645;50,81665744;71,45157935
312,689;77,43091217;57,08802383;71,18731364
313,281;64,75760462;57,98479218;66,13593373
313,872;68,56435444;56,51815418;66,69417077
314,463;54,49465726;51,06899925;63,31389836
315,055;59,04677943;49,05119315;60,67961554
315,646;54,21979308;57,19489915;70,20845766
316,237;61,31848749;59,92141274;74,83082305
316,828;67,63823348;68,45263535;84,09772616
317,420;71,1185652;65,36912653;82,9306458
318,011;59,29184187;65,75764314;88,10205041
318,602;49,61178178;54,56492733;88,56760932
319,193;44,45456852;53,06308371;81,5531767
319,784;52,3297492;67,7675392;85,68868836
320,375;45,20474068;58,91702552;91,1637954
320,966;52,45945303;53,49640913;85,64211678
321,557;50,37179058;58,83904864;87,71887829
322,148;40,88329485;51,3940282;76,88132513
322,738;44,94074995;47,49316458;82,5433049
323,329;45,0700947;38,17756938;82,14953459
323,920;56,06443048;53,65806305;85,212503
324,511;52,96895999;62,64057671;96,15385076
325,102;43,18514738;58,30483265;98,58328634
325,692;37,92657807;68,69183505;94,82937096
326,283;32,13166183;60,50156511;97,70114566
326,874;25,96944726;58,72503025;96,65099948
327,464;33,93282284;59,27003846;99,39169853
328,055;36,25544309;68,44702417;89,28882827
328,645;37,73173533;77,99890815;80,26172147
329,236;41,63424081;74,51361775;92,18547756
329,826;51,91822938;74,96499293;80,64968136
330,417;65,52246276;72,86723428;72,41292522
331,007;73,06744833;65,2699983;75,7786289
331,597;71,64073849;70,320605;77,34559413
332,188;74,87079954;69,7243773;77,00258696
332,778;77,14931594;69,36651558;67,87330244
333,368;71,11528475;58,54218971;71,59565695
333,958;67,34072772;61,20895662;69,68905829
334,548;59,26705842;62,04718094;64,99578685
335,139;58,44533853;52,80017892;61,58153874
335,729;61,59583878;49,41229685;75,29385388
336,319;60,10719723;54,8749383;76,97805371
336,909;52,05355227;52,32584609;68,86770801
337,499;42,88494201;40,42811745;63,196303
338,089;46,1628723;37,6672136;69,93663486
338,679;40,61734637;43,38559424;67,80990046
339,269;54,91672364;46,0643424;81,24572575
339,858;55,49057475;46,06887512;71,28005239
340,448;51,72872488;53,19149137;82,35815607
341,038;49,24528174;58,09224099;74,69601261
341,628;42,93467479;55,27638269;72,68341939
342,218;47,99920666;57,48811209;68,18542108
342,807;47,61993796;66,84711486;74,55665593
343,397;34,31635552;65,39492793;73,91215032
343,986;47,14522146;68,41125321;78,87877602
344,576;43,6986858;61,22742326;69,21182674
345,166;52,41725265;58,11434433;76,69007193
345,755;55,11207411;50,88478263;66,20133865
346,345;59,04642803;49,34415785;68,3531122
346,934;63,26776342;45,64431832;62,74588459
347,523;59,12393683;46,25285429;66,30683051
348,113;62,81025532;46,21538235;60,59486934
348,702;69,98073101;60,25048108;59,76878734
349,292;64,4117114;62,74471604;59,37197091
349,881;63,52029836;70,8036842;64,0853905
350,470;57,88201255;78,55416428;59,52611438
351,059;58,25331549;84,33927862;68,26703304
351,648;56,46957996;83,59040062;74,12167969
352,238;67,1762003;87,06878181;73,51786641
352,827;81,96373701;87,75606147;73,60489513
353,416;87,49685861;86,81761503;75,4213851
354,005;85,65216931;79,58937159;85,19323636
354,594;75,03855621;81,317471;79,77527941
355,183;69,75111729;73,36737007;73,49500055
355,772;66,77814981;74,87922385;69,39799198
356,361;61,5876824;63,62727427;60,76784742
356,949;58,39624508;61,31401916;52,49948936
357,538;53,84961661;65,71363958;58,41963113
358,127;53,74593117;66,98601336;60,37555359
358,716;55,34944682;66,10455498;58,66591768
359,304;53,40791552;65,800345;54,92254497
359,893;56,48242709;61,58307455;51,79119581
360,482;64,9967165;67,805523;59,87187993
361,070;64,20060707;64,69856244;60,64378512
361,659;68,88117603;71,87241886;73,07883155
362,247;70,03832474;70,35494143;75,587401
362,836;66,1622865;68,14100209;77,2530755
363,424;61,84902628;66,68362799;70,31382786
364,013;61,74679649;66,47436191;76,55448871
364,601;64,29722486;53,42882531;77,18889884
365,190;65,81446221;50,03652193;83,50986252
365,778;57,22809252;48,53392377;74,65052527
366,366;53,65530981;44,90572153;69,30201707
366,955;54,36825626;38,75739569;64,16637758
367,543;52,98568587;37,30876675;61,90162905
368,131;51,5008659;41,72560141;52,23950893
368,719;48,2130121;34,67179199;56,15833542
369,307;40,94947084;30,49366554;47,7209835
369,895;34,74878044;35,50046397;43,80852177
370,483;32,87433523;27,41595479;37,52636078
371,071;30,21857494;23,54573956;34,60159601
371,659;27,99469812;19,94087107;31,1040878
372,247;26,12737811;21,94804049;29,31618681
372,835;23,35823218;19,91129907;25,66137714
373,423;20,82830056;16,60625673;24,70130304
374,011;18,80994663;14,83718195;21,45648335
374,599;16,61077262;13,23678913;20,54878063
375,186;14,81126398;9,968617171;17,0081077
375,774;11,73359059;10,33204641;15,40540479
376,362;9,458940858;8,044291317;13,48283265
376,950;8,99265037;7,33123306;12,55327062
377,537;6,802197664;5,546703126;10,05494499
378,125;5,602574001;5,397179311;9,710467805
378,712;5,371219521;4,616809024;8,84286131
379,300;4,621488515;5,21767072;7,593823466
379,887;5,020713448;4,550794565;6,552071968
380,475;5,585117066;5,371074312;6,921384343
381,062;6,28769159;5,468145873;6,314752081
381,650;6,684569178;5,389025446;6,367034267
382,237;6,327366107;5,125770803;6,154722582
382,824;5,674981379;4,85124693;5,300405941
383,411;5,649287917;4,03339534;3,814774084
383,999;5,289549919;3,868771569;3,757844447
384,586;5,215654046;3,252418168;3,489558524
385,173;4,843526356;3,89410379;3,681186857
385,760;4,059561809;3,420684213;3,321914538
386,347;3,620553857;3,401722973;3,595081319
386,934;3,092670759;3,165941003;2,953784653
387,521;3,333094281;3,112935943;2,764778554
388,108;3,378902846;3,088625517;3,070423487
388,695;3,21490992;3,356184855;3,245700551
389,282;3,036543794;3,118920496;2,887564704
389,869;3,078011154;3,556793829;3,316971113
390,456;3,034258184;3,141288387;3,509367078
391,043;2,999701996;3,520398557;3,378390213
391,630;2,759069418;3,088786226;2,777533573
392,216;2,86176589;3,867902733;3,202595868
392,803;2,801620644;4,082263134;3,368124724
393,390;3,105611796;4,366609237;3,27824312
393,976;3,357589497;4,316772895;3,534352246
394,563;3,581849234;4,960172286;4,066947121
395,149;3,4455265;4,601179404;3,727581306
395,736;3,645094165;4,661431087;3,444822829
396,322;3,576106986;4,301662533;3,204960264
396,909;3,68232942;4,677168902;3,463966831
397,495;3,446218973;4,151672712;2,819869245
398,082;3,266663579;4,301445506;2,987524792
398,668;3,452962152;4,281650213;3,043513468
399,254;3,396088393;4,596829315;3,053250479
399,841;3,303859377;4,171256381;2,621568221
400,427;3,487142295;4,334201516;2,756125207
401,013;3,453181952;4,443857211;2,79225166
401,599;3,753073775;4,857729035;3,232314616
402,185;4,055465086;5,01030093;3,313233163
402,771;4,568870132;5,233262601;3,714984722
403,357;4,821335812;5,350329904;3,586860256
403,943;4,81035795;5,480541729;3,773078852
404,529;5,01940767;5,511218912;3,915081053
405,115;5,3632475;5,931919337;4,250423202
405,701;5,646735539;6,262495229;4,588796329
406,287;5,988538124;6,663894993;5,117953799
406,873;6,271898911;6,625998809;5,133753209
407,459;6,574794847;7,116729539;5,474192956
408,044;6,735469531;7,421041947;5,683613834
408,630;7,201491176;7,934384097;6,03729734
409,216;7,626031561;8,343358382;6,123464075
409,802;7,970148444;8,821117715;6,353263401
410,387;8,418938662;9,261781285;6,521683094
410,973;8,739351598;9,91899523;6,58492211
411,558;8,806461788;10,15783563;6,272161461
412,144;9,125836755;10,81011408;6,58010562
412,729;9,481395844;11,07322621;6,68372145
413,315;9,86421845;11,7046295;6,904872142
413,900;10,1623152;12,28836858;7,163830215
414,485;10,46175947;12,84683985;7,653402722
415,071;10,9091204;13,35617931;7,880728244
415,656;11,33596208;13,96165805;8,406457432
416,241;11,77458801;14,24968606;8,522248761
416,827;12,54204807;15,08759513;9,119356943
417,412;13,09739895;15,65623724;9,303929064
417,997;13,35755119;16,12910842;9,759880054
418,582;13,93150499;16,69483002;9,980984129
419,167;14,31605367;17,21713285;10,32262844
419,752;14,69651905;17,83998399;10,49857645
420,337;15,05700578;18,48354862;10,75795338
420,922;15,23957589;18,99384685;10,85212415
421,507;15,61502292;19,70753792;11,37414106
422,092;15,90837751;20,33714849;11,66298958
422,677;16,32927246;21,03696814;11,95781478
423,261;17,01264794;21,84142338;12,15448742
423,846;17,47401735;22,50476378;12,70851689
424,431;18,13475456;23,07820221;12,88192892
425,016;18,82918943;23,65658448;13,31260789
425,600;19,42435594;24,25266574;13,65176053
426,185;19,96591195;25,03740204;14,15097162
426,770;20,38707863;25,44348709;14,43861562
427,354;20,8021345;26,02385497;14,72624227
427,939;21,22765347;26,27422399;15,17866995
428,523;21,70230012;26,86103376;15,60639707
429,108;21,93629089;27,15701643;15,83461347
429,692;22,25406978;27,6453133;16,46877221
430,276;22,46187486;28,11037543;16,7374164
430,861;22,85854662;28,64783962;17,19322607
431,445;23,58567064;29,18379066;17,57428769
432,029;24,29826495;29,95557434;18,17294415
432,613;24,92366816;30,1752912;18,39114315
433,198;25,47702874;30,90437802;18,92825965
433,782;25,77963612;31,44384411;19,38908034
434,366;26,2085725;32,06764997;19,78584478
434,950;26,64074076;32,44231956;20,15511786
435,534;27,07593592;32,97353412;20,40141773
436,118;27,30977176;33,26465103;20,75085261
436,702;27,4774749;33,53449801;21,11507578
437,286;27,63102352;33,84317942;21,15850978
437,870;27,75380036;34,32507794;21,62113688
438,454;27,91408374;34,61275981;21,93282592
439,038;28,18464812;34,97284253;22,22998021
439,621;28,72989631;35,32068156;22,48350887
440,205;28,96225038;35,72558676;22,64513895
440,789;29,27614151;36,10274206;23,00947135
441,372;29,59170486;36,50723001;23,25605988
441,956;29,798306;36,74390848;23,24424153
442,540;30,04916186;36,91531394;23,55633939
443,123;30,31320348;37,15277492;23,75769582
443,707;30,46328925;37,34853241;23,83800853
444,290;30,67612885;37,51998784;24,00808848
444,874;30,74008682;37,80751116;24,13796616
445,457;31,0602962;37,99506204;24,4100855
446,040;31,35461015;38,24050381;24,62489877
446,624;31,61589796;38,31943539;24,79644646
447,207;31,97919271;38,70005363;25,26683114
447,790;32,1519204;38,68679647;25,39682009
448,374;32,29713069;38,81318178;25,50800598
448,957;32,60266602;39,0712158;25,60769783
449,540;32,87068208;39,19216883;25,65923288
450,123;33,02475872;39,23604197;25,74123267
450,706;33,01288797;39,35681114;25,81095512
451,289;32,95395751;39,33942251;25,89688534
451,872;32,91055698;39,38382331;25,86754096
452,455;32,87231945;39,31444585;25,74344373
453,038;32,94061767;39,53308928;25,78248269
453,621;33,1055023;39,68575736;25,82625758
454,204;33,11039169;39,70709639;25,89490395
454,787;33,16522554;39,69737001;25,89138011
455,369;33,20046153;39,74471546;26,01696178
455,952;33,28689401;39,78466342;26,01518912
456,535;33,3679363;39,79301878;26,11298696
457,117;33,47747198;39,85234368;26,22367135
457,700;33,66837498;39,96817033;26,33883117
458,283;33,76305913;40,0821423;26,33338174
458,865;33,87351202;40,20081081;26,48549462
459,448;34,06922109;40,39816586;26,65303849
460,030;34,13727596;40,46837367;26,84203068
460,613;34,28691884;40,6176844;27,05942889
461,195;34,54618116;40,94157605;27,39503024
461,777;34,82987208;41,15847346;27,58960866
462,360;35,13914174;41,30914188;27,98047951
462,942;35,41002974;41,55500079;28,24057149
463,524;35,57937716;41,7229898;28,71609313
464,107;35,82259205;41,79938646;28,99705763
464,689;35,92796324;41,83756406;29,3404156
465,271;36,21413243;42,2660285;29,58908967
465,853;36,49386155;42,63060222;29,84699277
466,435;36,83013468;42,85171225;30,11993498
467,017;37,06070137;43,12143899;30,42097576
467,599;37,17911737;43,43172081;30,4301435
468,181;37,23861216;43,56102403;30,65720483
468,763;37,46244962;43,64976638;30,65918646
469,345;37,55533288;43,90268372;30,9743924
469,927;37,75790398;44,13025219;31,11639894
470,508;37,83362815;44,22816089;31,45077449
471,090;38,01583185;44,2136282;31,70766078
471,672;38,08741183;44,31702137;31,8462081
472,254;38,23343754;44,44981343;31,90294775
472,835;38,41900574;44,55927986;32,19933814
473,417;38,57417163;44,61995861;32,29149634
473,998;38,71634212;44,80835383;32,59562343
474,580;38,82736926;44,85686159;32,6449999
475,161;38,90265503;44,97953404;32,74544516
475,743;39,05190306;44,95197086;32,7280465
476,324;39,0895411;45,03731417;32,79666324
476,906;39,01525408;44,95771235;32,6627514
477,487;39,08804189;44,92384207;32,85237195
478,068;39,11251447;44,94004221;32,7551171
478,650;39,19751667;45,03358148;32,88933035
479,231;39,27285699;45,10017566;32,79956555
479,812;39,39407794;45,24076533;32,92101684
480,393;39,46941611;45,2276446;32,9563745
480,974;39,53901277;45,42384749;33,09070469
481,555;39,62635157;45,5454195;33,15282651
482,136;39,70186871;45,62280003;33,37469986
482,717;39,72317004;45,73642368;33,36789693
483,298;39,93565554;45,89610187;33,713033
483,879;39,95955733;45,90603427;33,7291709
484,460;40,04201774;45,9302121;34,03439889
485,041;40,17278276;45,88465638;33,9845251
485,622;40,41212392;46,13596551;34,22004788
486,203;40,62051225;46,27968159;34,42796087
486,783;40,87867418;46,42695017;34,67031798
487,364;41,18251483;46,72377656;34,85940082
487,945;41,31394028;46,88355183;35,2137857
488,525;41,47428842;46,99426662;35,34600208
489,106;41,78394986;47,24098542;35,7508237
489,686;42,03070869;47,59719423;35,99470536
490,267;42,17870337;47,99648629;36,52102362
490,847;42,554205;48,28586033;36,97924936
491,428;42,79816882;48,4374429;37,42357942
492,008;43,02982704;48,64695524;37,80735374
492,589;43,44538688;48,8937168;38,43609707
493,169;43,91676393;49,20718568;38,84242135
493,749;44,2161317;49,38099553;39,31567797
494,329;44,4938474;49,67026724;39,71615942
494,910;44,92671551;49,93056951;40,24482994
495,490;45,36937087;50,13013243;40,57440111
496,070;45,69712397;50,28294393;41,02815086
496,650;46,14875243;50,60910276;41,49496183
497,230;46,52404954;51,10732928;42,02174451
497,810;46,73076417;51,30554827;42,29004174
498,390;47,17216018;51,61779791;42,82084898
498,970;47,58842725;52,19377769;43,42947234
499,550;48,07968978;52,55654725;44,10643396
500,130;48,41717475;52,88617342;44,65000974
500,709;48,90136848;53,24008079;45,29421475
501,289;49,17108647;53,51148807;45,79122898
501,869;49,58661703;53,78032879;46,33159764
502,449;50,13883284;53,8727108;46,84482852
503,028;50,66643767;54,35196561;47,60710958
503,608;50,9755896;54,79672059;48,18181908
504,188;51,36453158;55,04290557;48,79555949
504,767;51,7674348;55,28427831;49,19253284
505,347;52,13547163;55,63975871;49,67124671
505,926;52,50658876;55,97243152;50,08006867
506,505;53,0550887;56,28753343;50,57222499
507,085;53,48357253;56,61957523;51,15650789
507,664;53,86959461;57,15714174;51,77312708
508,243;54,30515985;57,42553832;52,15490886
508,823;54,74110323;57,61315594;52,51770729
509,402;55,15290685;57,86289062;52,78546466
509,981;55,47152083;58,24612429;53,36947304
510,560;55,86257737;58,54287838;53,82905619
511,139;56,35578146;59,12036506;54,61446924
511,719;56,75599594;59,48375222;55,00867415
512,298;57,0106637;59,83625943;55,28432488
512,877;57,28091173;59,93402927;55,65208142
513,456;57,66977574;60,19876814;56,17232525
514,034;57,90464232;60,43510033;56,608103
514,613;58,23778639;60,89732188;57,13182378
515,192;58,67610205;61,22744532;57,58688132
515,771;59,03765572;61,53957743;58,00603901
516,350;59,23651278;61,42144426;58,06934933
516,928;59,29181594;61,60336765;58,51223281
517,507;59,59109357;61,63251737;58,84501239
518,086;59,73201456;61,74759894;59,06238619
518,664;59,89525226;62,00174189;59,40272935
519,243;60,27944051;62,28857249;59,75245318
519,821;60,48283567;62,3696072;59,91744112
520,400;60,59529248;62,49017775;60,11422391
520,978;60,67848962;62,63260516;60,31874017
521,557;60,89250432;62,87093448;60,67299699
522,135;61,19958579;63,20353392;60,91287707
522,714;61,53933945;63,39595551;61,25079829
523,292;61,77996702;63,47295102;61,41298155
523,870;61,95052768;63,44559747;61,50273731
524,448;62,11859387;63,61719386;61,72425921
525,026;62,23998393;63,75239087;61,91402054
525,605;62,47992138;63,85341383;61,91071107
526,183;62,71832006;63,8798502;62,11766894
526,761;62,9227555;64,02995317;62,27277509
527,339;62,89484541;64,03359555;62,21459926
527,917;62,83730012;64,31186124;62,32740586
528,495;63,00120379;64,48380111;62,4325977
529,073;62,96967557;64,71573332;62,58009353
529,650;63,14046637;64,77634375;62,75749267
530,228;63,05066798;64,72352263;62,82625125
530,806;63,04772836;64,84354433;63,02369638
531,384;63,21576813;65,01093082;63,1485718
531,962;63,33899115;65,1039928;63,31082901
532,539;63,41388088;65,23662357;63,66318684
533,117;63,50503086;65,31367997;63,84831425
533,694;63,54774647;65,55149291;64,20461193
534,272;63,7966487;65,70989177;64,38690938
534,849;63,97151644;65,86297773;64,39458115
535,427;64,29243172;66,07202438;64,63424079
536,004;64,44383298;66,1267355;64,77164374
536,582;64,40626345;66,20948491;64,88336834
537,159;64,44018685;66,2495281;64,86490115
537,736;64,67026913;66,39355367;64,9776114
538,314;64,90749489;66,46706352;65,01067456
538,891;64,94451096;66,61920356;65,05384411
539,468;65,08932413;66,595297;65,13586823
540,045;64,81557235;66,56978349;65,18397348
540,622;64,99097275;66,53164043;65,32252274
541,199;65,04720298;66,5968581;65,35199448
541,776;65,21908598;66,65594251;65,60314332
542,353;65,15602913;66,73900942;65,73715317
542,930;65,21384129;66,76539525;65,74061717
543,507;65,02494664;66,69716613;65,84101843
544,084;65,01744405;66,57937785;65,79348491
544,661;64,95726111;66,5104205;65,83280256
545,238;65,17312734;66,69409273;65,93995578
545,815;65,09857009;66,68274666;65,90293745
546,391;65,17135195;66,79259338;65,98476687
546,968;65,22855815;66,84598888;66,02482788
547,545;65,28719871;66,67584268;65,98045169
548,121;65,1727985;66,5807685;65,98358747
548,698;65,28494018;66,69807703;65,8735809
549,274;65,39427748;66,85416783;66,00402797
549,851;65,42078329;67,08542562;66,10592553
550,427;65,43143067;66,97565174;66,2621316
551,004;65,52942713;67,03359634;66,230527
551,580;65,61709647;67,05777539;66,32833928
552,156;65,71430869;67,10301788;66,15220604
552,732;65,73133496;67,32889326;66,19082585
553,309;65,83915807;67,26857522;66,15657135
553,885;65,85601987;67,27007944;66,15029308
554,461;65,81023258;67,24674704;66,21102627
555,037;65,89163406;67,25018014;66,15579427
555,613;65,90712436;67,11466975;66,13642273
556,189;65,83453988;67,13923314;66,27804117
556,765;65,7726861;67,09007168;66,39351266
557,341;65,70501314;67,00493149;66,53921659
557,917;65,94697253;67,02286553;66,62245551
558,493;65,88176212;67,17618628;66,65662255
559,069;66,03692877;67,27149224;66,87670581
559,645;66,22870063;67,32689273;67,00038003
560,220;66,11302991;67,25669022;67,11955272
560,796;66,16363439;67,41452362;67,12875631
561,372;66,2900234;67,5606577;67,2206684
561,948;66,33851232;67,71811194;67,19415573
562,523;66,24589027;67,82670404;67,30482093
563,099;66,22603423;67,96277992;67,46385082
563,674;66,27577704;67,9384345;67,58790193
564,250;66,32893033;67,9751413;67,7935179
564,825;66,36946759;68,06595612;67,85727956
565,400;66,61283582;68,27976583;67,95303476
565,976;66,64159122;68,26806327;67,9925257
566,551;66,58199492;68,29425314;67,90334567
567,126;66,66058105;68,19496807;68,00972184
567,702;66,95093937;68,19142476;68,09219178
568,277;67,00185135;68,02015745;68,13741325
568,852;67,17679522;68,06863743;68,16027064
569,427;67,13756559;68,02185612;67,93516776
570,002;67,38295514;68,0790309;67,89289693
570,577;67,36904154;68,14166309;67,79781332
571,152;67,36312477;68,19755335;67,91291056
571,727;67,61213992;68,10678834;67,95847747
572,302;67,60699286;68,21373608;68,06759117
572,877;67,56251604;68,27980479;68,02997753
573,452;67,54318854;68,32596274;67,95554115
574,026;67,51714529;68,44041153;68,03735464
574,601;67,68068994;68,55285947;68,13288755
575,176;67,60314095;68,54884015;68,21551974
575,751;67,74920866;68,54789308;68,43263689
576,325;67,86789874;68,65110846;68,54141138
576,900;67,80974657;68,91298322;68,79317946
577,474;67,76979862;68,85667636;68,60667962
578,049;67,81824658;68,93466594;68,68712639
578,623;67,71234947;68,83701551;68,7267093
579,198;68,00816485;68,9184504;68,99277049
579,772;68,05545598;68,94620858;69,20862043
580,346;67,96551103;68,8990324;69,21509779
580,921;67,91749332;68,84578555;69,31699123
581,495;67,93573982;68,96581031;69,36781235
582,069;67,96818407;68,85873902;69,28480813
582,643;68,20175998;69,01126164;69,43274825
583,218;68,11681577;68,98267146;69,42170079
583,792;68,18190273;69,19497603;69,5820006
584,366;68,07014491;69,16995795;69,34187069
584,940;67,91213076;69,11807429;69,36108406
585,514;67,89538052;69,0535812;69,32420349
586,088;67,85228952;69,05445494;69,2013076
586,662;67,9296099;68,95495975;69,09440481
587,235;67,91746678;68,99811657;69,00282477
587,809;67,81182498;69,12043572;69,13368533
588,383;67,99050071;69,08029737;69,19101898
588,957;68,08626545;69,08116247;69,16821113
589,530;68,19674447;69,13822094;69,32886987
590,104;68,39622382;69,26220351;69,29761846
590,678;68,48841802;69,2731411;69,46164597
591,251;68,56746155;69,14236195;69,47282491
591,825;68,56687884;69,18915489;69,51891513
592,398;68,5567658;69,10612288;69,69522839
592,972;68,31985452;68,83896341;69,56839168
593,545;68,28713464;68,82494295;69,38504306
594,118;68,32194429;68,78193682;69,32610054
594,692;68,10532916;68,7258706;69,24004704
595,265;67,91450607;68,72938057;69,20108502
595,838;67,97294511;68,77541845;69,20435765
596,411;67,78347754;68,85277346;69,31330806
596,985;67,75538875;68,86344019;69,23830403
597,558;67,68790671;68,8518466;69,01349581
598,131;67,87529048;68,98836762;68,89396311
598,704;67,87588448;69,16049409;68,9745575
599,277;67,82598148;69,17261373;69,01313911
599,850;67,98059997;69,30081469;69,14083213
600,423;68,14927696;69,15121929;69,17051819
600,996;68,18655875;69,26857127;69,01548198
601,568;68,46713614;69,44776898;68,9127613
602,141;68,40552482;69,40879496;68,97392151
602,714;68,52531092;69,57062509;69,15882265
603,287;68,56855825;69,43742633;69,31327457
603,859;68,61002022;69,16904619;69,39994388
604,432;68,51842573;69,33515758;69,48864428
605,004;68,51007843;69,17987572;69,52579249
605,577;68,36177816;69,37788232;69,46614798
606,149;68,27368236;69,37953867;69,57003249
606,722;68,17187044;69,52490479;69,66965093
607,294;68,29269686;69,69538358;69,7185837
607,867;68,30120214;69,54587918;69,72352054
608,439;68,35717558;69,55422254;69,66364021
609,011;68,42380244;69,77791827;69,8053918
609,584;68,64273227;69,74331969;69,68355603
610,156;68,60163017;69,82335939;69,67069314
610,728;68,71876092;69,70509312;69,71897892
611,300;68,81288867;69,59162905;69,71506226
611,872;68,80115229;69,36748982;69,50044175
612,444;68,80381271;69,32246096;69,59390457
613,016;68,83139925;69,30050731;69,56527291
613,588;68,80479057;69,56340728;69,65994157
614,160;68,82962849;69,53863047;69,54592923
614,732;68,61225055;69,56667424;69,52599168
615,304;68,56999519;69,53265162;69,34777997
615,876;68,6000344;69,73638688;69,46040498
616,447;68,53146892;69,9558702;69,56456872
617,019;68,59906871;69,95693023;69,89985305
617,591;68,73908665;69,8589266;69,89907498
618,162;68,94243698;70,15830079;70,16802312
618,734;69,13873084;70,10708654;70,16721781
619,305;69,02827702;70,12252887;70,25894609
619,877;69,29508017;70,18886898;70,23292214
620,448;69,21419084;70,25772875;70,16366159
621,020;69,03550126;70,16475574;69,96428417
621,591;69,07993717;70,22598408;69,99499551
622,162;69,04320862;70,3063732;69,70640881
622,734;68,72416394;70,32814885;69,71743472
623,305;68,48433382;70,39292162;69,54172765
623,876;68,36797322;70,30611802;69,79227508
624,447;68,34049889;70,36106943;69,86887491
625,019;68,14832923;70,37892721;70,17170515
625,590;68,45453979;70,42058888;70,34391803
626,161;68,39364911;70,37014719;70,28468825
626,732;68,62073534;70,41554187;70,07677425
627,303;68,58587694;70,32820698;70,09840836
627,874;68,90521065;70,22640925;70,1091677
628,444;68,75087892;70,11888487;70,04663848
629,015;68,61829307;70,18691795;69,72801153
629,586;68,35097187;69,9054826;69,54998945
630,157;68,61748993;69,78753439;69,69044396
630,727;68,66706195;69,85605875;69,94111113
631,298;68,92369754;69,98722237;70,09458473
631,869;68,5834607;69,93001418;70,51571394
632,439;68,73296881;70,09638355;70,6212775
633,010;68,63237473;70,2242027;70,57651463
633,580;69,03315483;70,26307732;70,74780952
634,151;69,15912297;70,28884942;70,91608183
634,721;69,49478356;70,43370174;71,04686987
635,292;69,48778585;70,45748561;71,01405344
635,862;69,15498046;70,27785215;70,85261073
636,432;69,11924685;70,29724504;70,77971157
637,002;69,09084681;69,97237793;70,2939255
637,573;69,30697749;69,90099713;70,4114271
638,143;69,23050542;70,12809635;70,43128376
638,713;69,01623234;69,8804234;70,20893313
639,283;68,96509535;69,82474186;70,10939049
639,853;68,8326841;69,90237588;70,11807625
640,423;68,80592004;69,86451111;69,94079053
640,993;69,08739676;69,76073733;69,69726696
641,563;69,30326367;69,73207038;69,76044931
642,133;69,46044717;69,79228363;69,99471025
642,703;68,98927089;69,59240742;69,70990665
643,272;68,73438081;69,14092873;69,3985678
643,842;68,52754508;69,17115614;69,44264527
644,412;68,44300713;68,97274081;69,2897915
644,981;68,34027395;68,69509222;69,00293833
645,551;68,35531031;68,7962373;68,86369753
646,121;68,10447886;68,91719267;69,11554961
646,690;67,71838171;68,77342418;69,10591132
647,260;67,63213886;68,92361247;68,86181166
647,829;67,815913;69,16597359;69,14159798
648,398;67,86092965;69,11994659;69,21357686
648,968;68,17391951;69,40889415;69,4938226
649,537;68,49096828;69,61095343;69,51778986
650,106;68,44214597;69,76552195;69,46240328
650,676;68,14432518;69,52640375;69,45184794
651,245;68,04189184;69,60046591;69,18773014
651,814;68,14459491;69,58885217;69,3006745
652,383;68,03918311;69,47105049;69,49046545
652,952;67,8505525;69,17846384;69,0059252
653,521;67,95636784;69,30913102;69,02046615
654,090;67,66849992;69,0043414;68,67488861
654,659;67,26015578;68,82257503;68,54883289
655,228;67,47107877;68,88304215;68,79842878
655,797;67,3103895;69,10836759;68,75839806
656,365;67,42933967;68,85786095;68,90439666
656,934;67,32170461;68,88592732;68,44154653
657,503;67,07883279;68,66719209;68,12560212
658,072;67,00669262;68,49008071;68,22417535
658,640;66,76399011;68,47178621;68,19840512
659,209;66,53508075;68,5102646;67,95851605
659,777;66,61175046;68,39898834;67,84368042
660,346;66,46309886;68,11099123;67,45949604
660,914;66,41115508;67,75357227;67,22857102
661,483;66,35516166;67,7871613;67,21161948
662,051;66,28677181;67,55303786;67,21373854
662,619;66,28782741;67,6289284;67,13374752
663,188;66,34886872;67,67430222;66,89382501
663,756;66,33702447;67,47507495;66,54330179
664,324;66,23539452;67,20787879;66,43165117
664,892;65,93159619;67,02070977;66,34963833
665,460;65,75746058;67,15402841;66,38268381
666,028;65,57678677;66,90476066;66,1349317
666,596;65,3324731;66,43221736;65,64339114
667,164;65,12433233;66,13457475;65,65509427
667,732;65,10293031;65,9200299;65,51706194
668,300;65,04684111;65,85546537;65,39462564
668,868;64,84055283;65,78298084;65,2864697
669,436;64,74620792;65,85758941;65,23384359
670,004;64,63960379;66,06936601;65,10277856
670,571;64,61293052;65,88439779;64,84766509
671,139;64,65505896;65,98892474;64,81566
671,707;64,46945186;66,12674486;64,80982068
672,274;64,22754046;66,07906576;64,58656637
672,842;64,25522009;66,05793035;64,51564855
673,409;63,95743971;65,84512191;64,51792746
673,977;64,01313856;65,80652005;64,60828725
674,544;64,16673077;65,60338479;64,53804329
675,112;64,18090986;65,32868008;64,48803975
675,679;63,91500216;65,18291959;64,42240324
676,246;63,86256691;65,24843881;64,4890295
676,814;64,0049065;65,26842924;64,36528885
677,381;64,05471696;65,41754852;64,21280361
677,948;64,16441993;65,60394734;64,29756415
678,515;64,23236777;65,8069002;64,46531162
679,082;64,32967613;65,66072541;64,43309422
679,649;64,15416531;65,47488461;64,30021614
680,216;64,4001137;65,49505768;64,48865825
680,783;64,51942257;65,50836692;64,78718487
681,350;64,66350561;65,51982134;65,02117906
681,917;64,43834956;65,55946283;65,32953383
682,484;64,83893278;65,75983629;65,65279254
683,051;64,85268497;65,90061882;65,90968703
683,617;65,18807279;65,85202969;65,9667189
684,184;65,34194487;66,11805442;66,21351463
684,751;65,7105071;66,48222754;66,78221898
685,317;65,86349675;66,75566474;67,17644275
685,884;66,28213761;66,95746818;67,22549729
686,450;66,57554216;67,33932625;67,36499425
687,017;67,19285253;67,81601375;67,89280967
687,583;67,25502113;68,02250302;68,19389223
688,150;67,76329861;68,18469637;68,6443033
688,716;67,82793487;68,75472275;69,32791428
689,282;67,94024659;69,12349798;69,56563117
689,849;68,43827454;69,69136836;69,98804897
690,415;68,55015303;69,84981047;70,17598328
690,981;68,77245303;69,99875495;70,52336112
691,547;69,20062042;70,24031158;71,05801976
692,113;69,53569347;70,52090634;71,35587005
692,679;69,74446787;70,75598449;71,68147775
693,245;69,68856468;70,99631329;71,86825626
693,811;69,99531672;71,0179681;71,6391828
694,377;70,42820263;71,14587895;71,85921979
694,943;70,50532436;70,94958203;72,09657896
695,509;70,52755449;71,0298745;72,18212724
696,074;70,62402195;71,32641602;72,65493698
696,640;70,4499126;71,47665881;72,66224043
697,206;70,66407351;71,57975522;72,92829613
697,771;71,05815327;71,81984623;73,26200576
698,337;71,21272303;71,89739266;73,39987247
698,903;71,27118637;72,16911018;73,88973512
699,468;71,33088716;72,10946353;74,01251255
700,034;71,47218483;72,7080675;74,07195219
700,599;71,7487509;73,0329758;74,41039424
701,164;71,55555462;73,04248576;74,08372678
701,730;71,70873242;72,80010003;74,11237056
702,295;71,65169454;72,64331047;73,89315523
702,860;71,72162329;72,31879413;73,80333701
703,426;71,76516231;72,50940301;74,05261722
703,991;71,9502209;72,59112424;73,96665584
704,556;72,02025419;72,72351109;74,0526365
705,121;71,86275451;72,28966979;73,93452266
705,686;71,77372593;71,83807804;73,55822783
706,251;71,99190558;71,86154133;73,51928498
706,816;71,93327884;71,78659242;73,52096394
707,381;71,83837472;71,6290465;73,39531528
707,946;71,67444158;71,67958455;73,30185521
708,510;71,6815081;71,50592267;73,21082121
709,075;71,42640125;71,3382015;72,90253975
709,640;71,41743657;71,33612647;73,05808612
710,205;71,55193708;71,43719569;72,99224396
710,769;71,71705248;71,79662156;73,17610211
711,334;71,74335618;71,82373122;73,29234825
711,898;71,92647689;72,02687212;73,5811671
712,463;72,16715726;72,47981666;73,71990415
713,027;72,21006902;72,53970167;73,82800277
713,592;72,12730514;72,32986966;73,2583805
714,156;72,28797989;72,44043577;73,49272995
714,720;72,43133215;72,37270268;73,38589761
715,285;72,51886059;72,58637552;73,96054642
715,849;72,386171;72,38024783;73,93745025
716,413;72,37236822;72,36100458;74,02921335
716,977;72,13084496;72,14604942;73,50645013
717,541;72,01339593;71,82761661;73,42634322
718,105;71,61785121;71,82076345;73,29646906
718,669;71,7371874;72,11387048;73,87631784
719,233;71,61854313;71,87126013;74,20445782
719,797;71,92876351;72,48658573;74,43896644
720,361;71,77748192;71,87043863;73,93565437
720,925;71,90534208;72,02219271;74,07587161
721,489;72,10989667;72,29491173;74,32045916
722,053;71,90114497;72,43415986;74,51607214
722,616;71,3854025;72,01319435;74,24398708
723,180;71,91103976;72,51551062;74,28842455
723,744;71,64114452;72,16948273;73,82027397
724,307;71,82047748;71,95675429;73,38035916
724,871;71,45667167;71,93964611;73,49975955
725,434;71,41571663;72,24872729;72,9092493
725,998;71,53289291;72,33919086;72,98875081
726,561;71,22811107;71,62345025;72,54687848
727,124;71,27798388;71,64202071;73,08471895
727,688;71,86565383;71,94858413;73,70020765
728,251;71,37998596;71,404783;73,83426383
728,814;71,8246311;71,7526104;74,16017727
729,377;71,34205455;71,84887501;74,41153013
729,940;70,92707645;70,99290139;74,09481055
730,503;70,75854678;70,66140866;74,51564941
731,067;70,32761585;70,73910308;74,47291986
731,630;70,49481811;71,40984392;74,85313397
732,192;70,63804516;71,17401099;74,14442977
732,755;70,34819966;71,42149614;74,28130356
733,318;70,33902569;71,09669999;73,94445711
733,881;69,98387821;71,1687335;74,04509373
734,444;70,70945363;71,39063324;73,76238391
735,007;70,43345464;71,41437119;74,04279195
735,569;70,55201474;71,67148617;74,12829321
736,132;70,6145463;71,46165047;73,73271173
736,694;70,46195858;71,0372736;73,14498147
737,257;70,93768585;71,24270602;73,55891937
737,819;71,03388456;70,94408322;72,87214346
738,382;70,80967786;71,55920354;72,7876708
738,944;70,47580907;70,714559;72,31355145
739,507;69,96873912;70,54332246;72,29570993
740,069;70,20937795;70,52328364;71,73722565
740,631;69,75139707;70,51996678;71,63066686
741,193;69,65754267;70,32697524;71,70794738
741,756;69,89083632;70,25659011;72,25700047
742,318;69,17079552;69,90850586;71,97384577
742,880;69,00694446;69,95635365;72,50984055
743,442;69,49696203;69,80305095;73,20755084
744,004;69,96267332;70,4245984;73,42293647
744,566;70,12109311;70,35706384;73,45191838
745,128;70,49680109;70,80402075;73,67580384
745,690;71,00852496;70,61869292;73,60210507
746,252;71,41653165;71,50013413;73,72458631
746,813;70,8116683;71,39804373;72,90490883
747,375;71,44723105;72,02884775;72,70121342
747,937;71,7314496;71,7265817;72,44164368
748,498;71,17167032;71,1954441;71,52965196
749,060;71,03107435;70,5312665;71,55208517
749,622;70,62126824;70,39026933;71,52107318
750,183;70,144753;70,13544855;71,45056121
750,745;70,15895816;70,49307041;71,47660878
751,306;69,97033293;69,76188249;71,299773
751,867;70,64111715;70,16135222;72,09444875
752,429;69,71433005;69,56779689;71,86353463
752,990;69,3512697;69,89628759;71,74500813
753,551;69,69055778;70,02123835;71,82608658
754,112;69,48927137;70,32240104;71,80578416
754,674;69,91846791;70,4893538;72,41010851
755,235;69,73960068;70,57385101;72,10837184
755,796;69,6572389;70,22310892;71,91360784
756,357;69,41410107;70,14104255;71,79081506
756,918;69,39037001;69,56904706;71,07537607
757,479;70,00662891;70,10047627;71,38125424
758,039;70,69400874;70,41349188;70,87462368
758,600;71,06175304;70,60499802;71,42385483
759,161;71,52718956;70,70664261;70,88188455
759,722;70,69837392;70,96765939;70,16233585
760,283;71,77109903;70,99886803;70,93463243
760,843;71,42122008;71,555869;72,33955362
761,404;71,52134558;71,54965142;72,63778938
761,964;71,74492131;72,7093881;73,56757297
762,525;71,223915;71,1783908;73,46536267
763,085;70,98642227;70,30637456;74,74444643
763,646;70,2436252;70,1900495;74,37284547
764,206;70,8079827;71,08961675;75,47485126
764,766;70,88555695;70,17961481;74,69030013
765,327;69,64091498;70,13668905;73,38844846
765,887;69,92358806;69,74510694;72,27843336
766,447;70,7307662;70,09121547;72,93379676
767,007;70,39378722;69,77491351;72,94938664
767,567;70,87501515;70,64887606;72,92656125
768,127;70,48769388;70,61249041;72,11201207
768,687;70,9314983;71,15760764;72,37405725
769,247;69,62773288;70,03004547;71,81941703
769,807;69,43870619;70,35275967;72,44688521
770,367;70,0317151;69,83322316;72,67446509
770,927;69,95898806;69,98419881;72,7258547
771,487;68,62081307;69,32698923;71,95715934
772,047;68,000349;69,28465836;71,84841677
772,606;67,98890639;68,60497532;72,23479239
773,166;67,43479991;68,77062394;72,33544307
773,726;67,0341817;67,98019294;71,68747291
774,285;67,72053146;68,46040725;71,61902278
774,845;67,93005269;68,40795172;71,65623497
775,404;67,34364229;68,4196191;71,93291533
775,963;67,21922068;68,34581166;72,36512722
776,523;67,67428879;68,98699935;72,6327452
777,082;68,23968264;68,54657511;71,97089982
777,641;68,28459628;69,43131673;72,07375258
778,201;69,08614704;69,08614704;72,21184207
778,760;69,67190875;69,99068726;73,03123024
779,319;69,46886382;70,18586347;72,56199517
779,878;69,27636457;70,33576305;72,60513835
780,437;69,69670719;70,6046426;72,49724839
780,996;69,82228041;70,28090663;72,25821751
781,555;70,64806542;70,2023302;72,81774942
782,114;70,51271191;70,42336073;73,64984955
782,673;70,44715763;70,00543903;72,67127852
783,232;70,16349593;71,18382685;72,68581718
783,790;69,59730064;70,50087084;72,49053132
784,349;69,98782763;70,18537662;72,95677218
784,908;70,56478944;70,73362459;72,84175173
785,466;71,03094233;71,12761424;73,21425877
786,025;70,83342987;70,76384091;73,10719846
786,584;70,88291617;71,16405124;72,8302728
787,142;70,81947181;71,37030453;72,14541269
787,701;70,38163985;70,87840618;72,26685912
788,259;69,58633677;69,56755984;71,91689745
788,817;69,6403865;69,78015377;71,25840691
789,376;68,81011976;69,74906314;71,30170125
789,934;68,64043288;68,84839767;70,83619852
790,492;68,29330723;67,98847599;70,92057341
791,050;68,16313417;68,59902435;71,09820786
791,608;67,57981638;67,90171478;71,31275946
792,167;68,18315252;68,45288883;72,63781029
792,725;68,05230132;68,67074702;73,71869497
793,283;68,45125528;68,83474002;73,79406323
793,841;69,09065458;68,72134065;74,02967916
794,398;69,395644;69,56356496;73,66408741
794,956;70,06156663;69,83626043;74,0467533
795,514;70,83249299;70,9982985;73,98857942
796,072;71,90764098;71,69638168;74,37030142
796,630;71,34853356;72,50801136;73,9506232
797,187;70,33763284;72,26126605;73,00815386
797,745;70,96160623;72,67411342;72,71588023
798,302;71,31495405;72,72096341;72,93557224
798,860;71,43625169;72,68296855;73,56737958
799,417;72,09399066;72,17104238;74,10837423
799,975;71,17681711;73,11112867;74,59268919
800,532;70,74588196;72,05940993;73,96039827
801,090;69,91847232;71,72618567;73,44696139
801,647;69,97579973;70,45645046;72,6029176
802,204;71,04369979;71,4984825;73,49723095
802,761;70,9464438;71,98124741;72,6229624
803,318;71,05134908;71,82669478;72,35985235
803,876;70,42149671;71,65380015;71,92821024
804,433;69,92089636;71,53694207;72,33813382
804,990;70,74692936;70,28667056;71,1709875
805,547;70,30512321;70,54707637;71,91170942
806,104;70,93560646;69,69956285;72,11386981
806,660;70,98000825;70,06711177;72,38703057
807,217;71,73005447;69,25906227;72,36029234
807,774;70,95289418;68,29408112;73,17808642
808,331;71,88734778;69,51519368;73,19631074
808,887;72,06561995;70,43255143;73,93145325
809,444;71,45733712;68,87161749;73,35804971
810,001;70,87663387;69,536746;74,66597811
810,557;70,96517436;70,15083861;74,47650272
811,114;69,75785415;70,3313559;74,15668448
811,670;69,85590565;70,62692137;74,56037671
812,227;67,99023366;69,75754563;74,14138295
812,783;68,6685168;70,14841584;74,52799812
813,339;67,40833137;68,86103102;74,470547
813,895;66,58707903;67,71729129;72,77254772
814,452;67,21801552;69,19644042;72,82431201
815,008;66,46338627;68,54857631;72,16306247
815,564;66,66984514;68,49494815;72,09042513
816,120;67,86698598;68,01198837;71,96095204
816,676;67,02202829;68,15593756;72,18278517
817,232;68,58991867;69,8125334;71,75883696
817,788;68,5733749;69,68818644;71,83749726
818,344;69,50368733;70,53231151;73,05401366
818,900;70,34602577;71,3429209;73,94592079
819,456;71,9050569;72,88649755;74,31736373
820,011;72,29626159;72,56329872;73,06823559
820,567;72,55193142;71,91632406;72,34493614
821,123;72,16934209;72,37626682;72,46391246
821,678;73,5589048;71,89897535;72,95083844
822,234;71,60096701;70,43772479;73,5598545
822,789;71,40724985;71,17731658;72,51290343
823,345;70,06886841;70,03966539;72,18855103
823,900;69,89760633;69,65020271;71,74455887
824,456;68,99724386;69,4719665;71,26372054
825,011;69,06515543;69,94893801;71,90308114
825,566;68,42105228;70,01757513;73,14715257
826,121;67,38377354;70,90792987;73,3392273
826,677;67,61632357;70,58881614;72,31845504
827,232;68,23603942;70,64178353;71,45126857
827,787;69,80607161;70,05103533;72,70477043
828,342;71,87598683;71,05012805;73,26384409
828,897;71,87599983;71,26936636;74,87974162
829,452;70,94151346;71,01906288;75,35363426
830,007;70,59599038;71,37587962;75,11461521
830,562;69,34942328;70,40771162;73,37884108
831,116;69,68537423;70,04190026;72,97993602
831,671;69,2039243;69,8371644;73,23339202
832,226;69,13969675;70,96179115;73,33230803
832,781;67,5229196;70,13252681;72,03993671
833,335;65,99362191;69,08714863;70,86449863
833,890;66,67485238;68,4628054;70,47916247
834,444;68,18518637;67,86419569;71,07654389
834,999;69,78542494;67,56259804;71,42147115
835,553;71,24703347;69,7085696;72,94559267
836,107;72,18106478;69,39331785;73,95555025
836,662;71,91581229;70,31064099;74,41866709
837,216;72,31821207;69,59135443;73,85066821
837,770;73,37033415;71,07356514;74,90151576
838,325;73,00087019;71,71496019;74,14252059
838,879;72,52278852;72,05440288;73,35687599
839,433;71,89914629;71,62568706;72,61665462
839,987;71,20946006;71,31740386;73,89296244
840,541;72,42758807;70,53625316;74,083451
841,095;72,04702747;70,86633866;73,15752325
841,649;72,42798879;70,27033291;73,88074186
842,203;72,10295096;69,26182418;74,31157222
842,756;71,1219417;67,62235635;72,96764688
843,310;70,62355363;67,03594885;73,62099133
843,864;71,72688314;67,40767603;74,74293221
844,417;71,45874472;67,38481841;74,82508623
844,971;71,58611015;67,18040494;73,41429181
845,525;71,44685248;67,56512048;72,91583343
846,078;72,9561942;68,16280053;74,19772691
846,632;72,32288072;68,47756158;73,83180756
847,185;72,1007348;68,43965663;72,54740436
847,738;73,29718564;70,02438021;74,19001853
848,292;74,78858737;70,68822022;75,56470998
848,845;74,14261346;70,42190568;74,19020324
849,398;74,56130844;70,39938833;74,20807249
849,951;73,05994485;70,97536612;73,40452885
850,505;73,23459841;70,26389612;74,44790057
851,058;72,2452144;68,89984403;73,40435313
851,611;73,20525588;68,40837542;72,64914365
852,164;73,75120579;68,73796609;75,29189357
852,717;72,98548587;66,39422695;74,08557819
853,270;72,13777;66,47393178;74,14281159
853,822;71,49273564;65,87368109;74,50671028
854,375;72,53534577;66,35355211;75,99826499
854,928;73,75342776;66,24088885;78,47162894
855,481;71,66413931;67,35195543;76,39234737
856,033;71,30115227;68,02145137;75,98774296
856,586;70,92333983;68,47582893;76,1420701
857,139;70,90520565;70,05328484;75,7427999
857,691;70,12568793;71,02217946;75,05346634
858,244;70,19032343;70,62654819;75,17404584
858,796;71,02487063;71,37258811;75,72784201
859,348;69,61876716;70,59530998;73,60410605
859,901;69,27133919;69,73393422;71,45172349
860,453;71,65414177;70,34688877;73,46556917
861,005;73,90446543;71,01990566;74,66969732
861,557;73,95643742;72,57614742;75,52481546
862,109;73,31878072;71,50567176;74,78624769
862,662;74,53552769;71,4369869;76,92068639
863,214;74,67592223;71,87844426;76,01198812
863,766;72,89009699;71,56476299;76,08152194
864,318;73,42862941;73,46333868;76,92162112
864,869;74,02154784;75,06994808;78,03505533
865,421;71,82524832;74,19755573;76,09858694
865,973;69,76207508;73,93876156;75,98972607
866,525;69,59467901;72,69779114;75,13618413
867,076;70,95748121;73,3470985;76,02517579
867,628;69,87229697;72,65553611;75,07858988
868,180;70,08834222;71,75212589;75,02657126
868,731;70,33320322;71,71388942;74,77043021
869,283;69,4742681;70,78859395;75,17079407
869,834;68,34327778;70,24542586;74,27631743
870,386;69,21897166;69,06237742;75,03915024
870,937;68,57170552;68,72476746;75,12048999
871,488;69,1308689;69,69031007;76,05727689
872,040;68,72889179;69,54820962;75,5710159
872,591;70,44932808;71,07094642;76,86487069
873,142;71,2323171;74,21973908;80,3967211
873,693;71,59226836;75,42224802;79,61665171
874,244;71,40656183;75,09456407;78,64247638
874,795;72,16046705;73,74309699;78,53350223
875,346;72,26156415;74,46005867;79,33621657
875,897;72,16631059;73,31507488;79,06604682
876,448;71,57142522;73,09999616;79,32856715
876,999;71,7497181;73,54667651;78,99484102
877,550;69,99748937;72,94109138;78,08253011
878,100;68,67413623;69,78767758;74,46023996
878,651;68,54427061;68,44849292;74,90422718
879,202;71,14239426;68,35257325;76,79188705
879,752;70,52448673;70,4613809;78,38610797
880,303;69,4292419;69,37338788;77,28135331
880,853;69,23105459;70,22276748;76,74659101
881,404;69,95978867;68,51735442;74,63753975
881,954;70,17968974;68,32687316;75,0559173
882,504;72,08404728;69,57032419;73,74976641
883,055;71,8183478;72,32500945;74,90335358
883,605;71,54113964;72,8178487;74,79921485
884,155;70,59156901;72,06860385;73,20564646
884,705;70,23894535;71,72718141;73,16680821
885,255;69,95872088;74,10881144;72,69418257
885,805;71,37598236;74,49908323;72,16909541
886,355;72,64269479;75,95792044;74,636384
886,905;71,76198113;74,24654359;74,50381862
887,455;71,18687069;72,66774054;75,43661789
888,005;72,01190858;70,28079883;74,1987664
888,555;73,91913315;70,96679287;75,06911188
889,105;72,72727734;71,82999831;75,16062211
889,654;74,75450146;74,33418656;75,82820927
890,204;77,13421055;72,72233368;76,61083304
890,754;75,52705734;72,42809503;76,95173413
891,303;73,82108937;72,74400368;74,53783409
891,853;74,17371908;73,9261357;73,62079873
892,402;72,97503862;75,73847447;73,55480804
892,952;73,92855717;77,56952872;74,60774678
893,501;71,46149974;77,54489762;73,81397941
894,050;72,09333485;78,46242039;74,43542849
894,599;73,19028004;74,84195873;74,21422619
895,149;71,69313878;75,1148937;74,34135909
895,698;74,04984086;75,73437675;76,13346535
896,247;73,74509697;75,72903561;77,80858203
896,796;75,41203968;76,33463442;79,54447038
897,345;77,54938168;76,87421292;81,25530985
897,894;78,25451189;76,04390441;78,56807583
898,443;79,63549944;73,99602136;78,24847626
898,992;79,89198714;72,2055575;75,05864824
899,541;77,30014394;69,97446004;75,68610722
900,089;77,50161663;69,1971019;75,72400325
900,638;76,8989338;70,617829;75,61133607
901,187;76,7464222;69,02200048;75,45098854
901,735;76,06707065;69,88015106;78,41147547
902,284;74,53143745;67,14530045;76,35529628
902,833;73,4796001;68,11970176;78,01192941
903,381;74,17592196;67,79996151;77,31681737
903,929;73,38403248;67,86609094;78,35945846
904,478;74,79030716;70,91798501;78,9888147
905,026;74,91058969;72,25125975;78,26226358
905,574;75,20322888;70,30684431;78,09783267
906,123;75,09504868;71,08190602;77,6484419
906,671;74,82133016;69,4755685;74,53641271
907,219;73,86154599;70,80421969;73,64847869
907,767;77,46987075;71,45359116;75,57948405
908,315;77,19943727;71,29576438;76,84227629
908,863;79,72778844;71,20527226;79,13765076
909,411;80,03557026;71,32539088;78,41858358
909,959;78,52058128;68,18131842;76,29032749
910,507;76,12658941;70,03229975;76,15944221
911,055;77,17632752;68,61886662;77,90413976
911,602;73,40287934;68,35636187;77,8855383
912,150;73,50520221;68,20624108;77,9295715
912,698;70,00576422;66,31487436;76,16493478
913,245;70,02148564;67,89592721;76,18909274
913,793;69,58809682;70,70101652;76,9612231
914,340;66,89038451;67,13223618;74,16409399
914,888;70,6856506;71,51063224;78,03104532
915,435;73,15897931;69,10467344;75,66163736
915,982;72,64834555;67,18759588;74,70211494
916,530;75,68193887;68,99370923;74,59570903
917,077;77,4047901;70,6553395;77,85633366
917,624;76,93375139;70,93884129;77,407798
918,171;73,90485487;70,59661943;78,473648
918,718;72,75700491;70,25319787;77,75898115
919,265;74,17110186;72,68592747;81,13663112
919,812;71,43726146;70,40906955;79,95025407
920,359;70,25742454;70,10827582;81,52137684
920,906;72,14227702;71,91792897;80,00547513
921,453;74,40255947;73,15719113;82,93503708
922,000;73,43366982;72,15161768;78,72909992
922,547;74,70762382;74,43903635;79,98433176
923,093;80,02085552;75,40983395;78,83334026
923,640;80,20881397;74,48370615;77,04222484
924,187;80,83450573;73,68576063;75,24163098
924,733;79,78935049;75,76945682;75,51784483
925,280;79,21258294;77,74733563;76,05574765
925,826;77,77777216;78,47068285;78,16409236
926,372;75,47832318;74,69727012;75,72051997
926,919;77,0047948;76,37646836;77,45821745
927,465;76,53483393;71,11457785;76,81975851
928,011;72,85961757;71,36222097;77,4211431
928,557;72,32142625;71,55612149;79,30672553
929,104;72,39984;74,89276061;81,48117859
929,650;76,36850859;70,99810691;78,21620285
930,196;80,32890511;70,46156148;81,50099382
930,742;85,04682935;74,90995021;80,84799591
931,288;85,97980375;82,44607684;87,62046577
931,834;86,93913704;81,62730184;95,38807809
932,379;89,09925615;94,47791045;101,2335096
932,925;88,46091465;92,85132188;100,3590684
933,471;89,99148279;91,93521063;95,6351237
934,017;96,06450217;90,72758309;93,83759037
934,562;100,170607;96,60908561;106,9524358
935,108;88,20478072;93,68516108;90,03156901
935,653;78,91529019;84,17070525;88,20685894
936,199;78,30188857;71,72004929;74,6818747
936,744;76,15297892;69,79752406;68,63516998
937,290;79,25531836;64,38140154;68,16390374
937,835;88,62833009;70,12842239;74,07407171
938,380;88,82478121;73,57184019;84,4200802
938,926;84,35824214;78,8702211;88,72006143
939,471;79,92564957;80,38188362;88,94896392
940,016;92,86205983;87,22413223;96,96551239
940,561;101,7874196;92,08974962;101,521209
941,106;101,039396;95,28918596;102,4140798
941,651;110,736457;101,7790639;112,4534543
942,196;105,0990927;100,5964977;114,2197387
942,741;105,0221548;95,906309;116,3114532
943,286;106,3952299;91,08932163;115,9667478
943,831;100,148117;82,83960861;108,1464184
944,375;101,92224;83,00568089;107,9947557
944,920;92,56161511;78,4330985;101,3424267
945,465;91,99922976;74,59031753;99,30595457
946,009;96,04210308;72,4631593;99,72631756
946,554;86,22013318;68,6726029;91,08669898
947,098;80,30793671;64,26255635;86,74230015
947,643;76,12864422;66,43514952;90,47259928
948,187;70,83459702;69,37784578;83,79362416
948,731;75,14562788;70,78416749;88,76773094
949,276;72,1228711;65,77732694;82,79492556
949,820;71,17029979;66,45045077;86,14407988
950,364;67,83195945;66,407165;85,26732893
950,908;67,43548912;64,66771987;83,76819375
951,452;72,34735805;65,64907954;82,73561827
951,996;74,86614636;73,70078456;80,86614142
952,540;81,2520278;70,38599087;75,3649057
953,084;84,08961567;68,25057075;80,49372121
953,628;85,08515841;69,26499736;80,26698703
954,172;85,34217861;74,69665113;91,36061948
954,716;84,06244952;71,84766282;92,50300643
955,259;81,25620038;72,11570011;91,73553456
955,803;78,62057001;67,73305764;94,22085161
956,347;67,88737449;68,63606845;96,22396368
956,890;67,95589214;63,96396252;90,02796177
957,434;68,41694938;73,4496715;101,807414
957,977;70,37772986;72,28934302;96,31441781
958,521;66,16750424;72,44898198;92,24754853
959,064;68,58486043;66,47612079;83,86686614
959,607;69,4777056;69,78344217;85,79618194
960,151;67,58749977;63,9500038;82,11249837
960,694;67,75212415;66,56135739;83,00121064
961,237;79,31262028;70,58204103;84,67210823
961,780;79,30314465;67,7410937;94,14067292
962,323;76,2792569;62,39793472;93,72618309
962,866;72,74414431;66,57624625;102,255852
963,409;75,18855074;67,01554588;102,6935485
963,952;74,27079163;73,61776593;100,1306031
964,495;71,09890209;65,01373267;93,53021478
965,038;73,24624461;68,46505682;91,86153261
965,581;71,42311867;68,11354159;90,16038583
966,123;64,4069795;62,70930437;87,11627869
966,666;61,52933245;63,13632131;77,76099591
967,209;61,5831581;67,56524808;71,9279849
967,751;63,18557462;65,1577716;64,53793992
968,294;62,36715976;59,62461476;61,33013556
968,836;63,34868755;58,21089844;64,47882613
969,379;70,27887492;63,51227385;67,36454449
969,921;69,22882865;66,92204537;69,22882865
970,463;71,32958561;69,16931943;70,89753125
971,005;71,72001626;69,03969561;72,00170797
971,548;73,05753689;72,47523095;74,75230283
972,090;73,67186746;68,13385196;72,77893104
972,632;77,74757749;71,91265834;79,28785459
973,174;83,677625;77,51093763;82,01892925
973,716;82,70738716;76,89847393;80,3652473
974,258;79,66595748;74,65530817;79,352091
974,800;82,06312506;73,58407636;80,47949083
975,342;84,55741869;77,85400994;79,3274133
975,883;88,22314127;78,59938955;79,08873273
976,425;97,03638386;78,30366437;78,9561029
976,967;97,66074951;82,4612936;82,1109717
977,508;90,23648867;76,18243274;76,28378254
978,050;86,06688524;76,03376133;80,80991299
978,592;84,31666895;77,06500884;75,76700428
979,133;82,52233479;80,08408287;77,3515512
979,674;81,68332176;77,82013243;74,10116909
980,216;77,66289147;73,43640576;72,82401526
980,757;72,86130438;72,57032252;68,85548361
981,299;65,24355987;68,02708279;67,68854473
981,840;66,83064757;64,63515207;64,71714044
982,381;67,77475451;68,8623778;67,45022253
982,922;65,34008447;67,5958496;62,18372359
983,463;64,55883731;67,82337067;67,4944516
984,004;63,62084356;66,10844737;65,43370832
984,545;61,04626297;65,05069261;67,56411228
985,086;59,43743803;60,40133505;66,80687384
985,627;58,76917244;61,2178865;69,04453459
986,168;60,83657648;61,87481164;68,53349772
986,708;58,143809;65,72157485;72,61601456
987,249;61,43605117;62,98559667;71,66085002
987,790;61,52474641;62,23807099;75,36780918
988,330;62,32743431;66,04677297;73,78208271
988,871;61,92893482;66,32466023;74,38168437
989,411;64,05679251;70,29961084;75,28969358
989,952;68,14242277;77,29978031;81,05878631
990,492;70,95965299;76,85553062;80,86975113
991,033;67,54061422;75,00514887;83,75488829
991,573;65,31680861;70,08159008;78,94630285
992,113;61,12653096;72,04482037;82,25901899
992,653;62,92624789;68,01149491;80,11498998
993,194;63,20341911;65,89779618;78,27599818
993,734;63,31022066;67,0585903;75,74113347
994,274;62,01478777;63,86321666;75,11809697
994,814;59,92579175;63,12100763;66,07916024
995,354;61,13916963;64,85760047;68,43632607
995,893;61,41366525;62,99473095;66,26020332
996,433;63,93063747;66,79979098;73,25275779
996,973;61,70442522;66,38619198;67,51887558
997,513;61,70906343;73,63556833;68,54750892
998,052;67,06427431;68,21076956;69,85524383
998,592;68,47878084;66,05865019;70,19551735
999,132;74,04472796;67,29713013;68,70288005
999,671;71,42857445;66,59264502;73,43943105
1000,211;67,9540555;66,38899253;72,39682443
1000,750;64,49461447;70,92098574;71,36993
1001,289;63,95817171;68,47680194;63,91793785
1001,829;63,84884999;59,83638293;65,39410106
1002,368;60,97696145;57,28559861;68,35969667
1002,907;54,0314033;65,42043688;69,13251598
1003,446;52,91696543;68,1192387;70,13484787
1003,986;53,1672178;68,65573468;66,81967606
1004,525;52,3646474;66,27585416;64,16809392
1005,064;53,6958688;62,63065976;67,52115482
1005,602;59,58170274;64,48366053;71,35947732
1006,141;60,02636864;66,15688632;80,06591616
1006,680;61,49449495;70,77930505;79,31130358
1007,219;65,75689334;71,44189047;80,34882845
1007,758;70,56775968;66,52384231;79,24477819
1008,296;71,73302407;64,29300642;80,94691094
1008,835;70,66017297;63,54549993;86,92792787
1009,374;75,66049228;71,10537204;97,09990806
1009,912;76,16089238;70,86504163;93,07345417
1010,451;64,07679162;62,29188408;85,69071754
1010,989;69,65127177;62,86522738;78,60509249
1011,527;71,1851092;68,29267416;82,87991847
1012,066;71,84848116;66,81817864;78,71211677
1012,604;69,22588533;74,57169955;86,04060766
1013,142;68,97521088;77,02583653;90,22674992
1013,680;63,52712514;77,04541391;84,67926382
1014,219;60,90953527;62,87965881;78,82120861
1014,757;65,0705227;73,062859;85,2342039
1015,295;81,28002239;81,8374022;94,2917497
1015,833;71,52221538;80,35323673;93,8637997
1016,370;69,29794964;67,36647367;87,10110893
1016,908;62,0058309;69,34542823;85,56383468
1017,446;61,98264306;63,56809287;81,35847978
1017,984;63,96680511;65,21161645;82,52281529
1018,522;61,11481973;59,39586255;81,67556083
1019,059;61,12971691;66,39768782;77,4360528
1019,597;59,37500353;62,54242305;69,48529584
1020,134;54,82993057;62,32653019;65,49659973
1020,672;57,64840343;63,39897644;68,9212359
1021,209;54,22971436;72,47441657;72,07089978
1021,747;61,68624896;68,87900787;78,61225704
1022,284;64,41176406;70,69659529;82,21361742
1022,821;60,69936725;70,895867;80,02475677
1023,358;66,79790165;79,57130516;85,94342145
1023,896;74,41077844;82,59259929;92,87879219
1024,433;75,76880276;80,67944605;95,66898129
1024,970;77,1301137;85,25428843;100,3137299
1025,507;78,22316494;81,24999986;97,30038896
1026,044;85,85106647;80,42553205;100,8865275
1026,581;79,96859415;82,32420397;99,91275253
1027,118;73,80468381;81,83496286;93,98190786
1027,654;78,17184716;79,87202911;95,5393023
1028,191;76,85260882;65,4315982;97,71987414
1028,728;75,52679982;62,47689289;99,79667171
1029,264;69,69887978;57,54895611;97,17834829
1029,801;67,30843533;49,74971034;90,29649843
1030,338;61,26674322;48,30346325;82,68661722
1030,874;56,54832255;49,97451724;85,7992161
1031,410;59,58466963;50,28399234;82,62336441
1031,947;62,2900799;50,38168377;86,00509253
1032,483;58,90548827;47,96037965;82,17223554
1033,019;58,11789384;52,60255135;75,40503577
1033,556;54,38129873;50,02851289;68,16195229
1034,092;51,72413617;59,08667188;79,12395423
1034,628;54,60344024;62,17308259;82,50052656
1035,164;52,37564151;75,8197616;95,58332073
1035,700;63,0814641;70,58823343;90,20428274
1036,236;51,99617494;72,31651526;91,32201891
1036,772;56,65990744;60,7392427;85,50822767
1037,308;55,86920873;68,07809991;90,28463664
1037,844;58,26179778;71,19098461;99,38305048
1038,379;51,46654631;78,3455549;93,79009866
1038,915;49,45079848;66,72768764;82,35698108
1039,451;46,94416674;61,9898535;80,81218841
1039,986;59,94115457;54,45565359;76,77595474
1040,522;48,62604505;57,72600504;76,38390743
1041,057;58,42794683;48,93013264;75,45851719
1041,593;53,97966462;57,02950809;83,51103245
1042,128;49,69106765;49,69106765;71,10265899
1042,663;48,38847612;57,2251863;75,21878719
1043,198;63,14335738;50,464477;87,72282794
1043,734;76,3085374;61,1069358;89,30628292
1044,269;83,14668782;69,98088345;92,02404296
1044,804;71,43629848;63,59210238;89,53205465
1045,339;89,68141413;64,08232375;85,6780309
1045,874;78,59065454;74,25984831;86,37142194
1046,409;83,17308266;73,87019933;84,85576862
1046,944;85,10800239;75,90851422;92,83354968
1047,479;84,23105086;65,82988385;77,08993743
1048,013;67,14317422;61,95293754;62,01891411
1048,548;57,78256555;52,03444462;63,72443656
1049,083;60,22482303;49,79670023;70,15068541
1049,618;63,04121467;57,85081292;79,02973977
1050,152;63,95112019;63,08553694;82,86659538
1050,687;73,69628222;54,52722463;70,9455586
1051,221;75,3757209;62,91907819;66,96532046
1051,755;83,21048606;60,36036002;66,63936588
1052,290;79,5918374;69,58345103;79,5918374
1052,824;86,42894901;74,26822546;86,561998
1053,358;87,02869837;77,29318953;78,53123321
1053,893;79,25377098;69,88621103;65,28182046
1054,427;76,06907789;71,43639958;52,90570045
1054,961;65,69942554;62,82507257;55,59813804
1055,495;70,29312248;72,97068681;66,96730904
1056,029;75,22418262;80,83693405;75,98804442
1056,563;76,27061456;92,59508535;89,3301912
1057,097;101,7821782;99,96039891;94,17821818
1057,630;107,4363033;124,0249613;102,4961065
1058,164;114,6917171;124,6146463;87,52408736
1058,698;115,6537789;163,1675934;113,3210599
1059,232;118,4839558;167,4052343;103,7900829
1059,765;136,1201323;223,2143036;127,5974095
1060,299;106,214226;201,8806044;87,16271891
1060,832;64,6168803;124,3045356;73,20644159
1061,366;57,27985939;100,6974735;41,02005132
1061,899;40,56531639;93,69748331;55,347597
1062,432;48,03921154;93,31550307;66,57753828
1062,966;66,54119508;107,7791679;88,12212418
1063,499;64,42239507;102,1261496;77,63997431
1064,032;71,65440959;103,5294083;91,13970458
1064,565;79,24936695;103,0313999;90,68928138
1065,098;92,01164455;114,2302729;121,216036
1065,631;96,33468966;125,9903772;109,2558275
1066,164;106,7658971;138,6107307;151,0599896
1066,697;111,8434098;150,2973182;138,5034673
1067,230;107,3160544;137,6254258;115,5100362
1067,763;105,8207196;138,824218;144,0628676
1068,296;121,9037314;152,731199;161,9794485
1068,828;126,3871807;159,4328017;170,8384837
1069,361;118,0303829;143,2141167;153,3072087
1069,894;122,5985228;136,5147746;151,7241418
1070,426;129,8996685;134,9832795;177,2575285
1070,959;104,4776197;153,6207913;127,5843048
1071,491;108,528111;133,7334117;147,6310752
1072,023;92,93285887;127,3498183;153,0035373
1072,556;81,9144003;113,9438564;119,5582101
1073,088;66,33969548;64,17140056;103,9752147
1073,620;61,76739594;56,50183256;99,4963342
1074,152;45,10813374;43,46034809;81,51389994
1074,684;35,89409536;44,22742808;63,54166473
1075,217;48,02454965;37,13080139;62,9459137
1075,749;53,89645124;7,411440038;86,70299776
1076,280;50,54545513;10,44155942;73,92207804
1076,812;45,08089824;25,27328698;75,60122722
1077,344;22,63875456;3,992209215;60,80817907
1077,876;39,15587288;31,75929716;63,68575435
1078,408;42,38999006;41,58255785;53,29027292
1078,939;42,77204357;48,09372357;62,50993206
1079,471;36,36752142;40,29914635;50,47008256
1080,002;18,04703675;74,18200578;58,58895663
1080,534;23,48328571;70,03714719;58,06850908
1081,065;36,10495053;81,44863285;67,70140524
1081,597;36,94383352;47,70240617;55,0692895
1082,128;47,65258349;50,00000252;58,56807476
1082,660;46,59685716;45,07377303;57,30604312
1083,191;50,96810635;56,4920246;50,96810635
1083,722;54,17851007;47,12904895;43,88857215
1084,253;57,25301478;62,69879636;70,16867659
1084,784;68,87987268;48,30207664;67,71414144
1085,315;77,87971691;41,48827525;63,60855834
1085,846;97,18004302;59,70715631;57,91756786
1086,377;98,80304949;94,45049028;82,80740327
1086,908;101,7573688;80,44217353;61,05442223
1087,439;109,5379145;108,0568674;54,38388422
1087,969;85,61701946;63,87233726;65,19148918
1088,500;104,7936116;66,31158426;77,94052253
1089,031;120,0215279;41,3885904;70,99031291
1089,561;100,2231138;28,06782792;63,76617755
1090,092;106,6490744;21,68865373;47,70448239
1090,622;85,67530644;16,59845456;57,61710113
1091,153;99,62453638;-12,76595807;36,04505725
1091,683;95,33509056;8,869908834;51,51117373
1092,213;89,76744013;13,43023264;37,20930079
1092,744;129,101194;27,96982979;45,94594514
1093,274;102,4482059;40,42686717;24,92153182
1093,804;114,2768847;74,47465869;43,75772511
1094,334;108,5995074;74,07862595;31,8796068
1094,864;91,93303412;74,07407528;51,29376268
1095,394;98,26478586;82,00514339;42,03084791
1095,924;112,1277739;108,608553;72,98321585
1096,454;103,2366072;89,50892753;65,17857154
1096,984;102,1140597;73,30383273;77,28613616
1097,514;84,99413448;59,37866029;74,26729095
1098,043;87,3179589;64,62378394;91,50485059
1098,573;75,39737019;53,55908561;77,53973788
1099,103;90,13840758;67,90657826;101,6436016
1099,632;101,7671545;82,22452981;94,07484525
1100,161;94,09798808;57,23830695;79,621377
