Filename-->;PETALO_1.RFL8;PETALO_2.RFL8;PETALO_3.RFL8
Mode/Unit-->;;;
Int.time[ms]-->;1,049999952;1,049999952;1,049999952
NrOfAverages-->;20;20;20
Smoothing-->;4;4;4
Wavelength [nm];;;
172,206;33,17677044;12,21399629;20,5467371
172,805;29,84293194;10,20466253;30,68829314
173,404;30,81493843;6,855734599;30,58867369
174,003;23,05900406;10,04314421;35,48034985
174,602;22,33192413;4,27521696;25,76168129
175,201;15,17103466;4,979953808;31,88539572
175,800;9,855272063;3,352805584;33,88981231
176,398;27,89581594;14,78038554;27,00771696
176,997;17,31868092;12,42115399;34,94535411
177,596;23,0785245;9,143687397;33,18802813
178,195;28,46091233;14,6632777;35,13966823
178,793;20,53899568;10,20737924;38,75144099
179,392;26,46569421;5,931396438;31,2714766
179,991;24,5047116;5,20397458;33,98566708
180,589;22,18053586;-4,807394082;18,593704
181,188;24,59596967;5,059694781;11,65817743
181,786;10,06386268;-13,64756602;6,666667048
182,385;17,04056178;-0,630481456;9,094203508
182,983;14,61727242;-1,139771828;17,65857632
183,581;4,941452666;3,601815711;15,36312878
184,180;13,19117277;5,574043772;7,126348006
184,778;1,528962293;-0,114056679;-7,682875653
185,377;2,000000045;4,575628386;-8,361659356
185,975;3,553168786;4,994400244;-13,80228121
186,573;1,178039989;9,347826132;-1,626310062
187,171;2,079924941;15,14076675;6,512300921
187,770;5,598076387;15,78586059;0,717617873
188,368;4,052779805;17,54023951;3,258051775
188,966;-0,214900527;12,03783118;-11,02690517
189,564;-0,79193484;19,03720203;-8,488536654
190,162;3,527106743;23,60833034;18,66220619
190,760;-6,774193349;25,60665654;36,6859364
191,358;-2,031602626;24,98265368;45,637849
191,956;-16,47597368;7,922580318;51,17090036
192,554;-22,95607384;-0,266594567;51,32414739
193,152;-27,83259588;-4,258555454;65,11843339
193,750;-40,40133912;-20,53748514;65,37102039
194,348;-30,36848793;-23,2658958;80,43051983
194,946;-34,01360151;-21,83367546;71,52292611
195,543;-27,44564812;-34,70085291;52,74026899
196,141;-5,696755349;-24,63246157;44,8534216
196,739;-16,55172495;-31,02352165;42,1726269
197,337;1,406689529;-23,08151812;26,89278954
197,934;7,471262622;-13,34580666;19,46013734
198,532;7,506470133;-16,13955091;14,3944193
199,130;20,50095259;3,113500247;25,38775589
199,727;22,64944312;-13,6723508;11,50027491
200,325;29,31992615;-15,811607;9,55682693
200,922;26,71969968;-5,016636974;22,1499298
201,520;34,46327725;-8,42472611;22,06939807
202,117;50,80775392;-0,048030864;27,59750057
202,715;40,10925768;-1,963191125;28,29655004
203,312;44,50381917;-3,667647514;31,05810717
203,909;60,70430245;-4,434803441;32,79611459
204,507;45,5319164;-24,54075946;14,16322479
205,104;37,93405626;-9,539207609;28,59649389
205,701;27,53950755;-15,35957394;17,19256966
206,298;24,28290483;-22,94402279;24,78978632
206,896;12,11778044;-30,29604064;21,74197631
207,493;0,622812094;-30,43478146;15,86229827
208,090;24,72866116;-11,65234044;29,86384565
208,687;19,38451557;-16,76356525;29,64678919
209,284;6,292133209;-9,507042307;28,3486222
209,881;18,12688913;-6,749125555;35,44627603
210,478;32,70422584;-8,941119692;33,95883572
211,075;40,87753151;-3,706293815;51,38362765
211,672;30,84495228;0,619742965;37,60603178
212,269;26,67456806;1,686691034;34,74784788
212,866;21,89384737;-0,717017553;39,53143217
213,463;5,81853892;-13,50108282;34,70404856
214,060;14,48628064;-8,647576286;48,56069851
214,657;13,46153701;-14,32886005;45,04559292
215,253;17,31234666;-17,5284099;44,81955752
215,850;8,049432343;-3,597602408;47,63349416
216,447;-0,389221618;-13,87508726;33,71647657
217,044;-0,595611178;-34,8401312;30,67522005
217,640;10,52327115;-24,73045877;32,38866649
218,237;15,35292514;-20,79772096;33,70957618
218,833;18,35948145;-10,85441953;29,12269059
219,430;-2,59817116;-15,1549518;7,729634944
220,026;-3,427244434;-4,351176345;4,209882799
220,623;-6,084286646;19,29824826;-2,190923019
221,219;-10,84707664;-16,06291447;-11,44505116
221,816;-2,438316573;-9,028043423;5,5191781
222,412;3,708506783;3,834474636;17,94409319
223,009;-7,522507558;-9,613769088;11,84127198
223,605;-6,024096203;-23,63145633;0,385603755
224,201;-18,47789709;-34,23271188;2,853352117
224,798;-6,640388111;-40,00000069;8,596802049
225,394;-12,63850303;-42,61480751;11,9935869
225,990;-4,562383476;-35,32356176;26,19589905
226,586;-1,067820489;-12,65019976;22,03157539
227,182;-8,29694441;-24,39875986;14,18439494
227,778;-2,264292498;-21,93415606;-3,762569199
228,374;18,49090453;8,886620787;12,31638598
228,971;10,72922895;20,10562064;17,60540821
229,567;16,47644255;12,12010413;8,091023499
230,163;17,14202696;25,04885038;10,90392025
230,758;21,27532792;14,19583194;9,90906307
231,354;27,25094143;5,629431923;3,998666178
231,950;23,67303586;-7,577642039;18,0847381
232,546;23,89891698;0,97276225;6,996531688
233,142;10,03113121;-10,31014123;10,50354182
233,738;16,14699274;-27,91448261;10,80357071
234,334;17,12445121;-37,2411095;7,629429523
234,929;20,01352225;-26,42369216;32,10306748
235,525;12,8408071;-39,64925916;15,55984407
236,121;18,23970202;-33,48416275;13,56818788
236,716;4,611733414;-42,70420122;16,43312155
237,312;13,42130624;-39,79674631;13,4166673
237,907;20,57463588;-42,20870702;25,48664138
238,503;13,42441464;-34,52753877;21,51999828
239,099;5,999999678;-59,73348826;9,813268286
239,694;7,927442654;-52,78302074;23,73877161
240,289;6,578948474;-32,30209271;17,07675224
240,885;11,87334905;-18,71275448;29,39090833
241,480;11,29717604;0,533050029;38,22611171
242,076;11,08741857;-4,092586233;23,51014904
242,671;-0,530786549;-29,21216965;6,654864871
243,266;-13,28565924;-37,47053742;2,980736735
243,861;-6,610758859;-41,23591149;2,983288895
244,457;-19,08186407;-40,2133803;2,286352032
245,052;-31,66388891;-35,98713402;-10,57340555
245,647;-47,21486223;-59,35484502;-33,84965999
246,242;-106,3006293;-99,82926189;-78,11469763
246,837;-346,6665281;-162,4469583;-172,0689852
247,432;-129,5748589;-206,011436;-99,78858296
248,027;-52,63842951;-96,81122432;-40,22125666
248,622;-35,89742972;-74,59967043;-30,48106949
249,217;-34,01733052;-65,5708274;-26,96449903
249,812;-24,37080239;-33,40601554;-29,74257218
250,407;-19,27855709;-37,95217668;-31,13503828
251,002;-8,654926953;-30,33333163;-7,320998734
251,597;4,754098424;-24,87286206;10,98670366
252,192;11,16071317;-24,00492232;33,04721317
252,786;3,307888327;-13,20619025;59,11172779
253,381;-4,949786581;-11,21362704;59,20047569
253,976;-11,58832889;-8,976795745;50,41586973
254,571;2,605965263;6,846541537;48,13994295
255,165;-5,820757037;-7,635371913;56,56565744
255,760;0,189453555;-6,832902857;47,50712195
256,354;-7,37491979;-12,49084217;41,24554893
256,949;-7,013782411;-17,00702901;24,40819243
257,543;-7,311709525;5,354280782;36,03399518
258,138;6,660113472;11,41235688;34,91812007
258,732;12,69919104;22,43888174;33,69661754
259,327;13,01210438;12,39327265;34,82382079
259,921;10,25325835;-1,653348072;28,94505381
260,515;15,13019094;3,123450981;28,05548986
261,110;18,81364509;8,597794456;30,88873642
261,704;15,63141636;9,282002622;33,24644671
262,298;10,91507865;14,39273476;41,89873371
262,893;9,280302365;7,186046142;29,91388019
263,487;0,495627164;-4,226752059;18,94060962
264,081;-7,474932633;-13,88729238;10,75268834
264,675;0,436807974;-4,217925875;13,25014786
265,269;5,741626205;-4,312885262;23,3541409
265,863;-11,61121983;-13,13648732;4,473606742
266,457;-13,63246592;-39,43820032;-1,714285449
267,051;-6,175771617;-37,17150547;-1,564607564
267,645;5,424454997;-32,66443559;-1,613771601
268,239;4,669131509;-50,65921093;-8,234629251
268,833;3,32455749;-45,89041036;-13,25051616
269,427;3,589924028;-41,87387355;-5,108316879
270,021;2,088676653;-48,89320576;-14,86720624
270,614;-1,220904674;-48,65312693;-18,21740393
271,208;28,99666162;-29,91729113;-0,027977825
271,802;37,31098098;-9,776278612;12,99111149
272,396;39,56621738;4,981361856;19,0557927
272,989;22,71436611;-6,681951257;27,0013939
273,583;19,35661391;-6,407164885;27,39339088
274,177;18,41404627;-14,66417958;24,44916213
274,770;21,0597112;-12,21424014;17,68433055
275,364;22,51005893;-9,245452503;22,57584905
275,957;15,73844565;-10,83333375;28,58589659
276,551;6,352261995;-6,579781602;20,99559526
277,144;-1,621884279;-18,10109448;11,081173
277,737;-8,237723435;-21,47020602;6,027017848
278,331;3,793181714;-12,9127363;-0,79640058
278,924;12,27949673;-10,91970054;4,458185176
279,517;15,97571211;-0,514379084;16,34645804
280,111;17,39478914;-5,543071173;23,13564299
280,704;18,40515591;-5,485772617;15,60407545
281,297;30,27403313;-7,335364412;10,09076389
281,890;22,38018795;-21,86408904;9,0026955
282,483;29,14051053;-17,63435747;10,10362633
283,077;36,37454922;-14,21537115;1,340693894
283,670;27,97999303;-13,02370024;-2,210837938
284,263;21,09842367;-13,19678406;-3,245434683
284,856;22,68271871;-7,603939356;10,91589875
285,449;10,06341319;-11,46750068;8,092307766
286,042;6,104487339;-17,46674204;18,12297782
286,634;-18,18181861;-18,2713015;14,95176674
287,227;-11,57115291;-25,98054563;14,57269412
287,820;-6,347582847;-40,48536529;11,34896066
288,413;-18,50603813;-54,18088678;24,94226746
289,006;-12,22060193;-43,71438228;38,59880865
289,599;-16,91215101;-40,89783264;25,76134331
290,191;-23,70507708;-49,04437121;3,872213251
290,784;-18,62448472;-46,85290042;3,389827998
291,377;-11,60286986;-24,70045817;5,8965835
291,969;-2,800616464;-21,1623115;8,819041978
292,562;2,451102593;-2,159383175;14,75553204
293,154;-2,604846243;-1,036269701;21,90560632
293,747;4,387939413;5,694711056;21,63665029
294,339;12,61412703;8,317801851;10,85526261
294,932;17,5033017;14,31155248;21,62162005
295,524;15,73441478;17,9594692;32,54632459
296,116;15,60549209;22,6269553;30,85730948
296,709;19,75732592;22,9456664;31,69323745
297,301;24,31902459;23,57630855;25,49077037
297,893;32,5232465;22,17443303;37,34039507
298,486;34,79067791;37,61866145;29,89480717
299,078;42,27192185;30,69135085;32,47775575
299,670;41,3905833;24,01241622;44,68363093
300,262;39,4407182;26,43884785;32,91614676
300,854;45,92969757;12,29876007;28,92199674
301,446;49,33332948;24,22816861;31,54199151
302,038;49,01240567;21,98581543;20,03885751
302,630;53,19247533;20,61915864;34,94441451
303,222;42,02743318;18,10178732;36,75428685
303,814;33,32610105;10,92818614;35,54579136
304,406;38,0865316;8,726534424;36,55059613
304,998;41,00135437;16,16814845;25,5831463
305,590;41,29800163;8,347913373;24,95521013
306,182;48,55319921;24,42442432;29,65269451
306,773;40,12880417;5,562392706;29,70766377
307,365;38,82099358;4,562470525;31,49070033
307,957;29,4062643;-8,599949082;8,268286626
308,549;30,16128809;-11,7095392;-7,114744353
309,140;36,26343384;-12,28166115;-3,365938294
309,732;15,87664154;-20,3089808;-19,53051848
310,323;13,16851531;-16,66666667;-10,26874136
310,915;29,75070425;0,207467199;11,23814766
311,506;26,9844586;-1,014983149;9,667506072
312,098;32,65088388;1,301417069;6,032098565
312,689;21,27894119;-5,174129229;0,679068505
313,281;19,88870295;3,786953513;10,1449287
313,872;17,09627679;13,6955041;16,59286249
314,463;16,16871725;18,46645223;23,07110697
315,055;16,56620641;23,23529416;32,10897767
315,646;16,87687581;23,98102318;39,12931708
316,237;1,02934793;15,32277483;27,34082196
316,828;-12,82344898;11,91151542;23,7440527
317,420;-19,98209929;11,30485223;22,55758456
318,011;-7,604641722;20,99391414;36,60561565
318,602;-3,795835725;20,14605828;41,47278074
319,193;-4,808050602;15,15800731;35,59402592
319,784;-12,02635911;15,10094145;29,09003109
320,375;-12,78681689;12,93358373;29,31834728
320,966;-16,08163301;17,83013389;28,87218109
321,557;-14,36962446;11,08677767;37,86953014
322,148;-7,871993085;5,037905457;39,40899185
322,738;-1,463168624;12,55572153;39,71128148
323,329;-2,237867493;5,700026625;36,25114594
323,920;-0,131961563;6,777714621;23,74295418
324,511;4,626429394;-2,386238321;24,67419527
325,102;3,073019289;-15,36388073;14,10256335
325,692;15,50987552;-6,269864932;8,773072239
326,283;21,39277382;-12,61821288;9,322408331
326,874;25,10044787;-9,940615049;3,58793629
327,464;21,82448211;-14,94062346;-0,297210838
328,055;23,88556159;-17,70438435;-2,330270577
328,645;14,28237289;-19,88723636;-16,40109889
329,236;17,78074955;-14,6046079;-4,310850056
329,826;23,78995482;-9,099662153;5,484848985
330,417;29,05363286;-2,630960656;23,42712749
331,007;21,39879449;-8,292454654;19,7447958
331,597;16,81152238;-17,08893492;1,437438263
332,188;20,05269891;-10,5798291;-6,624888133
332,778;21,13821097;-5,200208225;2,904564713
333,368;25,80718929;-1,486354771;16,13077452
333,958;35,30326623;-1,556211472;22,90717256
334,548;31,38383445;4,552202018;29,44372044
335,139;21,16772873;-1,494903722;27,95768605
335,729;19,75413329;-1,250579045;27,88384976
336,319;22,33009609;6,595796109;36,46474636
336,909;25,65938138;20,25985359;46,78241138
337,499;20,47472755;18,39878611;62,75082923
338,089;30,40427674;24,10829358;58,58704699
338,679;24,40672348;17,57049904;60,6524148
339,269;26,04918046;23,4536626;60,77547198
339,858;26,53815198;18,95789687;59,68491364
340,448;25,62499996;20,18828502;48,88357179
341,038;27,58799976;19,34005504;52,87818028
341,628;32,84256377;23,85500355;52,97662547
342,218;36,0199349;17,8159671;46,05873004
342,807;36,72273642;10,33519569;41,09810224
343,397;32,65263154;-4,271099862;32,84751085
343,986;33,87881467;-2,010309305;29,11860897
344,576;29,65065579;-5,370911115;26,44390283
345,166;24,13941393;-15,96016429;20,33311776
345,755;36,85320017;-2,077687486;36,61038818
346,345;39,17831294;-3,16742047;23,20910496
346,934;32,03317767;-24,75070284;15,5570658
347,523;33,56690896;-22,46123203;20,99593466
348,113;37,09823618;-20,40117512;14,98333001
348,702;23,45255852;-10,76380708;14,31476149
349,292;26,06466155;-10,69809606;17,62368297
349,881;28,12185235;-10,92211261;17,67718044
350,470;34,08913325;-1,514504951;24,0976002
351,059;29,80303258;-8,95140674;14,54076196
351,648;36,74297133;-11,6244084;19,70530154
352,238;36,88430781;-8,17023167;20,6708079
352,827;26,54147992;-14,01214556;11,17413313
353,416;27,74919975;-17,72946668;21,77395401
354,005;33,38068001;-12,99270105;27,27009896
354,594;25,29812699;-20,29053357;30,15292958
355,183;30,52297128;-17,58436798;21,0781374
355,772;24,42672179;-25,77800753;15,67116207
356,361;24,9886286;-18,43643513;14,63942916
356,949;11,58440568;-20,32440373;19,22382414
357,538;10,40436003;-23,29286958;20,31558027
358,127;17,49040135;-27,7165354;29,86940642
358,716;17,91106606;-17,96933858;28,12335349
359,304;16,79649359;-27,03279158;21,53274986
359,893;21,60000113;-16,38141887;20,34631885
360,482;18,28431107;-21,21212043;21,63695395
361,070;21,27851701;-8,441386918;25,08624895
361,659;16,83123969;-10,94999869;30,81807147
362,247;24,11421363;4,817150647;32,72886053
362,836;31,8413833;9,734114636;31,55985308
363,424;31,47485206;21,48058307;31,89170732
364,013;27,96896295;18,71699536;32,45788788
364,601;30,60520404;22,5789575;40,22698762
365,190;26,87448696;15,08097195;38,74978377
365,778;18,96217329;19,36857094;37,63683727
366,366;18,74900202;15,91429496;40,8677746
366,955;17,18532261;20,65934119;36,74046964
367,543;12,05846548;13,53856369;35,97122535
368,131;9,32328826;19,94929556;31,9882359
368,719;1,578095078;11,82965279;27,03064894
369,307;5,764288856;13,7661973;24,01397325
369,895;4,736287811;13,85023053;18,6728183
370,483;4,717282603;14,08342835;15,10009363
371,071;8,086627875;11,20771846;12,21561198
371,659;3,392232638;6,120104762;6,27417279
372,247;4,159475377;5,978097523;6,648200675
372,835;3,100164674;4,500312782;1,422450605
373,423;1,906352528;3,353635324;4,430903805
374,011;2,415546198;2,54727353;4,887545946
374,599;3,3903514;3,266584648;7,897257421
375,186;3,603053404;4,999049985;7,715262566
375,774;4,006830397;5,391203898;6,962630712
376,362;3,80740963;5,335578917;6,672767767
376,950;3,754682497;4,847100461;4,875569651
377,537;3,032999155;3,540503769;4,350662581
378,125;4,134330873;4,578596273;4,515328804
378,712;3,362409835;2,861170053;2,970005561
379,300;4,125987721;2,720071637;2,827479791
379,887;3,181350969;1,65262598;1,590514849
380,475;2,635503801;0,430619637;1,656930242
381,062;2,99015669;1,270630345;3,050231504
381,650;3,498916936;1,964376687;3,464436338
382,237;3,923958826;2,547849815;4,828377823
382,824;4,403008602;2,992602419;4,940315701
383,411;4,28686126;2,424425371;5,980693204
383,999;4,741276479;2,897570972;6,126422898
384,586;4,501747561;3,563197508;5,833992537
385,173;4,447108124;4,444122227;5,530199529
385,760;5,228585354;4,827340588;5,386121266
386,347;5,272962575;4,53458452;4,909139909
386,934;5,180895046;4,380363316;4,869018669
387,521;5,594935546;4,599169546;4,93562283
388,108;5,950825943;4,964672057;5,244776856
388,695;5,970536043;5,276972422;5,096568229
389,282;6,071725733;5,70674051;5,557044895
389,869;6,143200248;5,793270853;6,011701613
390,456;6,637100628;5,922216576;6,506484672
391,043;6,431150687;5,982116267;6,649259302
391,630;6,666773036;6,256441258;6,948844427
392,216;6,729010295;6,273010263;7,205374989
392,803;6,950916706;6,600924919;7,278812806
393,390;7,035398243;6,653988901;7,365952894
393,976;7,631529488;7,470397037;8,03341583
394,563;7,893908959;7,438864324;8,422429474
395,149;8,047624208;8,044184219;8,428626251
395,736;8,013600341;8,162677394;8,656192873
396,322;8,409317638;8,471346351;8,956150249
396,909;8,574541626;8,604690398;8,699734399
397,495;8,988683451;9,230178589;9,116067063
398,082;9,091685738;9,223425654;9,061229391
398,668;9,114061767;9,320980369;9,26145849
399,254;9,15015571;9,319124332;9,144584631
399,841;9,650351772;9,693477655;9,314189826
400,427;9,941253582;9,809833419;9,442503746
401,013;10,27377602;10,28644568;9,771790345
401,599;10,57329489;10,52925968;9,972275309
402,185;10,91856694;11,00137699;10,4912828
402,771;11,2042978;11,31155808;10,861701
403,357;11,7142876;11,80540376;11,49637708
403,943;12,16258346;12,3710623;12,03837164
404,529;12,4293932;12,71418645;12,38688039
405,115;12,34714663;13,10832917;12,63501378
405,701;12,5676949;13,42764049;12,90779043
406,287;12,67140146;13,57425278;13,00743602
406,873;13,04257408;14,11369647;13,56354128
407,459;13,2666489;14,38076588;14,02450355
408,044;13,65432181;14,60442436;14,11695293
408,630;13,80236282;15,09589752;14,44647592
409,216;14,0692616;15,39357645;14,38095907
409,802;14,38460862;15,78920448;14,91796426
410,387;14,64690683;16,10421145;15,0772227
410,973;14,8356996;16,53415155;15,33721098
411,558;15,35772606;17,13374288;15,77186137
412,144;15,46752785;17,37905695;15,98404339
412,729;15,59997196;17,78677394;16,24248999
413,315;15,64440267;17,98723442;16,60920878
413,900;15,95083859;18,23312671;16,89579707
414,485;16,1295834;18,61496407;17,45280173
415,071;16,25428979;18,85742997;17,48461305
415,656;16,73056349;19,1995204;18,08660294
416,241;17,14182887;19,54971117;18,78448579
416,827;17,27676481;19,52498475;19,01704803
417,412;17,62921356;19,94636429;19,3994593
417,997;18,02640277;20,31677801;19,63891347
418,582;18,17330916;20,89080694;19,92279608
419,167;18,37501507;21,23415369;20,1834987
419,752;18,44248052;21,41177966;20,29350845
420,337;18,8203005;21,71034353;20,78320089
420,922;18,92091938;22,15804538;20,9679439
421,507;19,1638481;22,51836873;21,25760023
422,092;19,37687465;22,82806243;21,54786557
422,677;19,44019757;22,91047632;21,68850731
423,261;19,69780381;23,14458833;22,04627891
423,846;20,21227838;23,33380806;22,405505
424,431;20,44239158;23,36091552;22,46250538
425,016;20,85723821;23,72395924;22,91456683
425,600;21,04712654;24,02811117;23,0721394
426,185;21,27413949;24,2121088;23,40167568
426,770;21,51578814;24,37446655;23,68961671
427,354;21,74110064;24,84887283;23,99779904
427,939;22,03857876;25,29696566;24,30878828
428,523;22,06493367;25,48579588;24,41304521
429,108;22,06916135;25,93696216;24,62862491
429,692;22,29126287;26,57919774;25,1763725
430,276;22,39793291;26,84382956;25,36238018
430,861;22,46915248;27,12103208;25,60212169
431,445;22,5428058;27,39465523;25,72144728
432,029;22,78712804;27,58446683;25,87583291
432,613;23,03142079;28,0381482;25,8944544
433,198;23,10756532;28,05819918;26,05509783
433,782;23,46044521;28,34317368;26,46176269
434,366;23,67105244;28,31922362;26,55359541
434,950;23,69942287;28,49543384;26,64852051
435,534;23,79783343;28,69533005;26,83036067
436,118;23,96783091;28,8471421;26,97945161
436,702;24,42550535;28,95159712;27,13612231
437,286;24,44016238;29,08500499;27,11756027
437,870;24,34324659;28,85821785;27,33257242
438,454;24,4579614;29,05982552;27,43263032
439,038;24,43793119;29,04475276;27,45015986
439,621;24,58186517;29,19506221;27,65970362
440,205;24,80371549;29,3973671;27,82294485
440,789;24,98756884;29,49311836;27,95790798
441,372;25,18527347;29,62179683;28,14355861
441,956;25,13503177;29,8172777;28,2395006
442,540;25,09567941;29,95699456;28,39873174
443,123;25,28877665;30,11680494;28,48547069
443,707;25,42019169;30,21237822;28,55845768
444,290;25,62653989;30,42296043;28,61033035
444,874;25,71774429;30,5573644;28,68014871
445,457;25,74548359;30,57466858;28,63051472
446,040;25,80547428;30,46481565;28,56357786
446,624;25,87269042;30,39182165;28,52695183
447,207;25,95841084;30,3825317;28,52321204
447,790;26,13706987;30,5211046;28,53274268
448,374;26,25182288;30,62348373;28,54262507
448,957;26,3255566;30,57992438;28,50616762
449,540;26,32327558;30,51226124;28,63468784
450,123;26,43745431;30,5233632;28,66596237
450,706;26,42102934;30,38714192;28,64847613
451,289;26,48636901;30,56184281;28,8393934
451,872;26,49765058;30,59225717;28,96861832
452,455;26,44057758;30,51384164;28,99946867
453,038;26,4891627;30,3985626;28,96820794
453,621;26,40985697;30,39760276;28,9480108
454,204;26,44469244;30,5396155;28,93923114
454,787;26,53303628;30,52349854;28,9104377
455,369;26,48310875;30,5377365;28,78011569
455,952;26,74200465;30,6211606;28,96134958
456,535;26,80511667;30,62427742;28,87194072
457,117;26,90986216;30,75577793;28,83592208
457,700;27,00449877;30,81559644;28,78807315
458,283;27,1087988;30,80434766;28,89841512
458,865;27,27787795;30,85860803;29,0856377
459,448;27,42373739;30,88883434;29,25980405
460,030;27,44798698;31,0371129;29,3908325
460,613;27,5138058;30,93930118;29,57416022
461,195;27,43617162;31,00971315;29,47658085
461,777;27,44503407;30,89110706;29,57697267
462,360;27,49289304;30,86907325;29,67271138
462,942;27,46743512;30,88850888;29,75580864
463,524;27,51006459;30,95458917;29,6971347
464,107;27,62691048;30,84922548;29,57537397
464,689;27,60743173;30,75017378;29,57912007
465,271;27,73317649;30,74238165;29,55220383
465,853;27,81978981;30,87822844;29,59413434
466,435;27,84317983;30,81561462;29,67957256
467,017;28,03023422;30,97917878;29,66077092
467,599;28,04580188;30,9947389;29,54067408
468,181;28,19748225;30,96025893;29,53113045
468,763;28,19928773;31,06282397;29,55732293
469,345;28,13392842;31,12133506;29,61260867
469,927;28,11057699;31,19855873;29,54997047
470,508;28,09670785;31,15856052;29,43098818
471,090;28,09433448;31,27783758;29,45417829
471,672;28,14150364;31,33712431;29,38063302
472,254;28,09126429;31,33980796;29,40043238
472,835;28,18773946;31,40039127;29,44990299
473,417;28,18850714;31,51480256;29,48916097
473,998;28,10490497;31,41264423;29,58639823
474,580;28,07703362;31,34546465;29,61666449
475,161;28,13643647;31,41783549;29,62887802
475,743;28,17233761;31,49037757;29,65848425
476,324;28,16211389;31,32743646;29,60076531
476,906;28,16912265;31,25379409;29,70595647
477,487;28,09899297;31,17719001;29,48529606
478,068;28,01630781;31,1480764;29,4381887
478,650;28,06961516;31,13958193;29,5244485
479,231;28,19928251;31,22563322;29,48122684
479,812;28,27840373;31,31642423;29,46119533
480,393;28,31665938;31,26789217;29,4208214
480,974;28,30300279;31,26278438;29,48845941
481,555;28,29694031;31,27160004;29,49404465
482,136;28,40335017;31,35802405;29,48054129
482,717;28,42633809;31,46296172;29,63532015
483,298;28,47280554;31,39715961;29,60574672
483,879;28,47512053;31,41075384;29,49410611
484,460;28,47095126;31,33663852;29,52624957
485,041;28,55897101;31,26376642;29,44778596
485,622;28,51904809;31,20916163;29,53680993
486,203;28,61556055;31,12120696;29,56858251
486,783;28,70163092;31,13793566;29,64195999
487,364;28,74252452;31,09533885;29,56377592
487,945;28,89715783;31,09627424;29,64108751
488,525;28,94776079;31,18165868;29,71808874
489,106;29,04250281;31,12307951;29,79791545
489,686;29,17498517;31,12895055;29,71939735
490,267;29,20969669;31,23654923;29,74272112
490,847;29,33706868;31,24443513;29,76113024
491,428;29,32839493;31,3095993;29,69526758
492,008;29,3773558;31,39136064;29,62164836
492,589;29,43415584;31,5743081;29,75889529
493,169;29,63012403;31,55470591;29,86802955
493,749;29,76645362;31,59526894;29,87345111
494,329;29,86483819;31,71629108;29,90748757
494,910;29,97150224;31,72703168;29,93342774
495,490;30,0242185;31,71532932;30,101271
496,070;30,19109229;31,85582913;30,06952315
496,650;30,28865588;31,99466604;30,11729744
497,230;30,42365974;32,06957648;30,20217552
497,810;30,51737221;31,95439487;30,24393859
498,390;30,49145197;32,00843812;30,26198495
498,970;30,61557803;31,9103898;30,37857882
499,550;30,64504612;31,81971785;30,34419797
500,130;30,6735665;31,93385474;30,45505719
500,709;30,73507769;31,94203841;30,44186291
501,289;30,71730437;31,88833956;30,51681009
501,869;30,8384931;31,84058815;30,65139143
502,449;30,97892556;31,79713942;30,72123581
503,028;30,97208915;31,81595622;30,5861337
503,608;31,02979206;31,77932656;30,55112875
504,188;31,01693821;31,93786167;30,48096675
504,767;31,08177457;32,01384072;30,56768085
505,347;31,09124637;31,97324488;30,42521115
505,926;31,33330253;32,10704329;30,31031588
506,505;31,44181018;32,11726633;30,33039364
507,085;31,49522772;32,13320324;30,23465751
507,664;31,59459596;32,13976998;30,12627166
508,243;31,68415573;32,20696333;30,20538952
508,823;31,93441082;32,26679796;30,14008535
509,402;32,07224999;32,2449605;30,20957644
509,981;32,24964111;32,20738085;30,02772155
510,560;32,38951438;32,25288851;30,17292727
511,139;32,41780475;32,27107609;30,32945232
511,719;32,4795823;32,25069081;30,31605097
512,298;32,64510368;32,31582354;30,24206637
512,877;32,71960829;32,35727377;30,22912968
513,456;32,87686593;32,4348903;30,27945234
514,034;32,93850882;32,49823281;30,29317267
514,613;33,06494693;32,44547717;30,34437548
515,192;33,0811803;32,5034533;30,52177885
515,771;33,18224426;32,46036354;30,44203408
516,350;33,1608175;32,33298705;30,44523273
516,928;33,32289137;32,37168928;30,42787099
517,507;33,25985342;32,32825467;30,54683991
518,086;33,29552335;32,27338152;30,52866806
518,664;33,44645171;32,2438024;30,46957051
519,243;33,42392195;32,21747996;30,46005336
519,821;33,39954931;32,15047917;30,42248841
520,400;33,42191724;32,10399716;30,35260452
520,978;33,44385592;32,18885004;30,54913238
521,557;33,5414104;32,20927482;30,43508423
522,135;33,56930297;32,21179807;30,4981659
522,714;33,71716623;32,26805976;30,51660658
523,292;33,6782599;32,31802763;30,58358067
523,870;33,61158613;32,40510789;30,72262958
524,448;33,55236526;32,39920726;30,7273427
525,026;33,62587164;32,43869961;30,74442228
525,605;33,6396745;32,49700878;30,83532052
526,183;33,60822542;32,41886742;30,74554598
526,761;33,61626014;32,4680342;30,75125185
527,339;33,48957877;32,41827081;30,67060183
527,917;33,49991865;32,44900341;30,59447803
528,495;33,60789262;32,34991856;30,65102382
529,073;33,62973864;32,26408626;30,50730319
529,650;33,65553402;32,20295127;30,47343283
530,228;33,53683092;32,35193868;30,46465765
530,806;33,56300212;32,35747002;30,4317711
531,384;33,63203907;32,35155533;30,33521238
531,962;33,65864736;32,31365272;30,35246593
532,539;33,8398878;32,4018515;30,44315781
533,117;33,90234259;32,30465245;30,46844922
533,694;33,91364656;32,46505724;30,48337412
534,272;33,88683447;32,36272264;30,54295096
534,849;33,99843503;32,40246371;30,56258937
535,427;34,09003622;32,26801121;30,67695372
536,004;34,12368077;32,28657759;30,71643671
536,582;34,21576334;32,34092651;30,8192099
537,159;34,20806165;32,41331837;30,74630756
537,736;34,18108158;32,36749589;30,68128081
538,314;34,1673855;32,34909468;30,71411327
538,891;34,28609165;32,35581304;30,74998155
539,468;34,37081594;32,55032412;30,77485163
540,045;34,34479322;32,58031214;30,77270235
540,622;34,27321411;32,60454985;30,61043276
541,199;34,31623299;32,67882977;30,65122382
541,776;34,23899981;32,69932762;30,71492169
542,353;34,34101515;32,65149378;30,8207744
542,930;34,29605188;32,60695907;30,83370333
543,507;34,32189267;32,63615751;30,85296127
544,084;34,26348168;32,56501974;30,74626851
544,661;34,20795611;32,46423292;30,58820002
545,238;34,23134661;32,48370394;30,6922875
545,815;34,32293814;32,56322836;30,5973844
546,391;34,37980686;32,51877369;30,47478246
546,968;34,43214818;32,57101146;30,39605458
547,545;34,43158142;32,59711447;30,49409965
548,121;34,44824997;32,65082354;30,45584408
548,698;34,42673383;32,53477755;30,40102066
549,274;34,37197397;32,50175978;30,37725122
549,851;34,5577984;32,38760448;30,49571248
550,427;34,49930103;32,3252737;30,43672521
551,004;34,42068125;32,33261017;30,4328833
551,580;34,39874443;32,26111823;30,48750415
552,156;34,47997776;32,17887331;30,41251888
552,732;34,41161138;32,11421216;30,27991534
553,309;34,45004924;31,95598213;30,24546842
553,885;34,44497206;32,01875973;30,21437837
554,461;34,43929695;31,97445028;30,22519844
555,037;34,36725905;32,08940039;30,20514398
555,613;34,43730402;32,21493728;30,15554341
556,189;34,5277117;32,21476523;30,1991946
556,765;34,42305446;32,2852323;30,24464546
557,341;34,37344372;32,37938782;30,33243405
557,917;34,46781667;32,32222145;30,35893618
558,493;34,41747058;32,50617569;30,47670147
559,069;34,4863652;32,5456097;30,48874411
559,645;34,50261601;32,64877774;30,50387139
560,220;34,51437142;32,63014441;30,48807233
560,796;34,40988155;32,52176312;30,50571512
561,372;34,52859543;32,46599668;30,62172178
561,948;34,5561799;32,43695854;30,57823296
562,523;34,59235887;32,41867921;30,5561387
563,099;34,54328522;32,63181659;30,55541217
563,674;34,64343747;32,6046342;30,56726234
564,250;34,59894071;32,59092913;30,59435654
564,825;34,61944196;32,61234437;30,61032282
565,400;34,50412513;32,51939238;30,60935813
565,976;34,63973769;32,40326391;30,45675613
566,551;34,52039714;32,43105987;30,41493096
567,126;34,64692743;32,35345723;30,42918947
567,702;34,59556639;32,28734014;30,38712562
568,277;34,64902105;32,10543605;30,40866883
568,852;34,60721426;32,14354332;30,40727946
569,427;34,61587847;32,15592548;30,40838919
570,002;34,5498031;32,06029828;30,39477995
570,577;34,61942051;32,10381097;30,43252879
571,152;34,64302321;32,22890318;30,55109246
571,727;34,77580042;32,28637253;30,51002642
572,302;34,8099249;32,34883045;30,45087553
572,877;34,83075511;32,37376923;30,50826011
573,452;34,72457766;32,42761789;30,55142707
574,026;34,83943538;32,46212494;30,55863875
574,601;34,79642178;32,33476834;30,53572186
575,176;34,8840391;32,36233128;30,54061551
575,751;34,88157101;32,27602156;30,54363025
576,325;34,87623548;32,31924786;30,5242599
576,900;34,82294843;32,30974934;30,49017306
577,474;34,81069648;32,30405512;30,46516157
578,049;34,79802296;32,22650832;30,38505983
578,623;34,90832303;32,20095889;30,24930983
579,198;34,84954171;32,2030422;30,18975989
579,772;34,9669821;32,32297911;30,20180482
580,346;34,97481043;32,28143241;30,09344219
580,921;35,01237684;32,36017851;30,12541418
581,495;35,02907761;32,35161885;30,2149229
582,069;35,00059872;32,35081619;30,22236659
582,643;34,94098556;32,37886856;30,27031975
583,218;34,97055022;32,40551867;30,33222353
583,792;34,95292438;32,41141402;30,39346078
584,366;35,02039982;32,36367389;30,45365716
584,940;34,96612723;32,40726467;30,37104785
585,514;35,04956581;32,62448434;30,57193186
586,088;34,93349311;32,56247338;30,53874312
586,662;34,84354713;32,51272837;30,39809077
587,235;34,89025348;32,35821488;30,38195846
587,809;34,88240303;32,39310897;30,25509687
588,383;34,84109387;32,49300033;30,21415051
588,957;34,82747328;32,51277259;30,13612751
589,530;34,7890109;32,54083176;30,06118318
590,104;34,79239044;32,53620758;30,09463595
590,678;34,75404645;32,41769922;29,94202146
591,251;34,93498762;32,61471295;29,98271438
591,825;35,04219818;32,57594092;30,02529864
592,398;35,02338;32,68712914;30,10033609
592,972;35,10509104;32,55969158;30,15813486
593,545;35,13083085;32,43595637;30,11693775
594,118;35,14778524;32,46727703;30,08481412
594,692;35,09653723;32,40964527;30,10400916
595,265;35,14615578;32,41686939;30,1713244
595,838;35,20604544;32,36194726;30,18935805
596,411;35,19402186;32,1930287;29,98113264
596,985;35,13886827;32,27651039;30,06745825
597,558;35,19307706;32,21326643;30,03694434
598,131;35,1247768;32,23945106;30,04900226
598,704;35,084591;32,32097869;30,11578875
599,277;35,08295802;32,15263623;30,2594743
599,850;35,10618312;32,12333541;30,19425836
600,423;35,10064418;32,06918824;30,16452164
600,996;34,99138765;32,0188678;30,10338102
601,568;34,95064544;31,9679366;30,15288216
602,141;34,87892655;31,94503998;30,08208028
602,714;34,74486999;31,87349144;30,1092321
603,287;34,76362863;31,95239964;30,18436187
603,859;34,80623804;31,90925845;30,16701492
604,432;34,76291085;32,10107206;30,13458545
605,004;34,70407298;32,19676421;30,11719845
605,577;34,74154984;32,134572;30,02392155
606,149;34,7774072;32,26146104;30,22453359
606,722;34,7180593;32,41818558;30,32022505
607,294;34,8230525;32,3991724;30,31126846
607,867;34,86890218;32,53122667;30,28146177
608,439;34,93591931;32,39887755;30,21528951
609,011;34,99266842;32,4155219;30,28847304
609,584;35,06980432;32,40032308;30,29466265
610,156;35,12258443;32,35740656;30,34312361
610,728;35,07369027;32,40534817;30,47589505
611,300;35,07299131;32,30013319;30,52862241
611,872;35,09947384;32,32268482;30,51177581
612,444;34,96885316;32,39466355;30,48763579
613,016;35,05574007;32,45604234;30,49196164
613,588;34,90968641;32,56376626;30,4812602
614,160;35,05472982;32,53595374;30,46490262
614,732;35,09192222;32,39873409;30,47714376
615,304;35,06120941;32,40455888;30,56535765
615,876;35,0007804;32,41661635;30,43129444
616,447;35,10185231;32,41689532;30,21862775
617,019;35,23296;32,37884692;30,37181714
617,591;35,41983963;32,28672564;30,41007549
618,162;35,51128006;32,28689685;30,38735216
618,734;35,6409676;32,25232532;30,44383683
619,305;35,54769001;32,16400581;30,25158115
619,877;35,49076356;32,18922808;30,24067751
620,448;35,56762613;32,15961133;30,16923468
621,020;35,78292213;32,30194034;30,27927144
621,591;35,78140557;32,31439631;30,3379435
622,162;35,65520192;32,35857685;30,0967166
622,734;35,6575203;32,51827744;30,1488586
623,305;35,52932872;32,53293763;30,21811769
623,876;35,48913348;32,69913168;30,27139175
624,447;35,39764827;32,77423122;30,35901465
625,019;35,47302678;32,95144336;30,38702686
625,590;35,55135687;33,05831856;30,36330844
626,161;35,45092908;32,7730952;30,38322741
626,732;35,55929158;32,84091944;30,37984736
627,303;35,61666822;32,68490871;30,3291573
627,874;35,5532111;32,53596959;30,2484892
628,444;35,60993659;32,34017459;30,2293016
629,015;35,62802356;32,28282989;30,35859452
629,586;35,56296793;32,3936575;30,42278519
630,157;35,58956648;32,415999;30,36627927
630,727;35,55842946;32,4141002;30,41705739
631,298;35,61703104;32,61552751;30,43101583
631,869;35,43670195;32,58460308;30,38755988
632,439;35,50136874;32,7442551;30,56099601
633,010;35,49408758;32,75989184;30,67707643
633,580;35,43812915;32,91386506;30,66446878
634,151;35,42234424;32,90451701;30,36937393
634,721;35,57381255;32,92482505;30,26730491
635,292;35,45905885;32,6874609;30,18851849
635,862;35,32482265;32,56615873;30,11818853
636,432;35,16831127;32,44511515;29,96236042
637,002;35,17738329;32,44692891;29,84149693
637,573;34,98391137;32,37896362;29,83515081
638,143;34,95111757;32,20403817;29,71395485
638,713;34,98232601;32,03369955;29,57768538
639,283;34,86952072;31,92014739;29,64839629
639,853;34,71044514;31,78475526;29,57996262
640,423;34,75885558;31,85142914;29,56401211
640,993;34,7683828;31,83198041;29,53721978
641,563;34,77836894;31,94294372;29,50923298
642,133;34,82381039;32,0403302;29,64942448
642,703;35,0066126;32,0048096;29,69057246
643,272;35,01857318;32,25259331;29,83814028
643,842;34,98463545;32,63917185;29,95110874
644,412;35,24162593;32,67577974;29,92177011
644,981;35,35821682;32,70416823;30,01808163
645,551;35,32699605;32,867379;30,10452389
646,121;35,33442633;32,88355954;30,11629769
646,690;35,52158511;32,92444922;30,2042161
647,260;35,58388225;32,76163905;30,16726109
647,829;35,47843608;32,80514906;29,97769125
648,398;35,63703447;32,60268064;29,91916573
648,968;35,78129853;32,40677198;30,04694073
649,537;35,62033705;32,47184614;30,00602642
650,106;35,75106164;32,58933677;30,05463472
650,676;35,88929577;32,45606612;30,15507417
651,245;36,1187523;32,51577388;30,27248342
651,814;36,06355684;32,4492601;30,28052849
652,383;36,06260319;32,51104899;30,21198209
652,952;36,20156082;32,54849968;30,25712275
653,521;35,96104072;32,54233584;30,24568808
654,090;35,72226146;32,47541226;30,09402682
654,659;35,91063465;32,53056935;30,18015904
655,228;35,77649154;32,37274711;30,1670267
655,797;35,70639767;32,41375661;30,00083121
656,365;35,56147066;32,26059401;29,79273106
656,934;35,53183138;32,05641439;29,83841052
657,503;35,31817993;32,06505837;29,84857121
658,072;35,43596953;32,04193888;30,068161
658,640;35,5319963;32,28300921;30,14368094
659,209;35,66799363;32,16984804;29,93239595
659,777;35,45149178;31,98225491;29,85543166
660,346;35,50348934;31,92975519;29,88879791
660,914;35,42458769;31,91692286;29,96679723
661,483;35,44003201;32,0845008;30,17157781
662,051;35,48212518;32,31046614;30,3642819
662,619;35,74227557;32,23873053;30,50601549
663,188;35,79222447;32,28718172;30,33111204
663,756;35,88058004;32,33248635;30,12877964
664,324;35,65159287;32,35080319;30,23304467
664,892;35,79347684;32,40432871;30,36660797
665,460;35,90339722;32,59386075;30,26161218
666,028;35,8865837;32,5175231;30,17891189
666,596;35,78641069;32,41261769;30,12127769
667,164;35,71905348;32,30857911;29,93641755
667,732;35,55408478;32,51016069;29,98207835
668,300;35,3577969;32,45690918;29,95533875
668,868;35,4001811;32,22224413;30,01423332
669,436;35,57325026;32,15609;30,04617545
670,004;35,57441216;32,1313244;29,91684861
670,571;35,47571056;32,09253854;29,94669591
671,139;35,48080521;32,22930499;30,04074389
671,707;35,54541535;32,28293966;29,99004387
672,274;35,4458269;32,21103113;29,82433915
672,842;35,5464158;32,01256981;29,81779458
673,409;35,49609748;32,03742691;29,82724926
673,977;35,30613467;32,11826399;29,86347339
674,544;35,56985975;32,39070668;29,93039069
675,112;35,36695128;32,43889435;29,99563192
675,679;35,42067245;32,39546302;30,05104704
676,246;35,41694884;32,19829013;29,92329651
676,814;35,39481886;32,26662273;29,84353469
677,381;35,42454532;32,43815809;29,92293144
677,948;35,26060992;32,4987753;29,64384224
678,515;35,25493052;32,53815606;29,71970936
679,082;35,39644596;32,39411254;29,66977479
679,649;35,16646939;32,32441307;29,57916534
680,216;35,31646824;32,28495502;29,36173117
680,783;35,15922733;32,25771763;29,29237956
681,350;35,2722931;32,41045175;29,29364271
681,917;35,32187707;32,36866516;29,40394258
682,484;35,44554029;32,31652627;29,53453619
683,051;35,53580308;32,17822332;29,70942072
683,617;35,53868972;32,04504388;29,72760787
684,184;35,58299699;32,31700589;29,86150859
684,751;35,60476532;32,18043708;30,14763897
685,317;35,53496173;32,2363307;30,35566457
685,884;35,76314618;32,29153732;30,51777638
686,450;35,69653524;32,1730251;30,44490045
687,017;35,57734849;32,05642183;30,30718347
687,583;35,54549105;31,98478317;30,22141023
688,150;35,49979386;31,93986566;30,13181554
688,716;35,76682078;32,04027802;30,23265034
689,282;35,70320521;31,88004503;30,21668411
689,849;35,80158658;31,97279037;30,06833494
690,415;35,71719845;31,85269842;30,16292687
690,981;35,66596275;31,76054871;30,04578547
691,547;35,5675689;31,74142226;30,13302922
692,113;35,65938794;31,59142661;30,12795707
692,679;35,65306152;31,61883268;30,01342428
693,245;35,63974866;31,87341792;29,99716347
693,811;35,63243936;31,7715468;29,86766302
694,377;35,79462667;31,73391401;29,72637035
694,943;35,57910961;31,49499641;29,65544574
695,509;35,90042328;31,56700696;29,51422252
696,074;35,86268299;31,52954059;29,45562075
696,640;35,88228522;31,51061244;29,3797559
697,206;35,82769993;31,83872878;29,41502002
697,771;35,69803358;31,86770849;29,49030854
698,337;35,72715114;31,48547336;29,48009183
698,903;35,50084102;31,32604572;29,31513346
699,468;35,34014545;31,43291603;29,48633819
700,034;35,48144873;31,50312274;29,32717594
700,599;35,23075008;31,42095797;29,26726
701,164;34,99916775;31,48763553;29,31322138
701,730;35,04063447;31,33730525;29,20798233
702,295;35,14557788;31,14356509;29,08432609
702,860;35,20556283;31,02416432;28,93692403
703,426;35,09087413;31,27747735;28,70979168
703,991;35,36695082;31,43371509;28,68236893
704,556;35,48313058;31,22651343;28,48024055
705,121;35,49350727;31,4082724;28,60488459
705,686;35,98253613;31,47389555;28,61854129
706,251;36,16570348;31,57045445;28,50582253
706,816;36,35540777;31,43659801;28,74080593
707,381;36,33655786;31,33812097;28,71534818
707,946;36,39648793;31,386824;28,65726679
708,510;36,7420176;31,29864809;28,84090695
709,075;36,61845701;31,16807814;28,79774595
709,640;36,58089231;31,32737005;28,72650402
710,205;36,7518783;31,16117504;28,54886489
710,769;36,33272125;30,93482595;28,43855631
711,334;36,41961456;30,85805935;28,27858318
711,898;36,32276737;31,11854446;28,12542267
712,463;36,3838881;31,02692587;28,23078131
713,027;36,33928346;30,71519258;28,25724628
713,592;36,30304094;30,63272186;28,14638262
714,156;36,20569172;30,6489895;28,08058711
714,720;36,06048625;30,37530551;27,80296917
715,285;35,69326853;30,15818559;27,77873607
715,849;35,70463507;30,15245553;27,71701905
716,413;35,36049669;29,67538698;27,72653814
716,977;35,09239687;29,41035213;27,76532291
717,541;35,02835888;29,32392585;27,55199222
718,105;34,93086539;29,43953963;27,45522486
718,669;34,48945466;29,41330952;27,34223086
719,233;34,46332628;29,72164718;27,76495946
719,797;34,59435475;29,90127672;28,15743897
720,361;34,81186975;29,91651745;27,91780946
720,925;34,75915986;29,86029295;28,12214788
721,489;34,75921166;29,85505124;28,12992838
722,053;34,8211222;30,02571506;28,01894767
722,616;34,86325322;30,06430836;28,22507909
723,180;35,21592903;30,08567394;28,15765609
723,744;35,5018319;30,05614613;28,44287244
724,307;35,38836372;29,5640647;28,02884611
724,871;35,25403177;29,39044601;27,84166859
725,434;35,44831607;29,47148959;28,30539601
725,998;35,36713478;29,56845867;28,18950816
726,561;35,93796943;29,69930692;28,34226796
727,124;35,94882904;29,55966133;28,3731513
727,688;35,68339054;29,54649548;28,28575939
728,251;35,58530477;29,51656321;28,61146295
728,814;35,72560472;29,44916866;28,32266503
729,377;35,93949033;29,4537952;28,21452938
729,940;35,89485386;29,79533418;27,93941364
730,503;35,95124931;29,61872783;27,39239429
731,067;36,24302959;29,49751054;27,23095511
731,630;35,90564947;29,52813906;26,93771149
732,192;36,10290946;29,75320391;27,08606347
732,755;36,34968155;29,86240088;26,84621223
733,318;36,33097787;29,7477207;26,45466344
733,881;35,98880887;29,65856544;26,16567802
734,444;35,60797617;29,34080488;26,23587178
735,007;35,66331823;28,85556262;26,2685798
735,569;35,4731445;28,9854918;26,81394808
736,132;35,02540798;29,00374821;26,75575146
736,694;35,35197611;29,01674011;26,85289052
737,257;35,07769172;28,52153435;26,42151392
737,819;35,26538453;28,45462801;26,5342536
738,382;35,23841508;28,75553276;26,64026865
738,944;35,14418674;28,73654251;26,98010431
739,507;35,46234861;29,27335003;26,9412657
740,069;35,6626706;29,52857561;27,39008435
740,631;35,68889443;29,40321027;27,03121213
741,193;36,02698001;29,12312914;26,97075579
741,756;35,77973671;29,25151939;26,86720262
742,318;35,70884454;29,41835849;26,95018706
742,880;35,42320626;29,04210862;26,76078986
743,442;35,12423172;28,62300149;26,75403716
744,004;35,40292025;28,82648975;26,87242686
744,566;35,09156082;28,60744976;26,65642383
745,128;34,90237604;28,25886869;26,1424337
745,690;34,69837811;28,31578574;26,16690906
746,252;34,72082423;28,47614223;26,02852878
746,813;35,20543496;28,15549566;26,18893503
747,375;35,58790154;27,92168544;25,75572727
747,937;35,19064548;28,13527184;25,77339617
748,498;35,03366795;28,15641347;25,52577263
749,060;34,83085067;28,15166646;25,2393062
749,622;35,09557197;28,33866702;25,56440227
750,183;34,8624109;28,33866727;25,81368098
750,745;34,75559737;27,89704781;25,9286669
751,306;34,59958047;27,93715565;25,95190692
751,867;34,44617153;28,09664335;25,77432541
752,429;34,74249145;28,56919744;26,00377677
752,990;35,58591359;28,58770255;26,49696927
753,551;36,33771502;28,71556862;26,70517507
754,112;36,28483094;28,29666934;26,95901612
754,674;36,2913729;28,19610801;26,60678798
755,235;36,90673007;27,95792338;26,53980045
755,796;37,2973785;28,55209687;26,45770428
756,357;37,76407974;28,15112074;26,54914198
756,918;37,4019505;27,82109221;26,41289602
757,479;37,06002135;27,7175287;26,7323681
758,039;36,63863703;27,59507495;26,27253119
758,600;35,58612433;26,94255073;26,23939644
759,161;36,06562548;27,05626762;26,24429193
759,722;36,03386821;27,24731383;26,80053268
760,283;35,24429312;27,62255443;26,65341563
760,843;35,00614353;26,77597185;26,53263879
761,404;33,7480047;26,7641698;25,96359349
761,964;34,17288122;26,27201781;25,96496533
762,525;34,25039297;25,86896486;25,8354691
763,085;33,90210038;26,1978461;26,07150307
763,646;34,90462299;25,96403438;25,99944887
764,206;35,22891355;25,75856145;25,3246328
764,766;35,7277559;25,8222038;25,21932519
765,327;36,50079295;25,7927929;25,29865768
765,887;35,99560988;26,22399238;25,01371831
766,447;36,57034128;27,06631602;25,57458567
767,007;36,47962539;27,71833896;25,60461761
767,567;36,32627672;27,96324576;25,62242195
768,127;36,18063157;27,85591329;24,84958162
768,687;36,35384897;28,41565581;24,74768977
769,247;35,62710435;28,50851032;25,18465978
769,807;35,44388138;28,14288769;25,60554194
770,367;34,8382547;28,00184608;25,80454882
770,927;35,39590937;28,08156399;26,09799146
771,487;35,63604217;28,0478095;26,17829603
772,047;34,87052955;27,75617726;26,60594521
772,606;34,89896277;27,94943457;26,56497051
773,166;35,36299967;27,69647564;27,02069499
773,726;34,49370084;27,35160341;26,62332784
774,285;34,6757877;27,29308174;26,82083964
774,845;34,69601664;27,04212723;26,41611386
775,404;35,13224716;27,18218667;26,5345691
775,963;34,86916375;27,05875387;26,66102624
776,523;34,40238886;27,25959039;26,88899146
777,082;35,36084738;27,29464914;26,65055044
777,641;35,47167092;26,74950968;26,15637558
778,201;35,45206941;27,42800124;26,25483107
778,760;36,14179717;28,07668455;27,18393595
779,319;36,83876124;28,1150623;26,6597891
779,878;36,67655663;28,51976249;26,3829409
780,437;35,96935531;28,76479815;25,94970579
780,996;36,0477843;28,52504095;25,7716846
781,555;36,59662772;27,85740755;25,85384777
782,114;36,27701406;28,14752163;26,06130363
782,673;36,4274408;28,75777529;27,17997154
783,232;36,33254278;28,44698039;27,31202015
783,790;35,91836785;28,33131546;26,78208089
784,349;35,54190495;28,45420339;26,77607629
784,908;35,36175642;27,88929458;26,12499846
785,466;35,28166842;28,16143782;26,09854132
786,025;35,61881242;28,47571368;25,67811921
786,584;35,23851167;28,37730349;24,64042982
787,142;35,18390897;28,20093047;24,39635684
787,701;35,13593853;27,73049149;23,97839478
788,259;35,34737262;27,60936705;23,43389218
788,817;35,43582837;26,9319622;23,26170824
789,376;34,89296891;27,07510283;22,99876962
789,934;35,06690266;27,28752155;24,40289888
790,492;35,87437718;27,19229541;24,1386098
791,050;35,6552005;27,08058191;24,57050969
791,608;35,61480519;27,08656809;24,41961277
792,167;35,47209449;26,90336098;24,58494493
792,725;35,80725376;27,57044919;24,43023369
793,283;35,69564306;27,46605962;24,71890048
793,841;34,96748638;26,86660193;25,0535217
794,398;34,5839755;26,88153128;25,54294152
794,956;34,86508355;26,38565426;25,32000786
795,514;34,28479645;25,67795853;25,17822603
796,072;34,46759716;25,65537715;25,43704954
796,630;34,34436784;25,50801277;25,81410844
797,187;34,05383011;25,67000197;26,06425574
797,745;33,31152868;24,71558672;26,1924833
798,302;34,14763509;24,80510606;25,9227803
798,860;34,19929263;25,73722867;25,74548255
799,417;35,64465009;25,89298378;25,87746881
799,975;35,82823137;26,86620662;25,9868758
800,532;36,3917038;26,93200407;26,13955868
801,090;36,56897386;26,90587239;26,20702645
801,647;36,27826692;27,71222525;26,53721723
802,204;36,3869371;27,92842774;26,24623234
802,761;37,27015274;28,78704084;26,62807401
803,318;36,575435;28,81002949;26,9894849
803,876;37,93755318;29,09638801;27,25118581
804,433;37,44917672;28,97504753;27,2570585
804,990;36,80357988;28,93142874;27,26911347
805,547;36,26552476;29,55427464;27,71269895
806,104;35,50022252;29,07935201;27,08076662
806,660;36,55053469;28,65356847;26,96195824
807,217;36,22892336;28,16100079;26,30402869
807,774;35,12156246;26,95487392;24,74309761
808,331;35,5380404;27,33784289;24,72672427
808,887;34,68993018;28,06468227;24,30724427
809,444;34,34810213;27,88189513;23,93968536
810,001;35,21171441;27,82881219;24,01170122
810,557;35,31253216;27,15726111;23,48150525
811,114;34,63672225;27,4987483;23,28284232
811,670;33,79463107;27,72520587;23,07338075
812,227;33,81758352;27,86181556;22,99872375
812,783;33,71741758;28,54145512;23,97851403
813,339;32,3529398;27,6084683;23,23505218
813,895;32,80161541;27,06509092;23,9543589
814,452;32,15261662;27,24611877;24,98306855
815,008;30,60498084;26,62002164;23,86948407
815,564;30,66940153;26,38971295;24,3929136
816,120;32,15793427;26,28338475;25,93317654
816,676;31,34352253;25,30612446;26,39055164
817,232;31,69705765;25,73110607;26,80420737
817,788;30,85575574;25,21809984;26,75255166
818,344;32,33341084;25,80153071;27,2330407
818,900;32,02293931;24,10161725;26,53726313
819,456;32,34415022;23,73588804;25,69607214
820,011;33,35632733;24,86032608;26,17224907
820,567;33,6718931;25,34468966;26,90865268
821,123;33,4084919;26,19443493;26,2556141
821,678;33,36294282;27,51485109;27,29026967
822,234;32,73341247;26,36272393;28,11097723
822,789;33,91532842;26,72083431;27,79952383
823,345;33,78856611;25,86338165;27,82673041
823,900;32,89316922;28,06108331;28,16715699
824,456;33,78381589;27,82563621;27,91650275
825,011;33,09570268;26,38871822;26,85267713
825,566;32,06777113;26,36689921;26,06062075
826,121;30,72337227;25,17472279;25,39261713
826,677;31,32817719;23,93397528;24,89400598
827,232;32,11184164;25,2175454;24,7187115
827,787;32,52502891;25,09982109;25,63991645
828,342;31,49039545;25,21227829;25,09145483
828,897;33,078238;24,36950608;24,92443205
829,452;33,32771894;25,0057045;25,45510568
830,007;34,42140736;25,8077787;26,60834478
830,562;35,09391253;25,30465104;27,07075618
831,116;34,90477792;26,17629999;27,91283126
831,671;35,45354095;26,86601364;27,90913838
832,226;35,44404642;26,17977305;27,62565355
832,781;35,4298765;26,08673446;26,08859661
833,335;34,92386254;26,57374853;27,53552854
833,890;34,16533656;26,2980959;27,68406251
834,444;33,99661336;26,23489937;26,46184143
834,999;33,4791005;25,8960603;25,72235691
835,553;34,20575327;26,72754771;26,48000833
836,107;35,26553212;27,24276418;25,52514069
836,662;34,72968478;26,22212794;25,49240597
837,216;35,18730012;26,83957175;25,40040067
837,770;35,66069165;28,56669094;26,33106133
838,325;35,91258091;27,5521557;25,23636248
838,879;36,55420655;27,11231895;23,77241709
839,433;36,80663107;26,93228849;25,39074944
839,987;36,88096459;26,54736075;25,42324245
840,541;36,74602946;26,56430918;25,06693252
841,095;36,36949254;25,54336774;25,10066126
841,649;36,71822663;26,7698528;25,01740986
842,203;36,50366796;26,00499128;25,33244296
842,756;35,55898133;24,55023374;25,36465698
843,310;36,16605383;25,49893478;26,32670062
843,864;34,93532074;25,01473797;27,87042685
844,417;33,83483113;25,71606901;26,69337842
844,971;34,60140612;26,53146116;27,0346177
845,525;34,54686162;25,79208352;26,97710365
846,078;35,01112124;26,58685656;27,86780434
846,632;35,05979228;25,62829603;27,79734686
847,185;35,13334398;25,38571746;27,11348834
847,738;36,24666249;25,81510421;27,51405484
848,292;36,33504318;25,50212044;26,05302274
848,845;38,01348252;26,33686492;25,61879669
849,398;38,74796918;26,77531971;27,03671523
849,951;37,57215443;26,34932955;26,84258866
850,505;36,87830099;26,08202598;26,46462141
851,058;37,05696012;25,68208437;26,27831398
851,611;36,43006682;27,53166773;27,12445508
852,164;36,44553078;28,66582948;27,39753274
852,717;35,52828175;28,15349487;26,11602733
853,270;35,80967491;28,34126471;27,65517643
853,822;34,83380783;27,79265768;29,17089846
854,375;34,17419558;26,27555794;27,17280934
854,928;34,38953705;26,15853877;27,72224418
855,481;34,70091051;26,80578577;28,45879209
856,033;35,43919569;26,76452881;28,19612388
856,586;35,95619546;25,27655298;28,14925464
857,139;35,52161626;24,34907897;27,67533847
857,691;37,22615563;25,02749276;29,66107342
858,244;37,31138096;25,26258803;28,80833462
858,796;37,88579313;26,84385018;29,26574487
859,348;39,51474873;26,66888061;30,47914521
859,901;39,63359386;27,25969201;31,15852907
860,453;39,24889158;27,81259295;30,24914689
861,005;38,30952567;28,68007277;30,53346114
861,557;37,64085524;28,97168046;29,1572423
862,109;38,67603405;29,44848961;29,58735473
862,662;37,0243271;29,72736063;29,41309416
863,214;37,49854088;30,17970089;29,71770853
863,766;38,5998027;29,57755495;29,28901598
864,318;36,89628314;29,08450833;29,06215148
864,869;36,33054651;27,7178376;26,70125264
865,421;36,89136788;27,45190522;27,66829757
865,973;38,12302439;26,36494092;27,51967697
866,525;37,21168368;26,17181049;27,6009327
867,076;35,87216309;25,328509;27,21533045
867,628;36,43014833;25,69634423;27,2962746
868,180;36,57238313;25,66780904;28,11239384
868,731;35,36380553;25,29973081;26,09899097
869,283;36,6412003;26,08214291;25,94192125
869,834;38,3737763;26,93055645;28,85004954
870,386;37,73406091;28,30620234;28,25616236
870,937;37,43970311;28,92495092;28,99121084
871,488;39,42721152;28,97062603;28,37865451
872,040;39,97611969;30,12426572;28,62255843
872,591;39,89523112;29,10513451;28,62176225
873,142;39,15556486;28,52802088;27,45549102
873,693;39,34305773;28,1939811;29,55929906
874,244;37,90083942;27,24946579;30,32403027
874,795;35,99537295;27,55326101;29,57965754
875,346;36,40549919;25,42141107;29,39527593
875,897;35,93649569;25,46788522;27,83768197
876,448;33,99930883;26,77205635;29,12351133
876,999;33,58465549;25,75476057;29,60077237
877,550;31,94128508;23,95393182;29,22440999
878,100;32,053968;24,0748854;30,36233818
878,651;32,1386637;22,88951264;28,85158664
879,202;33,6356511;25,91759079;30,49140777
879,752;34,08896505;26,71888559;29,66773358
880,303;33,96142633;27,76091795;29,59578444
880,853;34,12202344;26,58428921;29,65338775
881,404;36,00138283;24,57794821;29,55335971
881,954;37,17357911;25,75529778;31,06032384
882,504;37,63007995;28,4360865;30,33539572
883,055;36,61021591;29,17695521;30,83357536
883,605;34,07520802;29,87027364;30,44146231
884,155;33,90482624;27,30729895;28,83065836
884,705;34,94731593;26,71100901;30,58218843
885,255;34,42051811;25,43603977;30,09532209
885,805;33,80620528;25,92819281;30,75625023
886,355;33,74331805;26,27040945;30,62384206
886,905;32,14136253;24,63044709;27,758989
887,455;32,84838733;22,39634146;28,46199578
888,005;33,41486716;22,61574208;27,18754911
888,555;36,5452608;23,73644943;28,23867702
889,105;37,21145227;25,22474647;28,23478388
889,654;36,79828284;25,34130559;24,74497901
890,204;37,8051363;25,03165359;25,07443475
890,754;39,14332437;25,4699097;26,12122809
891,303;38,25913831;26,01499485;26,2882901
891,853;40,00936267;27,74024867;30,88577273
892,402;40,38973941;27,47597598;30,08185809
892,952;41,4951965;27,15819755;30,77648344
893,501;39,86905262;27,64012712;29,86040764
894,050;38,18786964;26,05746562;28,57824553
894,599;38,34108832;25,33247939;29,88582686
895,149;38,50742602;25,18440409;29,62046849
895,698;38,76995088;26,59423474;28,96544744
896,247;38,61550865;26,84371337;29,48679743
896,796;37,03599981;26,46767588;26,90671674
897,345;37,3742146;29,01554612;28,50348032
897,894;38,21359175;27,06668875;28,71010924
898,443;37,54534739;25,0155245;27,98358483
898,992;35,83579832;24,30770785;26,81022889
899,541;35,48158517;25,5600581;28,62743167
900,089;34,75279193;27,72030049;31,35941816
900,638;34,49627364;27,55041639;32,63414055
901,187;34,19516647;26,89901474;31,3678576
901,735;34,34570842;26,02133368;29,48947741
902,284;35,3355011;25,96805609;27,27081209
902,833;32,22554568;27,01935515;28,27203285
903,381;33,56414356;28,80266268;29,99792169
903,929;33,44261116;28,77082529;34,51716017
904,478;32,96277183;27,79579596;33,70832474
905,026;33,98574578;28,64963063;33,07754816
905,574;32,53366556;28,37765987;32,38954025
906,123;32,03258652;29,41498793;34,52993181
906,671;32,01538819;29,09128306;33,86991614
907,219;29,45829794;28,90612874;34,93259156
907,767;31,1378471;26,57163413;33,09528153
908,315;29,3422885;27,56114225;33,17828557
908,863;32,97711852;29,81571072;32,56973645
909,411;34,93857776;29,57094119;30,67901684
909,959;33,4281411;27,08213732;27,27853438
910,507;33,9040255;25,17284924;29,2009729
911,055;34,61149528;24,11805649;26,275014
911,602;36,23522059;23,90795303;29,49175077
912,150;37,39107523;24,9120321;30,55471663
912,698;40,23230012;27,3931908;33,11301245
913,245;41,3589262;25,16636729;32,50366885
913,793;38,71357507;24,12856176;31,32471369
914,340;37,72494013;24,58942808;31,59672157
914,888;38,02446067;25,16263859;34,22363383
915,435;37,36335949;24,05503968;29,31651128
915,982;37,87605721;23,40497429;30,4436609
916,530;37,69349844;24,75674089;28,75061362
917,077;38,08251178;26,28678826;27,68901781
917,624;35,89688554;26,1451233;24,36974866
918,171;35,34754633;28,21967556;26,81285324
918,718;36,69570101;29,30538129;26,61290566
919,265;35,45698882;28,28461029;28,0499126
919,812;37,3213163;27,48414121;26,46993847
920,359;38,25130967;30,45854963;30,81580402
920,906;39,29547591;32,30320496;30,42910939
921,453;39,43569087;33,29229803;30,43718581
922,000;41,23391718;30,57781199;31,36294215
922,547;40,68791652;32,16493719;32,79257785
923,093;42,44639359;27,55128748;29,42375173
923,640;41,84234052;27,81605821;28,43897634
924,187;42,3338254;27,73604372;27,78998721
924,733;39,84281959;26,53241676;28,0640167
925,280;38,1376973;23,79240474;24,66026558
925,826;35,77071702;21,91862013;23,91358267
926,372;33,43738977;19,21775264;24,80450796
926,919;28,28549915;16,95985943;22,86158773
927,465;27,85728615;14,17187197;23,83584414
928,011;27,41413753;18,23765745;28,17993392
928,557;26,21057174;18,99849367;29,75869142
929,104;25,48862122;21,53227673;32,7011839
929,650;23,41497983;23,91362073;34,31853896
930,196;23,39819072;25,74685433;33,8861575
930,742;30,08752476;27,27953968;40,25944744
931,288;30,60344809;29,83946106;40,98472586
931,834;35,16647809;32,74094382;47,29289569
932,379;38,30872527;36,00096678;50,92845628
932,925;38,30268884;34,21528093;49,57678373
933,471;42,93125768;29,59808108;48,08812234
934,017;42,63133392;29,61095126;44,885783
934,562;52,78810425;31,14099944;43,37171196
935,108;53,50064099;27,98630051;50,78451887
935,653;47,03443877;31,13610281;45,21129293
936,199;41,90521707;30,92875431;35,73251391
936,744;40,113886;31,89989952;37,73318475
937,290;32,97023449;25,43018105;32,72784571
937,835;27,40434393;28,07551888;30,54738232
938,380;30,79616305;30,41244815;29,48241444
938,926;32,79339742;32,4683322;28,48970178
939,471;30,755516;32,13509101;32,08494373
940,016;32,86871352;32,38533556;32,10495929
940,561;29,48242919;27,58620802;33,98396347
941,106;34,47432888;25,79469229;41,51696791
941,651;29,09497912;16,9419476;26,19825986
942,196;32,60986788;24,88198541;34,48679624
942,741;34,48168953;21,24872406;29,57746416
943,286;27,04089596;20,21337421;35,14353951
943,831;26,01726033;14,39245611;38,52183894
944,375;24,50816999;12,2387477;37,04206306
944,920;29,91755199;11,08307938;37,15596808
945,465;37,01185572;13,44599741;38,17085413
946,009;38,63636468;18,79505734;39,07040091
946,554;42,08875639;28,22499273;48,67177888
947,098;41,38103528;27,3826445;37,65304486
947,643;43,37546431;28,37209504;46,81627964
948,187;40,72799994;27,20257317;45,56862873
948,731;40,01982004;34,52722151;47,43051026
949,276;38,07560302;32,48595972;44,88390551
949,820;34,69774419;33,26068973;42,64500303
950,364;35,50470718;33,78016368;41,9780202
950,908;35,03525861;31,26765004;37,48562424
951,452;33,16902325;23,95009032;31,52742471
951,996;32,80117848;17,64525853;31,39515356
952,540;32,31094503;19,34392629;32,1340538
953,084;40,02954411;16,93933745;30,83609754
953,628;40,31494007;8,167302633;31,0558987
954,172;41,37555847;11,90909177;30,13393063
954,716;36,54348441;11,18750915;35,89589392
955,259;33,29396085;13,57344703;37,19207996
955,803;33,58495482;14,42863113;41,4576245
956,347;37,96241977;19,52400941;43,38646889
956,890;37,29992879;20,3785162;40,49755241
957,434;34,58593071;15,44223684;35,55267927
957,977;28,60148814;15,46257935;34,1501416
958,521;28,90025526;18,01113298;35,60729971
959,064;34,48141747;18,44410823;39,82749817
959,607;33,95465408;20,11910221;35,4688103
960,151;37,34789768;18,4238284;32,81014404
960,694;36,40061036;17,91306469;31,84581711
961,237;37,17641567;19,4597657;32,83717779
961,780;40,02643687;27,37626527;37,82022993
962,323;44,20343346;33,72452123;37,46604707
962,866;42,60468123;35,48925408;39,51770234
963,409;41,11772286;38,22254282;38,59704574
963,952;35,80208827;38,7283896;35,98086227
964,495;40,27336608;42,30687669;35,00097549
965,038;38,1790669;39,412822;33,67159822
965,581;36,67548809;41,0045782;29,81245757
966,123;33,70661725;36,55418974;26,06778821
966,666;31,72907429;31,88169263;25,40766516
967,209;28,80665419;28,94977138;26,47119023
967,751;31,11378667;25,63360814;23,5382913
968,294;31,24491136;25,12840072;19,82374648
968,836;30,37790703;22,66851505;19,05409502
969,379;28,07571011;19,74563775;20,20626867
969,921;26,77137122;20,19625565;19,35014948
970,463;27,98262732;16,00989684;20,59850556
971,005;30,48221234;18,27388987;24,36380983
971,548;29,38881662;20,25420953;26,14018452
972,090;32,71145179;21,80108283;25,67515669
972,632;32,67080955;26,03829264;29,39862245
973,174;33,63644995;27,68700563;30,74201374
973,716;36,39542892;27,24385439;30,71209331
974,258;34,77023215;25,11449607;32,09038827
974,800;34,7289633;25,84584392;31,83689394
975,342;36,78567623;29,25793708;33,45622984
975,883;37,15059959;29,02321157;34,74924992
976,425;38,30422608;26,90597917;38,57785829
976,967;34,49513509;25,2739959;38,6793574
977,508;32,72710208;21,75491078;33,50808855
978,050;29,78247549;15,63956072;35,13179626
978,592;29,29587771;20,88466301;36,77941573
979,133;30,4166303;22,10495598;30,05175683
979,674;29,60708674;23,12386903;31,81868146
980,216;26,32228746;25,30612101;34,12090266
980,757;25,80558017;23,22234416;31,63533346
981,299;24,22719054;25,9723008;27,33618552
981,840;24,16907567;25,03939841;25,65532045
982,381;25,0735626;21,80830867;23,62843934
982,922;27,25600494;24,40301083;23,42749526
983,463;25,23148374;18,65279996;21,16232159
984,004;24,77556526;23,42410944;24,93443435
984,545;25,25454119;22,32962558;22,51714847
985,086;22,0756649;16,1052734;15,44513484
985,627;19,68917293;15,3592267;19,79705778
986,168;18,20593124;6,969935233;14,59692327
986,708;20,86856821;6,760178506;15,59162603
987,249;20,9567966;8,249852839;18,63598028
987,790;20,65206058;6,004843511;22,29092029
988,330;22,03800845;6,330585529;20,6212276
988,871;20,43726007;-0,080878192;20,80957872
989,411;25,08233199;-0,124858798;23,12857116
989,952;27,28120003;4,755044567;27,20643897
990,492;28,3709636;6,709395139;20,92026934
991,033;28,63043584;10,35341051;26,47851337
991,573;23,81818495;9,237391625;24,52549643
992,113;24,78744135;11,83972557;27,39079022
992,653;25,90453158;10,40907276;22,79315111
993,194;29,07870825;13,92655775;24,70616297
993,734;29,60378092;10,59492873;22,53233842
994,274;26,56518166;12,14361143;18,66123303
994,814;29,96156557;12,89224607;21,02237236
995,354;30,32507216;10,47316088;21,92331294
995,893;30,31827369;11,08770395;21,89501888
996,433;37,13909606;14,65146444;23,35133059
996,973;33,45080957;15,02673695;21,86329597
997,513;33,10316888;19,71020915;26,10609254
998,052;32,56841989;20,5166467;21,91647421
998,592;33,82243253;26,88876061;21,39353625
999,132;30,19611357;28,14008432;27,07044264
999,671;29,06340617;25,36033348;21,16586293
1000,211;28,62579302;26,71454942;22,96541102
1000,750;29,42722796;24,76806538;19,61012167
1001,289;29,14584138;19,92825937;18,64452258
1001,829;28,56385605;16,85900073;18,08451781
1002,368;30,82411969;17,45440289;17,92359228
1002,907;25,17534899;7,869883193;26,54058181
1003,446;19,43100822;4,653953502;28,15737969
1003,986;14,87695736;-5,970621854;21,41078702
1004,525;12,45489883;-5,11054228;25,70327843
1005,064;18,74287854;-1,692477635;33,50927985
1005,602;24,67300524;7,028173423;38,7524213
1006,141;22,72389828;11,72296125;39,78767627
1006,680;27,03729674;12,72293139;41,54060014
1007,219;25,58545646;13,5774629;36,14341067
1007,758;27,01825734;12,23197921;36,41753831
1008,296;33,2405517;13,82394582;31,59722224
1008,835;36,12587432;19,9181784;31,23689788
1009,374;35,43552011;24,14405381;31,79144793
1009,912;33,4626056;23,21547698;29,09268704
1010,451;31,76538815;15,17629662;27,83505289
1010,989;29,85029087;7,285443353;23,93203776
1011,527;29,11813725;7,377895617;23,13333276
1012,066;30,07835276;8,917589265;30,51319883
1012,604;28,50345248;17,2408292;31,29147333
1013,142;25,12990017;15,2693055;35,18200616
1013,680;31,96681856;11,75110815;37,11444148
1014,219;34,18691586;1,499050032;37,38366965
1014,757;29,28167124;-1,231913709;25,90722206
1015,295;25,94986304;-8,799048004;18,49481424
1015,833;24,71095572;12,85959611;36,07062116
1016,370;22,32676301;7,602741691;30,01528127
1016,908;11,03957814;-15,04595741;15,6084681
1017,446;16,080207;-25,46728928;12,77091875
1017,984;13,29088818;-29,69620109;9,684066846
1018,522;8,089759569;-27,53125845;12,33459137
1019,059;8,783645073;-27,26368613;13,78021302
1019,597;13,01433614;-19,8455369;27,65390506
1020,134;19,46960905;-7,287127236;35,13032097
1020,672;16,5982887;-18,30868396;21,78721173
1021,209;15,92983262;-24,88561436;23,31058823
1021,747;19,92620128;-16,2329583;29,33004755
1022,284;22,10896756;-7,788660654;28,42421128
1022,821;23,42815382;-6,882876708;37,63300401
1023,358;26,30297804;-9,642681322;40,42413644
1023,896;24,00157362;-4,170684894;41,09439568
1024,433;25,93323963;-8,183630384;38,45985238
1024,970;24,65697254;-15,11124214;33,00904865
1025,507;32,05043313;-15,74046859;39,39761746
1026,044;35,76069627;-2,363722657;40,27505195
1026,581;40,11325453;-9,656304358;48,71548046
1027,118;30,35390515;-15,59287724;45,3667957
1027,654;22,12505378;-13,51909491;39,00921258
1028,191;28,65570913;-10,76923366;35,72279666
1028,728;29,15600834;-12,62369525;32,92496212
1029,264;22,5952998;-11,82039716;29,90677137
1029,801;15,40490802;-18,77729177;31,3189551
1030,338;23,64519179;-19,32002082;28,4595985
1030,874;17,93642597;-33,26658868;33,08034134
1031,410;17,21981223;-14,67116595;21,05537483
1031,947;25,59865575;-10,49366374;26,83449548
1032,483;36,46423493;-9,720670504;23,94934003
1033,019;34,62085331;-7,853123929;32,58393398
1033,556;28,53089139;-8,478934189;33,05978198
1034,092;26,25464456;-21,80184812;34,27632276
1034,628;35,28332102;-8,92018628;35,98374647
1035,164;26,36441748;-4,786545408;37,46694713
1035,700;30,1969358;0,487802087;36,0540674
1036,236;30,36712382;-9,168127682;43,73644059
1036,772;21,88850784;-31,86582846;38,4321245
1037,308;21,74016273;-30,72676611;37,82368245
1037,844;11,23479055;-40,2393165;26,79525208
1038,379;13,72816547;-28,55369274;33,95611323
1038,915;23,74597528;-3,55654337;40,50093286
1039,451;14,0084796;9,548917759;43,56499592
1039,986;4,846820087;2,066486265;32,17979024
1040,522;-3,048304206;1,829925898;33,28155493
1041,057;-11,74438486;8,391610001;16,57312661
1041,593;-6,110693601;24,3075299;26,59898329
1042,128;1,331802558;34,78601325;33,07066322
1042,663;-3,597669467;25,9706874;28,9538943
1043,198;4,575326646;10,12776496;21,35311647
1043,734;1,073142917;-3,791625268;22,87277629
1044,269;14,66516125;-17,94645387;23,07130826
1044,804;23,75424603;-14,37105846;24,94924411
1045,339;30,68739895;-4,29818654;23,47077379
1045,874;32,65928423;-10,25064189;34,79043486
1046,409;35,6392861;-35,15044083;25,11668705
1046,944;34,35842909;-40,42988644;19,22965354
1047,479;38,51827007;-36,00782799;14,07653875
1048,013;30,37210465;-15,97059882;29,50819446
1048,548;30,07606789;-6,934542502;30,76184517
1049,083;33,66506867;-10,0483811;40,8376913
1049,618;36,08071372;-12,42550492;43,2000028
1050,152;25,23299832;-19,06589746;52,89885618
1050,687;29,83960931;-14,00814862;34,77917874
1051,221;22,69939107;-7,846201716;33,92931356
1051,755;13,75777324;-18,0404366;29,22636337
1052,290;9,293814745;-8,513658467;42,48103624
1052,824;-8,365163851;-27,71488306;15,53398532
1053,358;-49,91947212;-68,37415564;-13,01568103
1053,893;-35,13757281;-32,40170912;-7,645689181
1054,427;-54,73919916;-39,91955649;17,36680601
1054,961;-52,24358998;-54,15020003;4,084385286
1055,495;-118,5185016;-83,95215596;0,302728558
1056,029;-40,24458312;-43,7848777;22,10479976
1056,563;-30,66667102;-46,98276209;27,7425182
1057,097;-29,28679652;-60,35503;23,46368975
1057,630;7,819286967;-50,7034896;25,20601134
1058,164;38,64885775;-44,60393291;34,81547033
1058,698;-9,437228639;-115,7931406;31,48395746
1059,232;11,89402397;-116,6101709;10,75819887
1059,765;19,06541545;-71,34615726;17,80557614
1060,299;36,12439947;-64,53987551;30,68715213
1060,832;34,72147247;-51,20405277;17,69041526
1061,366;31,92982588;-22,71880863;40,84553141
1061,899;37,36066498;-8,721421801;48,41108552
1062,432;28,10927586;-11,0562695;42,93226017
1062,966;21,37430931;3,179860726;41,78939596
1063,499;23,13799729;8,53537064;37,88383554
1064,032;15,8557071;6,26989342;38,03493601
1064,565;23,47911995;0,099304767;45,62171543
1065,098;24,80782601;3,722723121;40,98922722
1065,631;20,76991842;3,372127856;74,7736153
1066,164;19,61352583;-13,60779377;43,47826087
1066,697;22,384809;-4,770423306;35,646051
1067,230;32,78429104;-2,139799878;72,32667456
1067,763;44,82168509;1,938105961;67,56756603
1068,296;42,88990535;2,893249423;51,07692545
1068,828;50,84175456;3,593859016;42,51428441
1069,361;56,35246153;3,496973887;35,06403682
1069,894;43,45475343;-5,344585382;43,3488701
1070,426;41,28749893;-21,46752537;35,05226766
1070,959;32,77777881;0,394944735;34,16369971
1071,491;20,76922916;-37,47703615;29,52086524
1072,023;24,76635664;-21,19700744;7,472682726
1072,556;15,02145951;-52,99539599;10,34843221
1073,088;24,69990614;-58,07884189;19,44355691
1073,620;25,76489403;-44,84978278;33,26255896
1074,152;12,71186228;-53,13631057;35,27939678
1074,684;-4,105263472;-44,78632706;34,55099037
1075,217;-21,99383536;-50,46904946;15,51055577
1075,749;-45,66665908;-87,35553461;-3,988865738
1076,280;29,98352531;-53,14063882;6,170378969
1076,812;-4,922515307;-52,77633316;21,18155645
1077,344;-26,16525845;-53,6076711;19,07999733
1077,876;-2,437328725;-28,45188467;18,23647133
1078,408;-2,545655324;-37,50550864;6,870517947
1078,939;-23,7638746;-36,00812488;-6,726265892
1079,471;-33,4700161;-63,10935654;-36,75852863
1080,002;-30,51342077;-40,63512764;-16,37186216
1080,534;-5,819072218;-28,682604;15,84699379
1081,065;-18,11385853;-12,97091123;22,65464709
1081,597;-1,325381624;-29,94871737;-2,437943294
1082,128;-1,470586792;-24,44803287;-5,019155042
1082,660;-14,08815323;-30,65902375;7,486423403
1083,191;-42,80974201;-68,38174362;-6,073945558
1083,722;31,43431775;-37,73796059;16,24329004
1084,253;80,3875525;-5,729632972;35,18041021
1084,784;83,22543012;-21,87958939;39,81797531
1085,315;96,26704909;-10,02893004;36,73684307
1085,846;80,81597714;-26,03331266;29,71938801
1086,377;43,2258094;-4,092920359;44,22548091
1086,908;31,91952432;9,22858439;46,24648726
1087,439;15,03456088;-14,34599147;34,0274889
1087,969;12,57934277;-2,559935198;23,83064445
1088,500;7,91366925;1,175365915;23,30729101
1089,031;-30,82003347;-19,15584461;13,59170118
1089,561;-26,82203367;-14,1634976;12,6796711
1090,092;-38,42992399;-34,84602958;-18,18181874
1090,622;-32,81249749;-33,87471057;-18,79518117
1091,153;-29,9864763;-75,02533071;-24,03846267
1091,683;-33,11233985;-104,0609191;-39,45509937
1092,213;-5,968688429;-42,00362033;1,291794279
1092,744;0;-66,8424555;23,0464892
1093,274;-2,14231132;-85,7142884;12,50971222
1093,804;-1,313869439;-64,97829157;12,41872349
1094,334;9,820944751;-62,18601258;13,8781811
1094,864;19,93224125;-53,36048858;18,23486463
1095,394;19,54328319;-72,42502908;41,39534988
1095,924;31,03070162;-21,77545692;71,33666695
1096,454;29,83151697;-20,71465492;65,80406608
1096,984;-4,24204583;-67,73296079;25,46125485
1097,514;-9,822419707;-37,67217824;44,91150467
1098,043;-16,58641068;-48,12798163;84,56913865
1098,573;-2,458604959;-53,10734638;102,7542356
1099,103;-8,841463391;-43,87754948;94,26558998
1099,632;-13,80670617;-48,07355334;132,8651663
1100,161;-19,07600641;-18,36734596;83,91304828
