Filename-->;PET_CLARO_1.RFL8;PET_CLARO_2RFL8.RFL8
Mode/Unit-->;;
Int.time[ms]-->;1,049999952;1,049999952
NrOfAverages-->;20;20
Smoothing-->;4;4
Wavelength [nm];;
172,206;28,2123902;-4,711374778
172,805;28,7992784;2,411684822
173,404;17,06389402;0,332777073
174,003;10,31185944;-4,681404328
174,602;8,558465642;-7,374428964
175,201;6,216093821;-4,083685385
175,800;-2,718966921;-3,781601426
176,398;-3,134294888;-2,137565652
176,997;-18,97863985;0
177,596;-17,29200434;7,01231615
178,195;-21,7253228;10,81133986
178,793;-10,58383578;10,72636852
179,392;-17,04834466;18,99210193
179,991;-8,746439799;15,04890933
180,589;-9,266876732;14,63600055
181,188;-2,061616532;15,27558991
181,786;-4,930703044;16,59449107
182,385;12,61439359;14,61552184
182,983;8,683290812;12,13185104
183,581;16,36443025;5,32019763
184,180;17,19179583;-0,451004371
184,778;24,65554885;-8,492307738
185,377;18,33035406;0,529316033
185,975;24,87832646;3,67194783
186,573;28,28021959;-1,944157452
187,171;32,63158068;-4,696424452
187,770;28,65771763;-9,440337931
188,368;34,95971574;-6,482004932
188,966;30,4730488;-10,63538558
189,564;32,10146589;4,823091876
190,162;35,38493753;14,72482928
190,760;37,85185129;20,3536757
191,358;36,5697032;22,93148542
191,956;38,02592247;29,58866177
192,554;35,87452614;33,58502987
193,152;41,75872815;36,86342412
193,750;40,49642113;36,07918325
194,348;49,89037717;39,38093586
194,946;39,83259233;40,0817664
195,543;35,91283114;39,38339194
196,141;23,68485455;36,78010492
196,739;29,38659085;39,54829356
197,337;21,66165821;36,69052138
197,934;11,51256691;35,1282494
198,532;-3,137697747;33,56373205
199,130;-3,594230148;38,3294294
199,727;-9,236507773;47,1445673
200,325;1,912568429;40,68882023
200,922;4,971494377;38,40909125
201,520;6,945836649;39,70400089
202,117;3,873517631;34,36865509
202,715;10,45381004;33,1088451
203,312;17,95632114;38,21208206
203,909;27,13675272;40,1021094
204,507;20,00431963;41,11758212
205,104;22,93486366;33,10035941
205,701;8,404447595;37,8699374
206,298;8,874132614;34,89667651
206,896;23,03557864;30,84239109
207,493;19,2060376;33,08364594
208,090;18,09264149;36,07366558
208,687;26,60850499;36,92517631
209,284;9,671531337;37,16244217
209,881;16,49261819;33,18300215
210,478;12,76065895;36,90835765
211,075;25,56231069;37,96686943
211,672;17,36577173;38,58843313
212,269;17,25178194;37,69920451
212,866;9,512194269;37,6799892
213,463;11,42930159;36,91034136
214,060;11,3381007;39,13043515
214,657;36,1623599;36,54970642
215,253;36,57104129;38,04239812
215,850;39,75512218;36,22195572
216,447;26,50571643;37,03507925
217,044;36,2302473;39,26548572
217,640;31,89731504;46,51283874
218,237;47,87991429;47,06427095
218,833;44,81272758;47,13388395
219,430;41,71692087;41,52707428
220,026;30,91543947;46,82228207
220,623;29,8562487;45,53380847
221,219;25,80421922;51,77785697
221,816;47,56447059;45,54838691
222,412;43,92481677;43,23468971
223,009;37,98657865;43,34755841
223,605;33,48396893;45,00358025
224,201;27,23675541;48,7470069
224,798;23,27146635;55,16114033
225,394;27,21670045;52,71973276
225,990;28,34051746;55,88890731
226,586;33,38385874;54,28758767
227,182;25,11387316;61,34589979
227,778;19,91424608;62,7069251
228,374;27,21088438;59,46544242
228,971;29,39717229;58,35294258
229,567;31,9852964;58,57554954
230,163;31,02229496;48,46542456
230,758;16,45153074;54,48949572
231,354;10,55081493;57,27477725
231,950;1,335113512;66,40217528
232,546;-5,59236649;55,5991692
233,142;-0,254258818;51,33516313
233,738;-9,060997211;49,96670465
234,334;-4,862155033;52,13400865
234,929;-1,963784673;44,85568083
235,525;2,132463824;47,82403962
236,121;11,1534795;48,31410789
236,716;16,34805638;49,37034225
237,312;20,17829996;39,35434242
237,907;26,91328961;36,78373221
238,503;28,79224964;30,29859707
239,099;39,30276031;33,09239599
239,694;33,17888795;24,52830007
240,289;22,45969341;30,08679052
240,885;20,51908954;33,64485779
241,480;22,07151752;34,76701909
242,076;13,6343519;27,70151488
242,671;8,991884381;30,93902233
243,266;5,820105946;31,13073192
243,861;1,119894557;42,92627232
244,457;-12,93025397;33,65853764
245,052;-18,9955818;35,10023802
245,647;-10,66563924;32,61080608
246,242;-14,89775973;38,72131517
246,837;-32,98527743;19,88689871
247,432;-20,37869774;24,81349295
248,027;-23,07692324;16,26539858
248,622;-37,55322148;15,06369649
249,217;-37,45296485;-9,043927599
249,812;-31,97217157;-0,04466723
250,407;-27,44510883;14,90559846
251,002;-39,86636997;28,84358324
251,597;-36,54519994;22,14584733
252,192;-26,71840452;37,6154992
252,786;-21,96029841;35,63084162
253,381;-27,09533;43,07199934
253,976;-2,564103452;46,73463492
254,571;-5,536431458;58,84676097
255,165;-2,053498561;58,90252394
255,760;8,734030578;66,5102926
256,354;21,15048114;55,59183618
256,949;22,04804677;48,77913585
257,543;28,00456063;48,61637083
258,138;20,58414427;49,18973456
258,732;27,73403464;36,36084709
259,327;17,4398239;38,6194688
259,921;16,3554558;38,5182714
260,515;9,441489857;30,62015752
261,110;6,494936036;25,07705102
261,704;-11,15643;33,76513428
262,298;-18,04165508;45,42881303
262,893;-33,29018655;39,85792955
263,487;-36,44400721;39,10318189
264,081;-33,94386367;45,89242371
264,675;-36,1275091;36,19224694
265,269;-30,67020744;42,74829112
265,863;-34,07488905;31,9352051
266,457;-56,93045428;30,70592157
267,051;-40,51094761;15,29061203
267,645;-48,60139502;-5,882351534
268,239;-38,28157396;-11,93726462
268,833;-47,29843666;-13,71228424
269,427;-62,63410286;-24,17168487
270,021;-77,68217443;-22,542153
270,614;-64,76500673;-35,2373268
271,208;-56,65182607;-29,24953524
271,802;-52,11542941;-45,34947856
272,396;-72,95510925;-35,93322579
272,989;-57,99147501;-32,53801783
273,583;-59,07660094;-23,39085204
274,177;-38,85596624;-32,69996748
274,770;-51,68170288;-23,22438645
275,364;-46,58166114;-34,09395742
275,957;-86,30972599;-52,55986301
276,551;-81,62923071;-50,47067195
277,144;-80,17741505;-41,37806716
277,737;-50,936109;-50,48242793
278,331;-45,71192752;-46,89704481
278,924;-42,44014611;-54,83047954
279,517;-65,55294976;-26,82844531
280,111;-51,87113195;-38,36236888
280,704;-40,25764987;-35,27484567
281,297;-23,33580751;-37,54287604
281,890;-26,4571697;-32,95718573
282,483;-20,4711031;-28,09567208
283,077;-36,92547349;-27,22567534
283,670;-41,52449119;-26,67617702
284,263;-40,39125182;-34,8528797
284,856;-29,22676709;-63,63636562
285,449;-14,5662507;-67,03963037
286,042;-16,86633727;-30,41458146
286,634;-25,78470072;-7,878341842
287,227;-18,58370079;3,045515772
287,820;-16,3447576;11,5154098
288,413;-9,049680893;0,587703497
289,006;-10,08752815;-15,87223586
289,599;4,966000269;-17,06623332
290,191;-8,170552484;-9,033614045
290,784;-9,391125447;-1,224759251
291,377;-11,89637212;-33,75359864
291,969;-1,471465524;-32,64764701
292,562;-9,079337325;-68,63656508
293,154;-12,26924887;-54,57527124
293,747;-21,06041901;-47,49081562
294,339;-11,14376611;-31,15374066
294,932;-18,26572698;-22,52400704
295,524;2,091298334;-17,77538352
296,116;2,906975642;-9,770581395
296,709;6,0885215;-2,221149949
297,301;-6,451610932;-3,852080796
297,893;5,09662414;5,031156064
298,486;-0,780233272;2,708959766
299,078;9,548416415;6,804607889
299,670;-7,595206872;5,691594423
300,262;-16,98841611;4,131534568
300,854;-36,82237565;0,806451892
301,446;-35,46996363;1,970770792
302,038;-26,4777994;8,232383875
302,630;-32,18316711;6,205357387
303,222;-48,18384652;13,88888904
303,814;-42,22048121;17,84555517
304,406;-32,63799776;13,9098605
304,998;-28,73563365;5,86528506
305,590;-10,09860606;5,687830591
306,182;0,268337327;7,574567999
306,773;-11,87159333;-2,485180128
307,365;-10,11042305;4,6231157
307,957;6,095909087;10,7390766
308,549;7,83212913;2,21724971
309,140;5,837347663;2,818733662
309,732;0,766165841;2,12244901
310,323;11,18325985;13,08054774
310,915;11,77871895;12,72588935
311,506;18,13787881;8,695652096
312,098;27,30676279;20,29300011
312,689;15,36991517;14,6029876
313,281;17,12592272;9,08353623
313,872;8,515743074;12,63180156
314,463;15,26651288;13,71984144
315,055;8,368436501;26,10364735
315,646;5,821270426;25,10530782
316,237;0,538440582;19,56355267
316,828;-3,065133816;20,57971005
317,420;-23,24930167;20,00000088
318,011;-16,60482314;19,21336585
318,602;-23,05756761;21,52880906
319,193;-14,30915595;22,85097958
319,784;-16,09483937;19,57671992
320,375;-11,5059209;12,90705588
320,966;-10,36741695;15,14573246
321,557;-2,138888887;18,82640654
322,148;-11,0398295;27,79585414
322,738;0,259270087;21,56988883
323,329;-4,673130246;24,44070784
323,920;1,746411232;27,93199071
324,511;8,034257471;27,44014669
325,102;17,94091959;30,51251575
325,692;16,49353444;30,88055866
326,283;11,95824768;32,50000013
326,874;3,330227651;33,54136665
327,464;11,71345652;26,40369083
328,055;20,28301941;31,62739807
328,645;19,90616573;29,55842663
329,236;7,019616552;25,53746855
329,826;12,8272243;27,36373833
330,417;2,519928488;26,62990507
331,007;13,31799508;23,52839064
331,597;25,5722679;20,84377697
332,188;30,40462517;17,32810446
332,778;22,3109353;23,60947915
333,368;15,11571857;18,9308485
333,958;19,94594662;23,36377739
334,548;31,60023104;19,6568977
335,139;24,7363677;21,15074711
335,729;38,3743413;26,03766469
336,319;29,3448989;31,15212533
336,909;14,89664988;28,06901206
337,499;14,2086926;39,83408695
338,089;15,87500015;40,9150153
338,679;23,75790442;44,42830209
339,269;23,77139753;42,5552234
339,858;24,24008304;49,0113744
340,448;24,67191712;49,65824924
341,038;14,91022837;46,83949571
341,628;28,27175122;46,15751016
342,218;27,68277508;47,92098031
342,807;32,48237429;41,75682354
343,397;39,23619606;40,16340832
343,986;36,27648723;40,89779462
344,576;42,0065056;40,71741001
345,166;37,48293931;39,9086602
345,755;35,43627547;42,2456119
346,345;43,02143057;46,52370639
346,934;33,58308609;52,8180614
347,523;41,15710317;51,91740372
348,113;30,9530127;48,17627035
348,702;27,75853553;44,93331286
349,292;20,88507623;43,98739045
349,881;22,12939102;45,95588354
350,470;21,11620184;45,4635113
351,059;16,37889697;38,55610782
351,648;10,59005403;39,05239633
352,238;12,78697115;35,6392197
352,827;17,86825721;40,28116303
353,416;27,96852531;43,32613418
354,005;25,49074;45,14032127
354,594;34,66939632;42,23814925
355,183;21,63884676;48,76697699
355,772;33,06474792;46,54703712
356,361;26,1235949;52,77358703
356,949;25,54904818;56,32754361
357,538;22,51296546;47,30957325
358,127;18,15609616;44,73333267
358,716;12,60237733;49,68398982
359,304;9,942286628;46,37565511
359,893;2,708679421;42,72087655
360,482;6,452637228;37,70281914
361,070;2,627559658;43,05442528
361,659;17,81575772;43,885729
362,247;10,06790685;38,71394694
362,836;15,99378916;43,63754956
363,424;5,528255748;45,93209641
364,013;9,07668294;40,84367178
364,601;19,41004265;44,30731843
365,190;15,10880885;48,06636319
365,778;12,57972994;51,19292595
366,366;7,678760236;47,3598314
366,955;9,346828217;47,76384544
367,543;9,058334757;49,16657126
368,131;5,995606975;48,10439364
368,719;7,595405674;38,91733747
369,307;7,857811092;38,1660101
369,895;8,588692373;34,87879099
370,483;11,05893667;30,42442621
371,071;9,107108918;24,08595469
371,659;11,00917382;23,33475224
372,247;10,01441477;18,77274455
372,835;11,1298025;16,79667228
373,423;12,27910187;15,73263711
374,011;9,052002586;15,3317131
374,599;7,685181469;14,34300493
375,186;5,363626427;10,35482507
375,774;5,237769147;8,999544198
376,362;5,230660299;9,390925171
376,950;5,201961232;7,178850062
377,537;4,527034006;6,753004365
378,125;3,867564757;5,543748406
378,712;2,798371633;5,047130251
379,300;3,048446626;4,388328021
379,887;2,454981111;3,170122599
380,475;1,964528362;4,012752495
381,062;1,173158742;4,169369453
381,650;1,908618408;3,967164204
382,237;1,063664392;4,709955065
382,824;1,414689137;4,784007576
383,411;1,383530413;5,122459503
383,999;1,964804633;5,1463281
384,586;2,177385617;5,902229137
385,173;2,785563124;6,631777956
385,760;2,969473237;6,708035178
386,347;3,424111581;6,564094579
386,934;3,064499176;6,568398993
387,521;3,446530794;6,604791732
388,108;2,848171575;6,837399458
388,695;3,385511534;7,007267312
389,282;3,384253969;6,942496561
389,869;3,712291943;7,00285679
390,456;3,493224498;6,851025405
391,043;3,688561877;7,009427574
391,630;3,878850954;7,339729009
392,216;4,165472641;7,333214372
392,803;4,316424675;7,443422798
393,390;4,729901954;7,27614268
393,976;4,421766167;7,01059319
394,563;4,456955869;7,464727211
395,149;4,449491098;7,413557937
395,736;4,827897662;8,01597756
396,322;4,972940889;8,249412311
396,909;4,91956711;8,334169645
397,495;4,942669338;8,813052488
398,082;4,735525047;9,215144044
398,668;4,703040962;9,794455108
399,254;5,060521704;10,09219076
399,841;5,065773088;10,16660697
400,427;5,184602719;10,28410278
401,013;5,051642628;10,258983
401,599;5,174423378;10,49168194
402,185;5,276433229;10,82953164
402,771;5,437492998;10,97439298
403,357;5,660012547;10,96227944
403,943;5,920754104;10,81355828
404,529;6,044006548;11,14182908
405,115;6,218180084;11,26373653
405,701;6,209446136;11,35745973
406,287;6,330993445;11,69888235
406,873;6,306347323;11,7349713
407,459;6,369972649;11,70281355
408,044;6,37976273;11,75358087
408,630;6,526532405;11,72834866
409,216;6,652541229;11,85068865
409,802;6,519441455;11,65279785
410,387;6,474155533;11,63956784
410,973;6,478911801;11,91521616
411,558;6,567473107;11,80822347
412,144;6,717449557;11,79191265
412,729;6,702415328;11,99658414
413,315;6,669103557;12,12831974
413,900;6,66314501;12,52013516
414,485;6,608624176;12,62903126
415,071;6,617386865;13,02130028
415,656;6,738216866;13,24732451
416,241;6,746157903;13,28995462
416,827;6,76072344;13,33732524
417,412;6,639883823;13,52070551
417,997;6,783599191;13,46420367
418,582;6,698412393;13,47479362
419,167;6,74920769;13,18695067
419,752;6,597873923;13,22084891
420,337;6,667283293;13,01515681
420,922;6,636465613;13,02373437
421,507;6,817362657;12,95000682
422,092;6,988788155;12,95995146
422,677;7,201447698;12,91231242
423,261;7,359411829;12,92342629
423,846;7,551702259;12,79833831
424,431;7,581051455;12,82886043
425,016;7,866286781;12,90245365
425,600;7,82700611;12,89292257
426,185;7,87464871;12,81386753
426,770;7,776858197;12,81781492
427,354;7,776379022;12,8170084
427,939;7,746957852;12,8432354
428,523;7,587632923;12,94167628
429,108;7,634465373;13,00817495
429,692;7,540714745;13,21619514
430,276;7,455286818;13,20038118
430,861;7,47992256;13,36433757
431,445;7,472952766;13,33263427
432,029;7,387706876;13,27415869
432,613;7,356534215;13,20556944
433,198;7,313355091;13,09787471
433,782;7,257581402;13,04849677
434,366;7,281219232;12,99661358
434,950;7,396812457;12,81919461
435,534;7,410257328;12,73770932
436,118;7,448477634;12,64047298
436,702;7,471194709;12,68226168
437,286;7,63710552;12,82262783
437,870;7,705877321;12,8375627
438,454;7,746547445;12,98391131
439,038;7,876484088;13,01360806
439,621;7,862371533;13,16994975
440,205;7,877350583;13,28805895
440,789;7,764954936;13,3572822
441,372;7,769180555;13,3276909
441,956;7,758073642;13,31977127
442,540;7,728882218;13,24381519
443,123;7,705175302;13,37138255
443,707;7,6731924;13,17698126
444,290;7,489107204;13,07489301
444,874;7,420941745;12,90463438
445,457;7,370568859;12,86361328
446,040;7,451364314;12,85479294
446,624;7,401477982;12,80760414
447,207;7,348755287;12,83738527
447,790;7,414114022;12,81387648
448,374;7,484184695;12,71515941
448,957;7,476339417;12,86885534
449,540;7,511811491;12,84617506
450,123;7,597307145;12,93866811
450,706;7,613105011;12,81727396
451,289;7,61990943;12,69502977
451,872;7,691768207;12,70966997
452,455;7,65361514;12,6877511
453,038;7,543464162;12,53939537
453,621;7,348732961;12,54069442
454,204;7,392479261;12,51697401
454,787;7,390707002;12,65261684
455,369;7,386580799;12,6683402
455,952;7,404889293;12,62539698
456,535;7,321584611;12,64873025
457,117;7,206649604;12,59134956
457,700;7,33077779;12,43824798
458,283;7,289493076;12,49468746
458,865;7,366154943;12,43675798
459,448;7,338236537;12,38944807
460,030;7,462618286;12,23085873
460,613;7,364225822;12,11267917
461,195;7,323476228;12,09632776
461,777;7,376038953;11,97093111
462,360;7,505739044;11,94755532
462,942;7,420805912;11,94534637
463,524;7,481389574;11,94920115
464,107;7,446542404;11,95709482
464,689;7,475575719;11,83318261
465,271;7,36606745;11,77524857
465,853;7,396858591;11,72351707
466,435;7,425510356;11,66080932
467,017;7,488765976;11,72369149
467,599;7,36283674;11,6796234
468,181;7,369056786;11,63942877
468,763;7,297025147;11,56835214
469,345;7,351954449;11,46386484
469,927;7,259431301;11,41069902
470,508;7,221655569;11,33300713
471,090;7,24898353;11,29184626
471,672;7,178923787;11,24996249
472,254;7,064847779;11,17566815
472,835;7,141904833;11,09932949
473,417;7,070325382;11,07228652
473,998;7,097044295;11,04538974
474,580;6,984026594;10,95812679
475,161;6,969413994;10,91774046
475,743;7,014191554;10,90517129
476,324;6,927248705;10,82896626
476,906;6,92023999;10,82422519
477,487;6,925858888;10,75182531
478,068;6,893497534;10,76187213
478,650;6,918905601;10,63982406
479,231;6,863850502;10,54894568
479,812;6,86049703;10,451417
480,393;6,870337459;10,39735311
480,974;6,852023843;10,28752146
481,555;6,8925872;10,2303259
482,136;6,847902775;10,09241798
482,717;6,835021359;10,05972711
483,298;6,747768542;9,950176577
483,879;6,739874868;9,941243142
484,460;6,764400856;9,875668864
485,041;6,760845224;9,927279027
485,622;6,74121294;9,801832532
486,203;6,678181411;9,76159721
486,783;6,588518705;9,660197812
487,364;6,538628617;9,67093839
487,945;6,551795817;9,542984895
488,525;6,560269495;9,526912603
489,106;6,542549879;9,505528624
489,686;6,549063743;9,445994106
490,267;6,543571326;9,334368961
490,847;6,480312829;9,271338308
491,428;6,407049168;9,169648579
492,008;6,391277924;9,121469881
492,589;6,415072518;9,020910729
493,169;6,403756038;8,981623241
493,749;6,415939237;8,778616805
494,329;6,334028003;8,56366585
494,910;6,293768329;8,418780529
495,490;6,234450867;8,341449248
496,070;6,187226876;8,294215322
496,650;6,176295347;8,22748672
497,230;6,153880021;8,119022852
497,810;6,093912715;7,980076761
498,390;5,956094076;7,87176049
498,970;5,871740996;7,832253504
499,550;5,935415078;7,781394484
500,130;5,872420514;7,70255396
500,709;5,880760467;7,59453196
501,289;5,868162214;7,51918227
501,869;5,852512568;7,360427305
502,449;5,831053995;7,306325661
503,028;5,802890128;7,284223727
503,608;5,861456771;7,264467724
504,188;5,839163728;7,225858484
504,767;5,757627478;7,210548662
505,347;5,707428266;7,125732148
505,926;5,567206443;7,073072505
506,505;5,599940639;6,973188495
507,085;5,604159123;7,018890205
507,664;5,538274219;6,846152166
508,243;5,549029901;6,780138039
508,823;5,437450885;6,680780286
509,402;5,369439435;6,630548751
509,981;5,337819081;6,561775431
510,560;5,27371721;6,575603184
511,139;5,29419081;6,475446314
511,719;5,23234562;6,414698766
512,298;5,206336346;6,36013427
512,877;5,111366774;6,421788989
513,456;5,104069396;6,286478049
514,034;5,143324473;6,181542741
514,613;5,107409606;6,159013663
515,192;5,074940611;6,058739875
515,771;5,043101598;5,946705119
516,350;4,979059102;5,84515544
516,928;4,922532443;5,760251034
517,507;4,83652252;5,584384028
518,086;4,862069415;5,508266412
518,664;4,743375641;5,467214212
519,243;4,667231679;5,465675258
519,821;4,640169022;5,374036689
520,400;4,567352473;5,352455326
520,978;4,51228951;5,252330037
521,557;4,506372365;5,269926474
522,135;4,437160598;5,283839532
522,714;4,406354658;5,229810832
523,292;4,332599906;5,113999289
523,870;4,296704317;5,160286895
524,448;4,196647537;5,193265238
525,026;4,198976362;5,154618393
525,605;4,181152657;5,0783751
526,183;4,22340532;5,094473639
526,761;4,299458052;4,963455374
527,339;4,283744949;4,808575818
527,917;4,243992324;4,781620051
528,495;4,312249427;4,745938773
529,073;4,326231505;4,647801824
529,650;4,296343877;4,549617868
530,228;4,213294338;4,455258814
530,806;4,217175023;4,419657323
531,384;4,163820953;4,350070607
531,962;4,057935711;4,407796623
532,539;4,012145087;4,471704423
533,117;3,96536885;4,419270034
533,694;3,902862003;4,438708349
534,272;3,910963578;4,383741479
534,849;3,94022154;4,305086864
535,427;3,887866721;4,330840273
536,004;3,781686316;4,325864742
536,582;3,782823208;4,303712817
537,159;3,730755526;4,201464906
537,736;3,707072592;4,109691225
538,314;3,725503225;4,189732086
538,891;3,749939563;4,186458224
539,468;3,655752233;4,169947615
540,045;3,607569433;4,131352014
540,622;3,644749406;4,051132682
541,199;3,690288216;3,98757999
541,776;3,608729014;3,974794758
542,353;3,592443703;3,970075891
542,930;3,535772444;4,014149969
543,507;3,520828001;3,883988208
544,084;3,408611917;3,8130793
544,661;3,441559064;3,852190073
545,238;3,449706444;3,773931988
545,815;3,426965885;3,817074594
546,391;3,318100519;3,891142156
546,968;3,324142269;3,856543979
547,545;3,271200442;3,79580732
548,121;3,308693781;3,71586179
548,698;3,23456954;3,683131177
549,274;3,332245183;3,665313009
549,851;3,295649061;3,611290445
550,427;3,291417119;3,614122242
551,004;3,255285858;3,488034454
551,580;3,300579598;3,403114376
552,156;3,299035573;3,42137766
552,732;3,328483188;3,467019879
553,309;3,287799674;3,440114393
553,885;3,341867388;3,436005204
554,461;3,210296832;3,388901297
555,037;3,176065525;3,369646202
555,613;3,148698207;3,39178121
556,189;3,190591499;3,412793671
556,765;3,181127036;3,40528607
557,341;3,150033072;3,310661926
557,917;3,164155392;3,271421866
558,493;3,200877411;3,301859397
559,069;3,192096052;3,305539741
559,645;3,272632973;3,289589143
560,220;3,265922822;3,21944739
560,796;3,263557308;3,216050043
561,372;3,21368985;3,184913122
561,948;3,206943032;3,129550371
562,523;3,260092237;3,177615493
563,099;3,264084008;3,164638341
563,674;3,2605365;3,137749942
564,250;3,249628687;3,082887721
564,825;3,165240167;3,147723524
565,400;3,205588581;3,20743049
565,976;3,187327715;3,299581032
566,551;3,224175617;3,301196372
567,126;3,248233046;3,331582539
567,702;3,258849336;3,305648026
568,277;3,255021865;3,279133921
568,852;3,255053977;3,249884004
569,427;3,25355323;3,26347737
570,002;3,284674573;3,175928692
570,577;3,218116895;3,174079465
571,152;3,259017087;3,029873114
571,727;3,205297969;3,045874426
572,302;3,250480668;3,025521031
572,877;3,184209043;3,086117094
573,452;3,121536223;3,080919373
574,026;3,145844949;3,104629739
574,601;3,116387658;3,164761077
575,176;3,139056731;3,167800745
575,751;3,307573019;3,116471301
576,325;3,256717094;3,121219333
576,900;3,314154709;3,176052549
577,474;3,276909248;3,211919011
578,049;3,319991328;3,214949496
578,623;3,36875033;3,233785459
579,198;3,37083308;3,263721847
579,772;3,408531424;3,263400054
580,346;3,438476877;3,307357946
580,921;3,34579882;3,324886024
581,495;3,408788453;3,40531757
582,069;3,384660802;3,423647047
582,643;3,438672132;3,417315237
583,218;3,445660869;3,408631413
583,792;3,443304805;3,442822261
584,366;3,415911831;3,416276813
584,940;3,392813684;3,456144331
585,514;3,343160286;3,556996454
586,088;3,397460826;3,634985609
586,662;3,31640369;3,622040537
587,235;3,379512153;3,642664078
587,809;3,349028795;3,729796433
588,383;3,323012269;3,743474897
588,957;3,383694443;3,844038982
589,530;3,410937064;3,999971842
590,104;3,492439665;4,042730596
590,678;3,605874667;4,075405062
591,251;3,535236009;4,115305976
591,825;3,571343658;4,096184008
592,398;3,642299969;3,971640036
592,972;3,688609293;3,96975967
593,545;3,83592884;3,970675985
594,118;3,88676901;3,976071519
594,692;4,005820565;3,922173903
595,265;4,008034656;3,939166101
595,838;3,981919341;3,947849087
596,411;4,085526501;3,966296427
596,985;4,234925517;4,127981705
597,558;4,256338062;4,358145327
598,131;4,165739435;4,36533108
598,704;4,150076603;4,419553782
599,277;4,187241391;4,471717424
599,850;4,146941602;4,486737619
600,423;4,099761023;4,499347361
600,996;4,20077077;4,480535318
601,568;4,237145727;4,525031141
602,141;4,250135809;4,53446059
602,714;4,23271634;4,460350995
603,287;4,38267042;4,576895536
603,859;4,308234845;4,65716983
604,432;4,327372221;4,660887991
605,004;4,355379943;4,803418036
605,577;4,488553965;4,89168944
606,149;4,399689338;4,925140495
606,722;4,447877527;4,913284284
607,294;4,493048959;4,894430482
607,867;4,476940805;4,967193223
608,439;4,481585393;4,90122518
609,011;4,607902863;4,963500138
609,584;4,616279759;5,023840062
610,156;4,612735398;4,99846125
610,728;4,613759907;5,007937595
611,300;4,818593722;5,0322762
611,872;4,7038764;5,141460124
612,444;4,627599747;5,230650432
613,016;4,733326451;5,280234141
613,588;4,667426918;5,326007057
614,160;4,601678606;5,361623125
614,732;4,612816768;5,306643364
615,304;4,589100404;5,310207269
615,876;4,624619177;5,448344066
616,447;4,590703453;5,474134354
617,019;4,705331529;5,495323692
617,591;4,80447024;5,449844462
618,162;4,928390649;5,538870377
618,734;5,144502455;5,628583179
619,305;5,3408385;5,677753242
619,877;5,41524855;5,837664145
620,448;5,511328101;5,930564817
621,020;5,535799242;5,809030378
621,591;5,496248409;5,887393646
622,162;5,47200871;5,824538126
622,734;5,549742125;5,818077697
623,305;5,404617783;5,719346566
623,876;5,283495102;5,723554282
624,447;5,163086939;5,682372147
625,019;5,085028686;5,647525647
625,590;5,189962734;5,531033786
626,161;5,246031309;5,700110198
626,732;5,214317567;5,771753695
627,303;5,292138509;5,854085823
627,874;5,167819539;6,031739647
628,444;5,206905258;6,042657089
629,015;5,289244378;6,083432266
629,586;5,291932924;6,220312532
630,157;5,388803492;6,204411356
630,727;5,272206669;6,398584453
631,298;5,152153619;6,359038129
631,869;5,14338497;6,254575817
632,439;5,200498042;6,293224445
633,010;5,294762988;6,23323018
633,580;5,295446357;6,316188601
634,151;5,273425745;6,335224082
634,721;5,324019695;6,365705896
635,292;5,387843322;6,463482405
635,862;5,475187568;6,31340183
636,432;5,605292254;6,311219957
637,002;5,673538638;6,414716486
637,573;5,609480419;6,396340538
638,143;5,643721672;6,503065456
638,713;5,722144055;6,537335002
639,283;5,712854835;6,529907797
639,853;5,739600759;6,558130589
640,423;5,653761752;6,440882877
640,993;5,751419397;6,617718963
641,563;5,786606239;6,682452987
642,133;5,856991289;6,768292991
642,703;5,944448833;6,895091309
643,272;6,042112874;6,901965373
643,842;5,924117636;7,01835637
644,412;6,081283416;7,057092954
644,981;6,189547385;7,006933384
645,551;6,276513676;7,269990022
646,121;6,270982038;7,342640526
646,690;6,353618655;7,459531853
647,260;6,374531756;7,401325337
647,829;6,436579762;7,397197408
648,398;6,259367004;7,54101535
648,968;6,468789443;7,634374846
649,537;6,544814945;7,824026947
650,106;6,506652141;7,845151024
650,676;6,513034422;7,84533181
651,245;6,530686891;7,967236133
651,814;6,49338482;8,021832362
652,383;6,567034444;8,208809365
652,952;6,533463838;8,378470871
653,521;6,743501414;8,307924517
654,090;6,672007624;8,362914128
654,659;6,636708057;8,359583898
655,228;6,600942109;8,560042616
655,797;6,453164857;8,672650747
656,365;6,488374291;8,540451694
656,934;6,532902662;8,596652738
657,503;6,420172287;8,591946389
658,072;6,538989037;8,409001337
658,640;6,619580134;8,61391404
659,209;6,708691214;8,555425926
659,777;6,694320025;8,774201849
660,346;6,738288464;8,803602383
660,914;6,896534644;8,89994843
661,483;6,926368172;9,030510864
662,051;6,954574674;9,120893875
662,619;7,10421327;9,299013032
663,188;7,037359759;9,518671223
663,756;6,903293558;9,517814009
664,324;6,915558526;9,661540924
664,892;7,051683457;9,514840289
665,460;7,011784074;9,607915151
666,028;7,115567686;9,44400822
666,596;7,154796777;9,479597045
667,164;7,196049876;9,565484631
667,732;7,263374644;9,629999202
668,300;7,279375523;9,863720947
668,868;7,433330318;9,84341819
669,436;7,372038347;9,921397515
670,004;7,278516671;9,995272514
670,571;7,44872046;9,949653408
671,139;7,434980362;10,13977407
671,707;7,438774022;10,24644627
672,274;7,450770951;10,23544449
672,842;7,46614903;10,30471394
673,409;7,423233771;10,16439834
673,977;7,381461739;10,20030579
674,544;7,354978491;10,11636251
675,112;7,366279833;10,16039227
675,679;7,448339812;10,22648962
676,246;7,531812901;10,27736632
676,814;7,489652597;10,33037673
677,381;7,575733475;10,37096244
677,948;7,589938197;10,2376122
678,515;7,836167516;10,31232114
679,082;7,835488558;10,45100077
679,649;7,919528728;10,59640772
680,216;8,071966053;10,81213771
680,783;7,973139923;10,80198918
681,350;7,924369545;10,76598339
681,917;8,01394412;10,82110613
682,484;7,984414724;10,86447885
683,051;7,942590407;10,94220604
683,617;7,755418992;10,8414016
684,184;7,702929502;10,76862175
684,751;7,909064228;10,75495128
685,317;7,953186994;10,54546559
685,884;7,947938808;10,63559514
686,450;7,889036552;10,83437126
687,017;7,880313806;10,630344
687,583;7,794498243;10,69588506
688,150;7,809756182;10,72021072
688,716;7,908591163;10,67370826
689,282;7,830829909;10,74293885
689,849;7,718988501;10,73516159
690,415;7,575109974;10,81042947
690,981;7,720654838;10,88100665
691,547;7,993759593;10,83975949
692,113;7,963367682;10,83388855
692,679;8,002350686;10,65738847
693,245;7,950282283;10,46463021
693,811;7,7106548;10,6944633
694,377;7,774299058;10,72148778
694,943;7,631874669;10,71457308
695,509;7,679931706;10,55951837
696,074;7,574803636;10,46506862
696,640;7,33725419;10,25676593
697,206;7,303689316;10,47349102
697,771;7,306228235;10,61210992
698,337;7,291547796;10,55457811
698,903;7,448811311;10,41051162
699,468;7,495146585;10,16398092
700,034;7,662574439;10,06315616
700,599;7,579633587;10,07025082
701,164;7,585200241;9,979484872
701,730;7,555202036;10,11039554
702,295;7,524216166;10,04503503
702,860;7,367009624;9,806017034
703,426;7,322202637;9,707186699
703,991;7,361302139;9,629850704
704,556;7,379413447;9,69162172
705,121;7,259766207;9,689930372
705,686;7,289708648;9,621769709
706,251;7,222923943;9,503960874
706,816;7,26923901;9,21250244
707,381;7,151961442;9,041695451
707,946;7,055180054;8,799306596
708,510;7,158175721;8,940969384
709,075;7,200860472;8,866793188
709,640;7,033467786;8,535131982
710,205;7,002281443;8,330314018
710,769;6,83042734;8,2273888
711,334;7,096907541;8,272366143
711,898;6,997314708;8,168644041
712,463;7,227539713;8,025304549
713,027;7,279579847;8,135444069
713,592;7,205694354;8,023413972
714,156;7,219083267;7,921461304
714,720;7,460200855;8,070696536
715,285;7,573679271;8,06300003
715,849;7,827851831;8,003226525
716,413;7,448952634;7,7973634
716,977;7,350340163;7,817857443
717,541;7,026995961;7,842147797
718,105;7,098666943;7,904732394
718,669;7,021463001;7,950599366
719,233;6,935193083;7,903752859
719,797;6,65290438;8,148922916
720,361;6,63121017;8,169465087
720,925;6,66718748;8,324670543
721,489;6,752764039;8,109278149
722,053;6,552106763;8,321564264
722,616;6,641107461;8,060408556
723,180;6,780828627;7,914358402
723,744;6,71524183;7,604501833
724,307;6,890152949;7,525781111
724,871;6,988256958;7,287951385
725,434;6,899430282;7,190457831
725,998;6,666431321;7,183669131
726,561;6,489317756;7,381629458
727,124;6,71572232;7,049679361
727,688;6,405194918;7,259603396
728,251;6,177742557;7,180746473
728,814;6,394005628;7,650170884
729,377;6,314230497;7,915269444
729,940;6,38862893;7,827937707
730,503;6,362895628;7,679038787
731,067;6,394912788;7,948967577
731,630;6,450862653;8,012876631
732,192;6,637490492;8,229206088
732,755;7,15927338;7,971708691
733,318;6,996359512;8,02755432
733,881;6,771884269;7,467185446
734,444;6,3569244;7,316943886
735,007;6,099054352;7,261244989
735,569;5,883869406;7,399556052
736,132;5,785428494;6,722141999
736,694;5,715118099;6,621726225
737,257;5,81088043;6,737250694
737,819;5,476543911;7,083769454
738,382;5,632616879;7,038589537
738,944;5,819922897;7,697725869
739,507;6,210603794;7,72798619
740,069;6,467068674;7,834623119
740,631;6,837090155;8,043304446
741,193;6,97871999;8,317953649
741,756;6,917903424;8,559650216
742,318;6,834419322;8,434537273
742,880;6,84469168;8,423583955
743,442;7,259911494;8,862317173
744,004;7,089334075;8,713340315
744,566;7,004541341;8,921829592
745,128;7,133110836;9,012543349
745,690;7,296977522;8,998422556
746,252;7,392052123;9,665926653
746,813;7,941835522;9,604396106
747,375;7,981556006;9,680672761
747,937;8,110852181;9,66715839
748,498;8,295108014;9,617394208
749,060;8,378540754;9,668249561
749,622;8,532675058;9,829802477
750,183;8,393971457;9,84591437
750,745;7,874263421;9,868589118
751,306;7,971540622;9,585090216
751,867;7,766342513;9,815140404
752,429;7,360674183;9,944873945
752,990;7,726121423;10,52408787
753,551;7,341558614;10,11984408
754,112;7,640010641;10,18593676
754,674;7,35871344;9,634269363
755,235;7,656629453;9,709495852
755,796;7,983550254;9,56324417
756,357;7,843312902;9,903826373
756,918;8,008090768;10,03520988
757,479;8,300892768;10,21794732
758,039;7,796933772;9,686600271
758,600;8,12882531;10,24368898
759,161;7,432628436;10,83998984
759,722;7,42150783;11,34597668
760,283;7,523726617;11,77068629
760,843;6,987417877;13,06840887
761,404;6,812218729;12,17459163
761,964;6,628400159;11,61730526
762,525;6,341231224;12,55175432
763,085;6,498455198;12,91566101
763,646;6,035832533;12,93790872
764,206;6,893068976;12,6241958
764,766;6,966569788;12,91569971
765,327;6,362115807;12,94686491
765,887;6,903150684;13,28336647
766,447;6,726974112;13,79812243
767,007;6,940870469;14,36840629
767,567;7,750596906;14,5638297
768,127;8,017258027;14,85920549
768,687;8,349396775;15,0072884
769,247;8,6943006;15,19113452
769,807;8,814870439;15,56863934
770,367;8,982302308;16,54015462
770,927;9,047435115;16,03392953
771,487;9,682005496;16,12858699
772,047;9,535845231;16,45292459
772,606;9,314484452;15,96139307
773,166;9,628829128;16,24236489
773,726;9,378699177;16,29682374
774,285;9,404278962;16,54235678
774,845;9,57890192;17,18221285
775,404;10,04743034;17,5511429
775,963;10,38470039;18,05748003
776,523;10,36033754;18,28944217
777,082;10,19654457;18,22748791
777,641;10,34388212;18,60654951
778,201;10,39084086;18,75314387
778,760;11,0324763;19,70815012
779,319;10,87941986;20,05830038
779,878;11,01511637;20,16591595
780,437;10,55612017;19,88773353
780,996;10,50809678;20,05858464
781,555;10,29266219;20,69836974
782,114;10,77054995;20,93278202
782,673;11,03164359;20,99597248
783,232;10,95221663;21,40374501
783,790;10,77193911;20,73619876
784,349;10,95413481;20,71071735
784,908;10,54572237;20,77680435
785,466;11,15470069;20,75463114
786,025;11,09948745;20,91030877
786,584;11,95287317;21,41222313
787,142;12,14107914;21,63771276
787,701;12,24909676;21,79676543
788,259;12,39588128;21,76203686
788,817;13,05847678;21,94585352
789,376;12,92448218;22,22407401
789,934;13,24574058;21,47031424
790,492;12,80341826;21,73185115
791,050;13,16006777;21,96168055
791,608;12,82624769;21,60125505
792,167;12,50174486;21,58899959
792,725;12,46106654;22,09695415
793,283;12,84961792;22,051316
793,841;12,28928645;22,35006539
794,398;12,93286417;22,36386312
794,956;12,87230815;23,58622337
795,514;12,68915589;23,23393155
796,072;12,25239026;23,88654277
796,630;12,07483954;23,83200374
797,187;12,76126572;23,93580997
797,745;12,83723039;24,12955756
798,302;12,08468132;24,48409259
798,860;12,22755067;25,49413202
799,417;11,18404335;25,99261548
799,975;11,90829369;25,41828726
800,532;12,47214794;25,03481723
801,090;12,89756165;24,96597998
801,647;12,67603464;24,65035051
802,204;12,03232199;24,94418281
802,761;12,04170073;25,22284014
803,318;13,5909849;25,51377639
803,876;13,52023088;25,42049942
804,433;13,78034158;24,98491307
804,990;13,5498815;25,88486291
805,547;14,16882266;27,19251667
806,104;14,2164424;27,38217103
806,660;14,57442839;28,01093627
807,217;14,87949314;28,06640206
807,774;15,30518567;27,78531473
808,331;14,41220797;27,7271151
808,887;14,29524096;27,459081
809,444;14,62674083;27,4361026
810,001;15,07454998;27,32391074
810,557;14,7350471;27,54514507
811,114;15,38528991;27,06577243
811,670;15,31372178;26,75907548
812,227;15,27984959;27,59993666
812,783;15,19494233;27,33111853
813,339;15,92309664;27,43185916
813,895;16,11628336;27,16423283
814,452;16,36190912;27,80028761
815,008;15,76093659;27,80583091
815,564;16,17412601;27,33630144
816,120;15,30228941;28,31310026
816,676;15,58620481;28,04947094
817,232;14,80384105;26,96985395
817,788;14,31841252;27,28293398
818,344;14,12279035;27,67567332
818,900;14,5205485;27,58317226
819,456;13,08852403;27,6652034
820,011;13,42298967;27,99284107
820,567;13,31362595;28,78946478
821,123;13,49943598;27,97396921
821,678;13,05330866;28,82515377
822,234;14,57572734;30,14300882
822,789;14,55047442;30,41362185
823,345;13,71171938;29,4683792
823,900;13,05262145;29,74105229
824,456;13,87079817;29,48584606
825,011;13,6541684;29,55468419
825,566;14,38008426;28,96616042
826,121;13,97284882;29,37825034
826,677;15,12815618;29,19339503
827,232;13,47790567;28,71790522
827,787;14,57015717;28,1840252
828,342;14,13458077;28,63997926
828,897;14,86797558;29,2337915
829,452;15,62979193;30,83507782
830,007;16,22573856;30,87265505
830,562;14,28439541;30,65172181
831,116;14,20517622;31,59686631
831,671;12,91728169;31,87025677
832,226;14,17342611;31,99012534
832,781;13,54605638;32,80553551
833,335;14,31751412;32,88509257
833,890;13,92031088;32,9596424
834,444;13,22997885;32,0533759
834,999;12,91589958;31,75094014
835,553;13,74244202;32,99477122
836,107;14,47886584;31,75917655
836,662;16,63386074;31,16181533
837,216;16,24854895;30,59227279
837,770;16,04932676;29,64668489
838,325;15,30489046;29,81850497
838,879;14,96623537;29,68956707
839,433;15,32718359;29,56396475
839,987;15,83840308;29,84322014
840,541;15,81353518;29,61807027
841,095;15,06279261;30,91804097
841,649;13,69792989;31,62659221
842,203;14,16488591;31,70333606
842,756;14,12066209;32,03335338
843,310;13,57230426;32,40853977
843,864;13,34645926;34,09529613
844,417;13,58124945;34,29695605
844,971;12,65749756;34,17193235
845,525;11,92980714;32,96264746
846,078;11,92832747;31,68837189
846,632;11,07055136;31,26904023
847,185;10,6713856;31,83229866
847,738;9,915304967;31,34529315
848,292;10,1676165;29,95329026
848,845;11,22901559;28,37862615
849,398;10,03916602;27,11555537
849,951;11,43263786;26,74185298
850,505;12,71284678;28,07565262
851,058;12,44261322;28,1590047
851,611;12,32468074;28,55250058
852,164;11,9733564;28,54296386
852,717;12,05301726;30,18474168
853,270;12,90879826;31,68626124
853,822;13,07983295;31,41076768
854,375;14,16999605;31,80169356
854,928;12,10304902;31,85007957
855,481;11,85760682;30,21115357
856,033;13,94823374;29,87118301
856,586;13,47912464;30,43200978
857,139;12,47480909;30,9211993
857,691;13,35006146;29,02571267
858,244;11,75962959;27,46307839
858,796;10,0189359;26,90426674
859,348;9,381374456;28,16671682
859,901;9,365313266;28,7885443
860,453;8,372564502;30,21698251
861,005;6,817472162;31,16206616
861,557;8,173118322;31,4268263
862,109;8,815763155;30,44242097
862,662;7,53067995;32,70857916
863,214;9,073309385;33,97202488
863,766;10,08721367;33,53033166
864,318;11,71661219;32,89206879
864,869;11,61815856;31,97569109
865,421;10,93183984;32,19366137
865,973;10,62136275;31,78213444
866,525;10,27090065;30,06011467
867,076;10,66561465;30,83950972
867,628;12,35053439;30,28908995
868,180;12,73249864;30,10903711
868,731;13,09027363;30,17331506
869,283;11,20794788;30,30005068
869,834;12,27665036;31,307221
870,386;13,15537776;30,50212974
870,937;13,68447255;31,10004133
871,488;12,53815826;31,02351313
872,040;13,82126798;31,32105439
872,591;12,1390839;32,14099312
873,142;10,93668641;32,17402304
873,693;9,701615635;33,32362508
874,244;9,549031945;34,28459019
874,795;9,009156325;34,1161465
875,346;10,12951398;34,39462402
875,897;9,407167969;34,76216591
876,448;11,31236545;35,29432243
876,999;8,906958102;34,37248046
877,550;10,88524198;33,03465255
878,100;9,896240825;33,16157673
878,651;10,54139218;32,59857781
879,202;12,24109132;31,69350412
879,752;11,92986129;30,8012438
880,303;9,607455984;30,38103902
880,853;10,85562743;28,55899717
881,404;9,085061343;28,97664321
881,954;11,16161671;28,35251896
882,504;8,314040634;29,62775706
883,055;10,68977007;28,09467267
883,605;9,634503808;28,74868851
884,155;8,484072925;29,0030166
884,705;9,45142804;29,39986983
885,255;10,84497546;29,08310779
885,805;9,318777128;30,42663619
886,355;10,80427497;31,6995695
886,905;10,26178783;32,54025082
887,455;11,52995687;30,62629426
888,005;11,0374766;33,65259445
888,555;11,9368489;33,83155249
889,105;10,97183474;32,82878033
889,654;11,15480108;33,84794356
890,204;10,31255506;35,62224133
890,754;11,33425955;34,35712097
891,303;11,99060798;32,344849
891,853;13,07975045;32,43487014
892,402;12,14742026;32,99378941
892,952;11,43738591;31,18766771
893,501;11,7755178;30,88990346
894,050;13,52032738;32,65412583
894,599;12,80365145;30,86293458
895,149;13,97985022;27,85997159
895,698;12,63494492;28,73201144
896,247;11,65671114;30,82762582
896,796;8,983808781;31,53463287
897,345;10,57036174;31,31077115
897,894;11,71985414;30,48148045
898,443;11,16866134;29,27160573
898,992;13,6876489;27,6798428
899,541;15,67731758;28,2037302
900,089;15,84570754;30,67303195
900,638;16,2511129;30,27055913
901,187;14,99725109;29,87357724
901,735;16,85468038;28,64173104
902,284;16,22814589;29,28341278
902,833;15,82999625;30,34719454
903,381;15,18392322;32,45398407
903,929;13,18557659;32,08126564
904,478;11,14271655;32,13657575
905,026;11,52403117;30,8178544
905,574;12,24984086;31,52268546
906,123;12,19693846;32,22319686
906,671;10,69996482;32,35198847
907,219;12,18902734;32,41162538
907,767;13,77617671;33,53523986
908,315;14,36817228;31,82354036
908,863;12,42104234;32,58755117
909,411;16,06561172;33,14630399
909,959;13,91769027;34,12574727
910,507;12,81172555;33,70071206
911,055;13,92937882;32,15086113
911,602;12,67682873;30,69983945
912,150;12,08038893;30,58425979
912,698;11,5927163;30,20227512
913,245;10,31920514;33,33492715
913,793;11,05330704;30,3430427
914,340;9,780954311;30,76018694
914,888;14,26907289;30,12184731
915,435;14,44218453;32,29883395
915,982;15,16290908;31,96836653
916,530;17,78535033;33,57334443
917,077;15,89798194;34,15162527
917,624;15,17922674;32,12365672
918,171;17,83377976;30,55425288
918,718;17,87042399;34,94423751
919,265;15,94326629;34,52010069
919,812;14,67910189;37,04195448
920,359;15,92957619;35,55792334
920,906;16,50409431;37,2104574
921,453;16,6862265;35,72421542
922,000;16,75895873;35,39614206
922,547;17,68797285;34,57522864
923,093;17,91582156;33,95205721
923,640;20,30978872;31,75649654
924,187;19,47152089;31,62903886
924,733;20,45316169;30,8871597
925,280;20,70666768;30,93479498
925,826;20,25137539;28,67385404
926,372;20,16138693;30,5294198
926,919;23,74426364;30,55570058
927,465;22,8328896;34,67402753
928,011;27,03741536;35,80558496
928,557;25,76959171;37,31764827
929,104;28,50641613;38,48803628
929,650;26,54700241;39,49721042
930,196;30,36550554;39,26460705
930,742;29,53147282;40,675592
931,288;32,04490049;38,718245
931,834;28,61849489;39,99817487
932,379;32,42778278;37,76301018
932,925;25,79456907;41,53137163
933,471;25,17772494;38,70260754
934,017;21,9576739;34,14205454
934,562;23,59311045;32,78211248
935,108;20,3762767;36,25249829
935,653;23,60238147;40,42131318
936,199;22,48709666;47,14480319
936,744;25,07254698;46,52323587
937,290;17,90467966;41,87864727
937,835;19,93882057;31,59334231
938,380;15,89736627;35,02895477
938,926;15,99086195;35,55234376
939,471;15,74276333;35,80760984
940,016;12,73794215;34,13756984
940,561;8,355417166;29,81651269
941,106;5,433830015;33,68384022
941,651;3,155378555;29,68984422
942,196;5,95984315;31,80135467
942,741;3,912828099;40,09388121
943,286;13,36826034;43,30051657
943,831;13,78344793;49,00191783
944,375;17,51123414;44,97148294
944,920;14,88216423;49,10198084
945,465;15,06892839;51,53900932
946,009;11,75832875;44,18802353
946,554;16,7246839;42,02401008
947,098;11,20513556;47,54959931
947,643;10,75108302;46,2258204
948,187;2,124543956;42,0015996
948,731;9,849219614;41,92460288
949,276;9,964504434;44,31093776
949,820;11,54110085;42,80151525
950,364;16,60512315;43,5241682
950,908;21,73336527;42,94273365
951,452;20,89863133;45,62420182
951,996;23,3459977;42,39963405
952,540;19,80482876;40,95756824
953,084;23,47105557;41,74336818
953,628;16,70932976;42,0935676
954,172;12,62943073;42,20846077
954,716;14,15463524;43,49450309
955,259;14,09190382;38,48700355
955,803;12,83735458;38,27311876
956,347;13,33615915;36,25024379
956,890;19,60054624;37,16367499
957,434;25,29841584;37,27637639
957,977;29,18237474;39,05314009
958,521;35,2078255;39,29656265
959,064;30,90948988;38,45430293
959,607;30,34889736;35,14035921
960,151;28,01185819;39,11624495
960,694;30,19674905;39,42382784
961,237;26,91023051;41,07876847
961,780;24,18836278;41,94970047
962,323;20,02379164;41,46697485
962,866;19,95140965;39,11426593
963,409;14,1877819;36,29052605
963,952;21,73171422;36,6185919
964,495;23,57248655;35,46414822
965,038;22,65235967;34,68375625
965,581;19,03592471;35,17423509
966,123;21,52243284;35,26877004
966,666;20,54670857;35,0430532
967,209;22,36157457;35,19608432
967,751;19,71689387;35,86830735
968,294;22,77863078;38,3282221
968,836;18,35983201;37,68613293
969,379;20,05401828;37,69587847
969,921;21,69440364;37,65130523
970,463;23,91341909;38,84612523
971,005;20,98529437;43,8595132
971,548;23,84236806;43,5449598
972,090;22,61749659;43,15984332
972,632;26,40032909;42,57284096
973,174;25,36180569;45,33891693
973,716;30,17839712;45,47366655
974,258;26,38658175;48,15621703
974,800;25,40641843;47,79710668
975,342;25,61834366;46,22837923
975,883;28,86386872;42,13960083
976,425;25,72361252;45,12791588
976,967;26,86696809;45,55874141
977,508;22,07199601;45,97408893
978,050;23,36431949;43,74242888
978,592;19,96624369;43,40382005
979,133;21,33333635;41,34509741
979,674;18,60540902;42,17757938
980,216;19,98702013;42,79623237
980,757;15,46762547;41,59979934
981,299;16,47668425;36,82733046
981,840;16,11976394;36,84765062
982,381;15,73050842;36,92319895
982,922;14,09177219;36,08748726
983,463;14,82222638;38,05825055
984,004;13,1566593;42,56964662
984,545;16,52414514;42,60390354
985,086;11,11110863;41,66449462
985,627;13,76347365;40,00174774
986,168;14,42765561;40,37546425
986,708;14,21641995;41,07034504
987,249;13,3784934;40,05304875
987,790;12,16345574;40,70464206
988,330;10,11216353;40,88407792
988,871;11,40090011;40,08359928
989,411;9,983124745;41,92212586
989,952;10,81445215;42,43385134
990,492;9,921450262;48,39812288
991,033;7,250781351;52,069881
991,573;8,042249483;52,84268729
992,113;11,39096092;53,23972263
992,653;11,92603085;53,97130566
993,194;14,7211971;52,19612706
993,734;14,29750124;48,54689053
994,274;14,15919867;48,58682335
994,814;18,90443776;52,05449773
995,354;21,83920534;46,82639666
995,893;20,334358;45,78112165
996,433;16,96490224;49,11447993
996,973;8,99531462;50,17973923
997,513;5,701077703;47,40117998
998,052;1,515149983;45,80177829
998,592;0,904648423;49,31412035
999,132;0,319657832;45,70656797
999,671;-1,764585851;39,01418232
1000,211;-2,910768962;41,75018742
1000,750;0,062008146;40,13968295
1001,289;1,563631377;32,0686666
1001,829;6,915003455;33,09493347
1002,368;8,791208389;33,85996976
1002,907;8,292248289;36,58477816
1003,446;5,902665206;37,66951532
1003,986;1,089978186;41,80682872
1004,525;-1,67143755;49,55109891
1005,064;-10,81284458;44,62209501
1005,602;-9,598500488;42,530549
1006,141;-15,96889376;45,25490502
1006,680;-18,75420666;47,9828776
1007,219;-15,57442318;42,51062764
1007,758;-12,57016248;41,22864582
1008,296;-9,6220912;34,89666626
1008,835;-7,03236783;35,83420357
1009,374;-5,460174971;27,01863446
1009,912;2,561004465;29,94791809
1010,451;-2,014303795;30,34248655
1010,989;3,439672938;31,43181472
1011,527;0,758485166;25,04976104
1012,066;-4,154930429;24,124822
1012,604;-6,386024561;31,2593706
1013,142;-7,579360324;35,94932401
1013,680;-5,924236656;28,07232168
1014,219;-9,401103746;30,89660915
1014,757;-1,703601325;35,88804076
1015,295;0,345445688;38,22202095
1015,833;-4,509283451;40,44781055
1016,370;-5,817634035;41,86488709
1016,908;-2,103511816;50,00000135
1017,446;3,837765997;46,67559961
1017,984;4,636066993;39,61319542
1018,522;2,13199438;42,08041991
1019,059;3,664221312;39,31589454
1019,597;-12,23996921;38,77058114
1020,134;-8,035222734;38,72579509
1020,672;-6,082589047;39,94163513
1021,209;-1,424965867;34,05329008
1021,747;-4,573988822;34,5348542
1022,284;-8,563433507;25,2202372
1022,821;-6,100746881;35,61287693
1023,358;-0,942370498;33,28352354
1023,896;5,206269194;35,58796539
1024,433;12,39495771;30,03820381
1024,970;5,605626038;28,19585756
1025,507;5,133550218;20,95206171
1026,044;0,041749076;21,93903416
1026,581;1,974691598;20,15997574
1027,118;-6,687460821;24,2847418
1027,654;-5,770852158;16,56596326
1028,191;-3,720662644;24,03231602
1028,728;-13,18944652;26,47565283
1029,264;-15,76411406;26,9442012
1029,801;-15,03963012;19,96723749
1030,338;-12,87232144;15,08578245
1030,874;-12,72994841;15,18934596
1031,410;-15,79594558;17,8229116
1031,947;-13,66248165;17,61467877
1032,483;-21,47665995;27,31524919
1033,019;-23,47417568;20,97561063
1033,556;-24,86656888;15,52296681
1034,092;-13,68395572;4,260206243
1034,628;-5,08634868;22,67106605
1035,164;-2,82217907;29,68834235
1035,700;6,496621242;31,10047776
1036,236;9,067246835;24,02631578
1036,772;4,346915322;27,3541143
1037,308;2,287222753;17,90838768
1037,844;-6,861617561;11,59283861
1038,379;-10,65030642;7,789163839
1038,915;-30,32700495;15,25477555
1039,451;-39,56422075;1,538850818
1039,986;-39,71357467;-0,149181512
1040,522;-32,23718152;2,659330537
1041,057;-50,4559296;7,134391778
1041,593;-34,11695856;4,12552322
1042,128;-40,40374881;2,310925153
1042,663;-30,91206803;11,85787687
1043,198;-25,93865797;18,558219
1043,734;-7,970419515;20,36588051
1044,269;-1,119605349;34,82419843
1044,804;-0,030402176;41,53354649
1045,339;-23,28258624;36,50113423
1045,874;-0,039588809;34,63738516
1046,409;-26,10324409;47,1337592
1046,944;-3,894522899;48,880514
1047,479;-6,390975284;48,36309574
1048,013;-7,320097045;48,54484738
1048,548;-38,60261793;52,84408418
1049,083;-46,332369;44,06859588
1049,618;-42,43407542;56,36627065
1050,152;-45,59648002;58,37734369
1050,687;-46,73097621;62,46843477
1051,221;-32,16583151;47,04483831
1051,755;-29,06902951;62,84968523
1052,290;-15,56617813;57,9719223
1052,824;-20,16056846;52,92507262
1053,358;-9,69004956;48,17034228
1053,893;-6,373400014;39,0847731
1054,427;-6,983442277;9,836065739
1054,961;-9,251599617;12,21374055
1055,495;-24,55292539;12,15538893
1056,029;-49,6625377;5,813953895
1056,563;-94,73683484;-2,132434966
1057,097;-102,0978818;-16,26712333
1057,630;-69,13970147;-17,93103516
1058,164;-53,73925022;-15,3026134
1058,698;-68,17832702;4,626445623
1059,232;-66,21188112;14,0454162
1059,765;-37,84261127;23,80208164
1060,299;2,185163501;22,88488311
1060,832;14,88033386;35,22092559
1061,366;24,91048804;38,16545897
1061,899;26,63860869;35,01762623
1062,432;23,80952143;37,36759028
1062,966;29,76744355;31,67077131
1063,499;40,0463001;30,84510271
1064,032;46,61148163;33,64969668
1064,565;37,94135067;24,4078798
1065,098;34,00646406;29,83091872
1065,631;22,02969883;30,41413907
1066,164;37,95620364;13,61474522
1066,697;40,97744892;32,68830001
1067,230;49,73166395;24,15847634
1067,763;34,45626792;26,54778039
1068,296;42,36452546;26,47058886
1068,828;22,75449138;30,70055069
1069,361;35,40787629;47,99881287
1069,894;21,8636801;51,52498357
1070,426;33,78787834;56,98740033
1070,959;29,63323602;63,45594017
1071,491;18,94102443;51,79501157
1072,023;14,29263516;81,17848852
1072,556;1,418039313;77,63366744
1073,088;-19,85854164;85,42315496
1073,620;-8,379327904;63,09845199
1074,152;-58,40130845;59,66521682
1074,684;-6,608279815;52,87072159
1075,217;-33,62690258;51,74549539
1075,749;-22,95539102;55,14734735
1076,280;2,135773142;57,15639817
1076,812;-25,90866743;44,20458245
1077,344;-21,71353625;48,74039706
1077,876;-5,722892282;42,62295076
1078,408;-28,63961942;50,02961371
1078,939;1,188588382;41,26807248
1079,471;-15,26785882;41,74334109
1080,002;20,08686326;31,11798051
1080,534;8,940854566;30,7141026
1081,065;10,05025285;24,57329341
1081,597;-9,115774883;18,72770398
1082,128;55,0104381;6,94329182
1082,660;33,64894815;4,830918
1083,191;-16,74087111;6,964006568
1083,722;-23,10344692;19,70155738
1084,253;-44,88935687;23,44827542
1084,784;-41,14114269;43,09162339
1085,315;-12,02003545;42,47605958
1085,846;-6,544686064;52,80000215
1086,377;1,545064749;52,69460991
1086,908;-70,0203294;61,64015944
1087,439;-104,9586754;69,98327773
1087,969;-15,3090699;74,96136245
1088,500;-38,10330356;76,00310421
1089,031;-26,20060931;65,90376989
1089,561;-72,23926239;51,35135005
1090,092;-98,68535378;54,97710437
1090,622;-155,1391859;49,53382835
1091,153;-137,5791035;56,78114031
1091,683;-152,4891829;61,27026866
1092,213;-140,167868;59,31514833
1092,744;-206,127427;50,58735459
1093,274;-77,5906734;65,37921434
1093,804;-38,81163283;71,03802931
1094,334;-16,66666667;77,46732521
1094,864;-7,749380828;75,25751552
1095,394;-0,384023112;68,96323862
1095,924;33,77031952;63,28267763
1096,454;23,3478264;68,52088516
1096,984;24,7976147;66,08211016
1097,514;11,14790271;79,8724296
1098,043;8,499803578;66,12034793
1098,573;4,073410211;66,67647044
1099,103;13,19899206;61,85210825
1099,632;9,409702339;60,38379678
1100,161;16,46746446;81,58933636
