Filename-->;PET_OSCUSRO_1.RFL8;PET_OSCUSRO_2.RFL8;PET_OSCUSRO_3.RFL8
Mode/Unit-->;;;
Int.time[ms]-->;1,049999952;1,049999952;1,049999952
NrOfAverages-->;20;20;20
Smoothing-->;4;4;4
Wavelength [nm];;;
172,206;4,419502992;-8,241041911;7,880512507
172,805;10,61269056;5,177112371;3,663466635
173,404;9,613825517;11,47785366;0,257897579
174,003;2,17341574;12,91267792;-2,103891257
174,602;4,870129045;4,114664379;-0,982493843
175,201;9,94130571;7,4162686;1,841620796
175,800;9,009559491;1,00861427;-2,583555634
176,398;11,45245476;14,35886966;-9,071038242
176,997;13,42206164;13,29806678;-5,723563661
177,596;14,40052176;2,185469326;-11,67968804
178,195;16,83697211;-11,63371476;-2,507666773
178,793;16,85823777;-26,11123999;-2,147016195
179,392;28,20025551;-28,17171996;0,55432318
179,991;28,05996786;-19,38432798;-0,436757532
180,589;11,75869203;-19,25557386;-5,317630692
181,188;10,1323579;-15,22823879;2,976190265
181,786;14,66015223;-19,94804146;1,767974328
182,385;14,31879462;-31,66739316;2,054574689
182,983;5,999098758;-15,74580487;4,404723715
183,581;-6,146468836;-5,329543396;-3,271812184
184,180;-14,48525731;-1,869975852;0,733944903
184,778;-25,8160987;2,257132594;-2,306744144
185,377;-22,55468971;7,994264221;0,100166853
185,975;-12,75383713;9,08610649;-1,383966281
186,573;2,463524447;-3,021977995;4,698190828
187,171;8,263423534;-9,445099703;10,95052761
187,770;4,515640271;-7,226561956;9,824722891
188,368;14,12678338;-10,18639666;9,332054975
188,966;22,92823956;-17,45981302;13,47680039
189,564;24,11953115;-23,4249318;10,14469239
190,162;25,28055391;-22,58546375;11,0386789
190,760;18,85974008;-23,51485112;13,532951
191,358;20,22713889;-16,77313679;16,16246444
191,956;2,95171793;-6,088650823;9,043805927
192,554;-5,558525912;-2,976864766;10,09291895
193,152;-4,786324663;-1,121876595;2,785946594
193,750;-2,548077926;-0,347682144;6,189319906
194,348;-3,383630694;-0,122228176;3,474135537
194,946;-2,947271262;-0,421325629;5,365213618
195,543;-2,189297471;-2,367061349;8,577951781
196,141;3,202846853;-11,85147548;6,206777089
196,739;3,125000145;-19,17963645;10,17199921
197,337;13,96877509;-25,06702217;6,892590526
197,934;7,646474852;-34,23558153;-4,405377473
198,532;3,336704104;-37,06164763;-9,602036088
199,130;-7,259317378;-31,00361693;-17,26446601
199,727;-2,737915595;-34,4341311;-11,59715182
200,325;0,841662193;-28,40437763;-4,849412897
200,922;8,556547876;-33,72423123;-4,411417529
201,520;3,279580054;-19,89153252;-8,768612635
202,117;-0,89129958;-22,34162921;-5,629852979
202,715;7,030827278;-24,04837478;-1,02653539
203,312;18,23037166;-23,16513715;-3,428110222
203,909;25,24137846;-17,09150922;7,641073054
204,507;31,85823529;-29,51028161;11,5213606
205,104;29,62555093;-27,44352972;11,57568712
205,701;32,44109567;-31,69554615;6,409495452
206,298;26,43051709;-36,71434554;6,826903624
206,896;34,17830802;-57,40880441;11,21923259
207,493;33,00368796;-63,96121994;3,373344245
208,090;24,68069176;-64,76906704;9,098428634
208,687;18,86295262;-58,94039731;12,5516111
209,284;18,67302444;-67,14705512;19,35110143
209,881;23,73534068;-65,85103702;17,24137946
210,478;25,81187068;-60,35254307;11,06253558
211,075;23,45326518;-52,16377296;14,88638421
211,672;30,20984842;-46,79158123;13,26893722
212,269;27,12900642;-27,49821164;16,4093666
212,866;33,13037971;-4,942505602;21,82353892
213,463;38,10900143;-2,056451642;17,37711267
214,060;37,21836945;6,615384989;26,66013837
214,657;32,23747856;4,616588655;24,79162527
215,253;32,45382678;2,327712632;20,50751945
215,850;33,62350462;-3,775766015;23,63564939
216,447;33,69767129;-7,606712793;19,42218426
217,044;27,08860657;-5,605920388;13,8465145
217,640;25,87673713;-14,88418929;3,925819547
218,237;25,96132131;-25,54403143;-4,701176014
218,833;26,01207571;-24,56670767;-9,080018834
219,430;28,2634262;-30,43948768;-6,802157295
220,026;26,91501758;-26,88123221;-15,25965885
220,623;23,96774733;-23,28217192;-8,033664717
221,219;20,76631947;-15,73880364;-4,342637494
221,816;14,65050784;-25,01139957;-2,534509027
222,412;21,39982024;-26,62642685;4,807285568
223,009;22,97985812;-24,21334525;4,141237205
223,605;19,73801021;-24,72579843;10,84650857
224,201;19,44032203;-35,14721498;19,29094891
224,798;19,52662794;-41,31752367;16,21563141
225,394;18,1612509;-31,42333723;19,0688253
225,990;18,93419441;-27,09710436;23,80865761
226,586;14,5350066;-23,60890318;22,72640668
227,182;24,23367322;-19,21451781;26,16987735
227,778;18,47133676;-24,64605627;24,34068205
228,374;16,43639963;-34,90513577;25,347827
228,971;14,83219802;-39,74706271;25,62137145
229,567;16,53961749;-27,06905923;14,96774184
230,163;15,37106444;-23,31255218;20,06661062
230,758;23,15837955;-22,14360482;17,02069584
231,354;22,01816449;-23,60331602;8,462664556
231,950;24,29022119;-25,76912917;5,853806569
232,546;20,09898881;-24,21962247;-20,87508227
233,142;14,03186309;-18,47085534;-20,63694075
233,738;12,69332281;-9,443463944;-15,44050617
234,334;17,84305142;-9,912927361;-10,7089461
234,929;16,16341042;-13,18544156;1,168968787
235,525;9,729461102;-20,27155785;-6,506754487
236,121;4,119095556;-22,30342996;-11,3816702
236,716;7,227746628;-23,80743989;-14,18439615
237,312;-4,693715354;-28,25924992;-20,80462968
237,907;-4,752326091;-37,84255137;2,807107869
238,503;1,77322661;-31,02189757;10,57670416
239,099;1,345519664;-36,26403172;7,379628479
239,694;-0,32342832;-35,82131789;1,483050449
240,289;0,897819201;-27,21222517;-5,290410903
240,885;-7,262683827;-10,96540701;-0,431389121
241,480;-3,729123455;-13,31389742;13,2241557
242,076;-6,987474727;-5,32364037;12,32371448
242,671;-1,024984812;-9,838187032;13,99354085
243,266;-4,526908329;7,934632267;7,169514901
243,861;-9,179475737;2,553885069;5,086603983
244,457;-16,45232864;10,91375205;11,10467367
245,052;-29,14269884;3,84158462;9,261477377
245,647;-44,45994784;-3,249567281;17,60563352
246,242;-24,3558444;-13,84883107;22,89358174
246,837;-29,66775912;-15,14121179;9,524768808
247,432;-24,94154415;-22,17145797;16,40878701
248,027;-20,56994896;-15,74001706;21,18918943
248,622;-19,90036127;-32,4657907;27,1122335
249,217;-11,36199781;-44,04473926;24,21346178
249,812;-2,579413066;-61,74731214;16,31530713
250,407;-1,351922431;-52,65776564;18,52667734
251,002;6,900168082;-55,04300449;20,04779534
251,597;8,4060915;-44,42289421;13,48571429
252,192;15,29661014;-45,64150423;16,71748108
252,786;8,724832429;-48,62453553;5,485773415
253,381;9,150189556;-42,41290703;-4,478474885
253,976;13,08270733;-43,09973909;-1,483110001
254,571;18,00677025;-38,20090945;-9,279647761
255,165;10,05148905;-23,00293801;-5,718350471
255,760;15,62132987;-20,06480538;-6,624101284
256,354;19,73327376;-14,02109527;-1,7429747
256,949;18,29077597;-19,91391613;-0,565931244
257,543;10,11500945;-6,946780212;-2,341857472
258,138;15,1662846;-10,25165603;-4,783307129
258,732;10,82635852;-21,15891149;8,213783513
259,327;23,73648453;-23,05740894;0,226435835
259,921;14,91115051;-16,56751801;8,013843969
260,515;24,95044703;-25,66470621;17,04577512
261,110;24,90591117;-25,26603005;16,88977635
261,704;9,75323143;-18,32797304;19,61860052
262,298;5,00208423;-20,37249822;17,16635581
262,893;7,829320565;-31,21631002;17,19456993
263,487;0,742804444;-31,25596926;20,59373513
264,081;0,231080487;-18,79118364;24,50347542
264,675;-7,954978612;-12,32410343;24,24526159
265,269;-11,0084369;-2,830188792;26,61977806
265,863;-13,48855881;5,593764182;18,94216319
266,457;-23,2913074;-1,795416657;22,60016842
267,051;-17,41368183;-0,337534408;12,97361638
267,645;-26,31209013;-2,318162427;10,04428336
268,239;-25,51690597;8,613636538;4,889055809
268,833;-34,95200351;14,14992417;6,809964084
269,427;-30,33369814;12,20435078;5,488429154
270,021;-28,49446911;7,981529417;8,103759816
270,614;-17,39246045;-6,430796525;0,73800734
271,208;-24,33352141;-11,9709285;7,877913582
271,802;-10,73585886;5,620941852;2,360737455
272,396;-14,14590779;9,485096039;4,907539662
272,989;5,257860542;18,35791064;3,041452197
273,583;9,562044407;4,623356104;8,640985151
274,177;14,76101191;-1,856593224;-10,20578445
274,770;18,07423223;-13,22210774;-15,650827
275,364;13,4010657;-16,66666698;-15,65262626
275,957;9,340353561;-9,638046468;-6,638455513
276,551;10,16483512;-4,247497357;-11,35190908
277,144;-9,635499528;-8,456790006;-6,983310591
277,737;-1,255605456;-17,93690976;-2,992004153
278,331;-21,93595831;-23,93299731;4,773620293
278,924;-26,42377239;-20,97062626;10,05662492
279,517;-20,2822424;-30,60095645;22,78201287
280,111;-20,44550521;-17,15277887;21,44740123
280,704;-22,2556886;-13,97959248;26,70272878
281,297;-14,83454739;-17,82637647;18,16961706
281,890;-9,997109879;-20,71968816;16,20474522
282,483;-6,779221321;-28,97672273;6,486063457
283,077;-5,924693648;-27,90908968;1,238765994
283,670;-3,18059388;-22,72215995;-5,009496089
284,263;-6,386198093;-26,00840367;-0,311041693
284,856;-12,83497907;-14,99575131;5,581693951
285,449;-17,21254034;-18,46896239;4,995518981
286,042;-31,43124624;-12,80810938;-5,202311929
286,634;-51,19840241;-16,16835513;0,278670989
287,227;-42,52531354;-19,61211525;7,012986936
287,820;-38,04651362;-20,06311999;7,418993573
288,413;-37,75079448;-14,35395878;8,322524483
289,006;-27,19901751;-21,80636467;9,907261404
289,599;-29,74988013;-14,61683887;5,75168545
290,191;-39,97644836;-25,53482053;3,692432166
290,784;-42,97568086;-20,33176447;1,926407525
291,377;-28,94664843;-26,75731761;5,974338327
291,969;-20,65031213;-25,96778239;0,340651095
292,562;-14,57586604;-41,62499822;-2,994122395
293,154;-12,82705626;-40,01236835;1,690862432
293,747;-15,88305268;-53,22718584;0,331125506
294,339;-36,95357786;-43,66516118;2,952655696
294,932;-22,72727681;-46,48916645;0,17507011
295,524;-21,97539364;-36,11845582;-0,413496559
296,116;-27,81715047;-42,65365181;2,209944731
296,709;-25,79650528;-42,11942087;5,251998252
297,301;-22,095512;-35,25610404;11,34924588
297,893;-39,57713888;-23,15531985;11,83570825
298,486;-25,19128901;-25,5208329;18,9451763
299,078;-37,36393002;-8,553742153;16,02373822
299,670;-25,3355247;-1,527678009;13,22518068
300,262;-26,18152457;6,528081646;16,47461266
300,854;-19,06828663;8,606482248;6,347880659
301,446;-22,30073546;9,685579484;3,967015687
302,038;-29,86827067;10,76301139;-7,956353239
302,630;-28,35503657;17,01694971;-16,67042132
303,222;-15,07794564;17,65608985;-30,92710444
303,814;-16,38456309;23,27098007;-35,99621663
304,406;0,231043934;14,62127698;-33,46980424
304,998;-0,168255587;6,359080577;-17,56373864
305,590;4,17714178;-6,276934389;-22,10526211
306,182;5,76305559;-8,730312784;-12,61672997
306,773;10,44163489;-8,653458189;-10,57412752
307,365;11,51354012;-2,428810803;-1,604278164
307,957;8,283333381;-14,08858193;5,101500216
308,549;2,343886732;-12,48226932;10,4440786
309,140;-2,612453315;-17,78836146;9,3292476
309,732;-7,388796137;-21,69026787;-1,530700953
310,323;-16,61363655;-12,9392205;-17,74664312
310,915;-28,12714546;5,14261924;-22,30831982
311,506;-29,27016545;0,13831245;-14,24680443
312,098;-34,99584272;-1,04857666;-19,35001009
312,689;-29,42951181;-12,64056629;-27,03287198
313,281;-29,07995484;-13,69636875;-29,57716763
313,872;-34,6324181;-8,188375393;-15,8701937
314,463;-20,37176445;0,059808554;-10,10701577
315,055;-6,938379375;3,857450305;-3,481812947
315,646;-4,172972129;0,880383012;5,637435725
316,237;0,232214856;-16,06709783;17,00131652
316,828;-1,005608366;-11,19485293;8,570955081
317,420;3,692651759;-17,55374733;16,39789454
318,011;-11,50337185;-16,19640121;20,95539301
318,602;-15,95699022;-9,498285116;19,53038207
319,193;-3,452984428;-17,54462369;9,859588859
319,784;-9,026281331;-27,70012489;8,095315804
320,375;-19,75642796;-30,5166716;12,4370522
320,966;-15,0909494;-41,98513922;6,764797649
321,557;-11,31721552;-26,15902719;0,118283332
322,148;-10,18518572;-25,39722773;0,465758459
322,738;-12,51284192;-17,74483339;-1,160572784
323,329;0,490292036;-20,70626071;-6,435209878
323,920;3,31964397;-22,71111042;-0,523925813
324,511;0,408618098;-22,86415504;3,802969945
325,102;-1,914311744;-14,72981436;7,261548279
325,692;4,194598775;-23,30715367;11,88614316
326,283;-0,385282234;-12,10139083;16,93513358
326,874;-8,081244709;-26,64829171;14,70838079
327,464;-7,729362989;-15,9447342;11,18708919
328,055;-12,96390573;-14,72337436;10,20842194
328,645;-12,93016143;-3,895886007;15,25487696
329,236;-8,518930052;1,026957731;13,46205141
329,826;4,228469623;0,763966238;12,85731288
330,417;8,175814911;-12,14998395;12,61884183
331,007;5,098787803;-3,785766925;8,081067418
331,597;12,90166671;-14,27288988;7,80705457
332,188;14,15270183;-6,463986015;3,863444392
332,778;9,152940538;-12,27719683;8,441281357
333,368;15,58612918;-6,390460169;8,994252745
333,958;16,64934472;-8,330693378;12,22775821
334,548;11,5729897;-10,49822065;10,86924919
335,139;-0,214962329;-8,512042136;7,02373347
335,729;-5,405405754;-5,278276612;-2,887346336
336,319;-9,615796501;-8,478755394;-5,83743402
336,909;-8,482653643;5,53018834;-2,602462035
337,499;5,266841655;1,11722511;5,850891247
338,089;9,862692347;5,061848772;5,701818421
338,679;11,68605672;-3,848136072;9,712960086
339,269;14,49883492;-2,856199254;-2,305882261
339,858;16,16669424;-11,18376921;1,91314923
340,448;20,39001517;-12,96459345;7,193605789
341,038;29,64648709;-10,76519674;10,33421287
341,628;33,52037884;-5,734824472;11,50075914
342,218;32,3081488;-20,98120959;9,659254881
342,807;32,18942021;-19,61593786;8,802228901
343,397;33,73343949;-30,00558707;14,2094332
343,986;32,46434578;-30,2754046;11,21915791
344,576;31,12245038;-31,23775604;15,59233396
345,166;28,16858223;-25,79705493;13,1801338
345,755;24,13214768;-22,92109108;7,880005824
346,345;16,31639861;-21,23366932;9,891853086
346,934;14,06649529;-21,39481966;11,59041373
347,523;18,38136731;-21,10259709;6,294707169
348,113;10,19805394;-18,75713535;4,019664567
348,702;13,62981956;-17,08494319;3,506120859
349,292;18,43614316;-10,09515286;8,017318552
349,881;20,04504551;-20,25883456;7,922313869
350,470;21,06971764;-19,26636493;6,830074569
351,059;23,45960759;-18,18496626;10,39254452
351,648;26,47012268;-22,4558298;10,69847184
352,238;28,58306224;-28,56127992;3,929803241
352,827;29,79189536;-28,35982763;8,706278162
353,416;31,45763828;-26,51179961;1,83293255
354,005;29,37541727;-25,48291242;0,13723068
354,594;23,02683845;-32,03680532;-4,138408478
355,183;23,94530576;-24,44033683;-10,63796272
355,772;22,77796172;-23,43975361;-15,50279246
356,361;26,01827524;-28,41551409;-17,51813644
356,949;22,39787307;-17,37767805;-22,27185756
357,538;20,04463651;-16,98244355;-19,25150571
358,127;17,62379226;-11,23800078;-15,7634706
358,716;21,8213565;-11,4141089;-9,263279937
359,304;19,8028288;-4,847512224;-8,089887133
359,893;23,74770977;-12,05991321;-6,335566298
360,482;20,78336202;-11,28857113;-7,86652598
361,070;25,44987065;-17,48143585;-7,767291455
361,659;18,8989052;-12,81974623;-4,181523439
362,247;23,37469693;-16,30267565;8,091226006
362,836;21,43359056;-9,913392718;4,656130217
363,424;23,34379554;-11,81860511;3,617052756
364,013;18,1361051;-12,60318336;4,724985236
364,601;21,31511435;-18,00084042;4,694291435
365,190;17,61407648;-11,95456341;2,43080958
365,778;22,18225559;-10,16949154;8,18001292
366,366;19,79580335;-5,000000253;10,52975779
366,955;24,93619245;-2,950643751;10,15744094
367,543;22,45585599;-8,617021267;-1,751765473
368,131;17,72628149;-11,71067786;3,559142608
368,719;16,57819041;-5,661454145;2,613346138
369,307;20,73459765;-6,155904809;7,039710769
369,895;16,15306879;-4,274937025;2,664811683
370,483;15,20694488;-1,271343614;4,195449244
371,071;9,162117261;-1,885560386;2,24448169
371,659;12,98466418;-3,371119322;5,23497842
372,247;11,32000002;-7,074857695;1,525885945
372,835;9,581272257;-4,491755115;3,303684828
373,423;12,10148924;-1,687785864;4,084074023
374,011;9,869486493;-2,360495018;5,883526143
374,599;6,299275037;0,308004351;5,087838607
375,186;5,413487225;1,184825916;4,67832032
375,774;5,174141633;0,665807247;3,524820401
376,362;5,259657447;0,131277014;3,458293129
376,950;2,801657952;1,023816625;1,755501156
377,537;3,561775762;1,085525404;2,491841461
378,125;3,437122667;1,982881949;2,640379349
378,712;3,597420288;0,675407854;1,977345282
379,300;4,066920036;-0,164744662;1,241054282
379,887;4,424476345;-0,880296235;0,062507185
380,475;4,490864534;-0,879925549;-0,288909878
381,062;3,941179576;-0,81600419;-0,299742667
381,650;3,728794975;-0,079434008;-0,410814671
382,237;4,471555511;-0,120325079;0,76687529
382,824;3,207351166;0,868272526;0,263887179
383,411;3,469224561;0,830871694;0,251822694
383,999;3,225733665;1,288231395;0,544920154
384,586;2,745968383;1,765029852;0,983509887
385,173;2,620832798;1,95837669;1,343828814
385,760;2,864227957;2,330539539;1,707448169
386,347;3,078494433;2,410477354;1,466490034
386,934;3,595781752;2,05816662;1,708871262
387,521;3,478374317;2,275684338;1,582004072
388,108;3,799874707;2,329757283;1,68662877
388,695;3,571501983;2,659366544;1,685865422
389,282;3,54350581;2,802020186;1,789808119
389,869;3,660343472;2,965262912;1,63198237
390,456;3,753361749;3,194118884;1,70204986
391,043;3,822553333;2,876326485;1,640077376
391,630;3,853565938;3,171925083;2,022199882
392,216;3,392537216;3,598310299;2,087895159
392,803;3,628011976;3,51702049;2,15049328
393,390;3,799960533;3,636274504;2,328185948
393,976;4,219208424;3,27109532;2,317437915
394,563;4,432264558;3,436027721;2,541456547
395,149;4,604820134;3,322613262;2,715347355
395,736;4,648673543;3,238770492;2,686954702
396,322;4,710397143;3,595890485;3,015735247
396,909;4,738522772;3,761380393;3,014542747
397,495;4,924116114;4,08816208;3,050910897
398,082;5,018756333;4,359124623;2,857100394
398,668;5,129553215;4,154877927;2,90440475
399,254;5,057023375;4,488165822;2,965045882
399,841;5,038510745;4,574469062;2,78544362
400,427;5,052378933;4,900098568;2,535870321
401,013;5,050883798;5,047872258;2,554619794
401,599;5,108971071;5,323417471;2,44625291
402,185;5,252064811;5,217103814;2,514382177
402,771;5,445172263;5,290821538;2,645988733
403,357;5,367311626;5,38924935;2,869912015
403,943;5,326716543;5,729225628;2,861927234
404,529;5,394103593;5,705020699;3,007228188
405,115;5,448582912;5,96988306;3,093675752
405,701;5,84570593;5,978577199;3,444045421
406,287;5,861149845;6,17056092;3,416770607
406,873;5,755219857;6,051664108;3,445211711
407,459;5,915959196;6,298323282;3,456054004
408,044;6,050705683;6,31359403;3,470596458
408,630;6,018093568;6,370400054;3,479728054
409,216;5,986820509;6,434769411;3,602907782
409,802;6,122216706;6,61038693;3,48929426
410,387;6,098436948;6,56808382;3,534677233
410,973;5,837572944;6,818388132;3,563923722
411,558;5,906129701;6,660515054;3,702645862
412,144;6,127139184;6,813415072;3,878046533
412,729;6,049808855;6,891474548;3,908235871
413,315;5,942612983;6,891391332;3,919068268
413,900;6,035738389;6,974939035;4,005181523
414,485;6,118708611;7,111339488;4,038326404
415,071;6,255035606;7,262095763;4,256563737
415,656;6,135474628;7,369356128;4,258119551
416,241;6,118624757;7,250477562;4,205146247
416,827;6,108209031;7,604253974;4,127040449
417,412;6,060136717;7,566142775;4,034610027
417,997;6,074102184;7,581120761;3,911371816
418,582;6,283117062;7,62401752;3,970544764
419,167;6,231796367;7,701046996;3,775700066
419,752;6,402494865;7,627143526;3,804105882
420,337;6,179289958;7,477643063;3,804096369
420,922;6,270128242;7,39110785;3,85936565
421,507;6,250391708;7,486362123;3,829850286
422,092;6,330514657;7,250168994;4,131835642
422,677;6,293302964;7,313823742;4,117071175
423,261;6,269282232;7,162465057;4,260905282
423,846;6,004444745;7,176924018;4,245084964
424,431;6,1339037;7,077461589;4,296996876
425,016;6,062314271;6,908029278;4,286321463
425,600;6,106794099;7,103567796;4,233592755
426,185;6,21581863;7,235367033;4,103570371
426,770;6,084799019;7,172928025;4,202570905
427,354;6,116230926;7,266356662;4,18846148
427,939;6,106748009;7,181113793;4,291901775
428,523;6,198827247;7,489249408;4,380522021
429,108;6,202907698;7,463008856;4,337492674
429,692;6,050792108;7,5080427;4,374223309
430,276;5,970581492;7,693474548;4,386378021
430,861;5,948639587;7,472905463;4,357496914
431,445;5,87050026;7,180295293;4,503734466
432,029;5,900402408;7,220888693;4,433847945
432,613;5,904735426;7,182988165;4,384179323
433,198;5,862078049;7,359061542;4,311131733
433,782;5,890536211;7,225623508;4,256229834
434,366;5,840501982;7,237166556;4,284672144
434,950;5,874057408;7,260381512;4,302988002
435,534;5,804119627;7,353359606;4,248876978
436,118;5,845959285;7,366264528;4,281325966
436,702;5,967064869;7,549045355;4,256200699
437,286;6,031300314;7,532643594;4,161013245
437,870;5,907187655;7,505363719;3,981998677
438,454;5,881024046;7,346800354;3,863798845
439,038;5,739720269;7,341543509;3,802338353
439,621;5,811962834;7,320293835;3,866741867
440,205;5,865427048;7,305127884;3,87998588
440,789;5,875383173;7,232233349;3,787863556
441,372;5,826279128;7,182702984;3,827055439
441,956;5,748460166;7,100140584;3,89568035
442,540;5,81170011;7,1492816;3,913663183
443,123;5,873568039;7,241804998;4,059043455
443,707;5,883297174;7,337148708;4,207397575
444,290;5,890734268;7,305065387;4,262993383
444,874;5,817994303;7,204642947;4,158759211
445,457;5,744004575;7,180759391;4,094310234
446,040;5,769148522;7,17251073;4,163428769
446,624;5,806591837;7,198759376;4,085017655
447,207;5,857963496;7,174404737;3,892862325
447,790;5,831074721;7,019468075;3,952964064
448,374;5,866494517;6,991147217;3,857162141
448,957;5,908775653;6,89090439;3,741605378
449,540;5,92953305;6,937943169;3,68852937
450,123;5,90178761;6,919121135;3,614022024
450,706;5,857205348;6,888464768;3,659500407
451,289;5,867028372;6,897882785;3,645431414
451,872;5,838038199;6,866019954;3,731578626
452,455;5,818844372;6,946254263;3,813124994
453,038;5,793552992;6,967291464;3,754799073
453,621;5,638500235;6,873284454;3,754053924
454,204;5,581135811;6,82317619;3,809940824
454,787;5,490811302;6,661317309;3,826005881
455,369;5,613613187;6,770276516;3,909411745
455,952;5,601888997;6,691342554;3,845473956
456,535;5,590800623;6,62613323;3,826657963
457,117;5,547754421;6,576272098;3,774008677
457,700;5,446676512;6,450563573;3,68137037
458,283;5,435045532;6,457043785;3,689809846
458,865;5,497158115;6,443900653;3,593044234
459,448;5,570038901;6,37489159;3,576462752
460,030;5,599333381;6,254021312;3,513688528
460,613;5,514870316;6,069327754;3,500883799
461,195;5,530275253;6,060917532;3,532650108
461,777;5,514749041;5,983495068;3,535450669
462,360;5,460190389;5,967259509;3,473736251
462,942;5,520616366;5,951067736;3,555559086
463,524;5,550486368;5,858703557;3,523833923
464,107;5,526579731;5,817903574;3,593457789
464,689;5,493867401;5,830942926;3,590464193
465,271;5,521599202;5,827799477;3,654049717
465,853;5,580523284;5,913824492;3,629982116
466,435;5,608967083;5,890513661;3,629178081
467,017;5,549326882;5,804373202;3,678795434
467,599;5,576742423;5,682395291;3,673598
468,181;5,501229529;5,694912898;3,608830514
468,763;5,446798984;5,650522398;3,63534214
469,345;5,447707938;5,572373275;3,608009048
469,927;5,440506541;5,503853095;3,569311238
470,508;5,47388097;5,5550313;3,46834123
471,090;5,426703726;5,520832096;3,44785998
471,672;5,431801198;5,534182236;3,378703187
472,254;5,418659705;5,496799775;3,25817848
472,835;5,432014039;5,498060322;3,162553294
473,417;5,437809256;5,392684102;3,176623362
473,998;5,39841995;5,417113384;3,091634549
474,580;5,397286505;5,379811678;3,046078645
475,161;5,328906725;5,411478394;2,991469525
475,743;5,352850051;5,305535563;2,988733397
476,324;5,314301691;5,21286321;2,918093787
476,906;5,25839504;5,129039316;2,894619129
477,487;5,26481475;5,143580181;2,861341202
478,068;5,215661908;5,098973625;2,915553692
478,650;5,108101233;5,048145262;2,894696122
479,231;5,122813307;4,925387393;2,923777444
479,812;5,063787917;4,882303086;2,891593743
480,393;5,075013392;4,764385153;2,873190699
480,974;4,885607959;4,77276895;2,803031879
481,555;4,870584038;4,697867331;2,780031078
482,136;4,858888046;4,686610451;2,709174865
482,717;4,834108364;4,629989187;2,741131429
483,298;4,844642768;4,653338684;2,653942569
483,879;4,949225521;4,579375657;2,614212563
484,460;4,866860509;4,600099722;2,52844434
485,041;4,873484457;4,54719708;2,501669711
485,622;4,801028885;4,540978318;2,495290039
486,203;4,86875389;4,522276973;2,543973263
486,783;4,800550408;4,483703064;2,502917598
487,364;4,771917167;4,356633889;2,441658658
487,945;4,715301751;4,307518063;2,366516046
488,525;4,699717097;4,144471068;2,337236597
489,106;4,645333862;4,198944941;2,290245848
489,686;4,678316496;4,083414315;2,288825138
490,267;4,617120978;4,11771692;2,282261688
490,847;4,615083014;3,960645072;2,232664682
491,428;4,524106942;3,869710121;2,17713464
492,008;4,538239335;3,833714626;2,191910592
492,589;4,505647526;3,793501097;2,239135934
493,169;4,527637353;3,732754403;2,175537615
493,749;4,423729385;3,76853183;2,145671049
494,329;4,448378432;3,641288599;2,133057852
494,910;4,414577684;3,614449595;2,053727021
495,490;4,400561555;3,502785953;2,00268845
496,070;4,436115983;3,552944458;1,981808779
496,650;4,423574312;3,459910958;2,001594041
497,230;4,343219649;3,43272041;1,928242032
497,810;4,28328486;3,442893426;1,893707599
498,390;4,237017;3,425805545;1,957577507
498,970;4,265227307;3,322314556;1,967858924
499,550;4,128236675;3,29687719;1,907234205
500,130;4,059868555;3,215743593;1,901368403
500,709;4,053704285;3,182310764;1,90521276
501,289;3,941259633;3,110659065;1,914286525
501,869;3,92057323;3,136886477;1,864857284
502,449;3,978306522;3,056239586;1,88661524
503,028;3,959704746;3,002184254;1,884790517
503,608;3,943254841;2,900213925;1,814973835
504,188;3,904361591;2,916695277;1,738643839
504,767;3,98670346;2,912994271;1,766740284
505,347;4,005225178;2,913153541;1,710928017
505,926;4,048495908;2,874261866;1,716581101
506,505;4,078142861;2,895388495;1,680438248
507,085;4,075363623;2,792762512;1,710609649
507,664;4,04386785;2,754722045;1,629056221
508,243;4,053098005;2,65325633;1,567246684
508,823;4,046633457;2,692739589;1,528024426
509,402;4,027884647;2,668881938;1,639655826
509,981;3,981962389;2,634348197;1,594367295
510,560;3,973021804;2,624582344;1,630241672
511,139;3,861978212;2,523786508;1,524705303
511,719;3,813449093;2,458466135;1,432670831
512,298;3,842944694;2,458469849;1,320560753
512,877;3,874358436;2,405606155;1,326247017
513,456;3,841880139;2,398982355;1,325082411
514,034;3,828518209;2,331584265;1,342766181
514,613;3,88598399;2,287146938;1,245052199
515,192;3,87673573;2,177892966;1,210269875
515,771;3,865433265;2,205068027;1,176802766
516,350;3,957973289;2,231857362;1,225724308
516,928;3,953168187;2,194816876;1,257539408
517,507;3,970699269;2,215562415;1,233804881
518,086;3,9376466;2,264080825;1,242444993
518,664;3,935000458;2,275213156;1,235083732
519,243;3,834210191;2,270841985;1,269086408
519,821;3,806933959;2,189476465;1,24217016
520,400;3,822261224;2,253190861;1,195152238
520,978;3,85463369;2,16749155;1,169193856
521,557;3,812107818;2,1816044;1,179258095
522,135;3,801761596;2,171899271;1,168607735
522,714;3,699963844;2,192764938;1,160386431
523,292;3,652760858;2,158525125;1,187639878
523,870;3,653245376;2,111382245;1,154499426
524,448;3,671428664;2,10925682;1,016903999
525,026;3,615449995;2,159596888;1,024476297
525,605;3,580083855;2,085828499;1,075705325
526,183;3,461658588;2,09535874;1,179696428
526,761;3,443055755;2,041075085;1,173243205
527,339;3,424326847;1,976269901;1,163777945
527,917;3,48517865;1,882825096;1,176233495
528,495;3,511314927;1,800308088;1,113573681
529,073;3,473099693;1,77577597;1,167003292
529,650;3,454308814;1,741545852;1,165680907
530,228;3,481281979;1,68018938;1,207898095
530,806;3,427435019;1,700962198;1,218357428
531,384;3,525243629;1,664525987;1,117740785
531,962;3,479439314;1,669909938;1,127152788
532,539;3,473126513;1,647569487;1,168696949
533,117;3,405207119;1,623303695;1,155192832
533,694;3,395967398;1,615197631;1,160003011
534,272;3,401051605;1,646235252;1,144073186
534,849;3,444212134;1,61637407;1,178270637
535,427;3,404847835;1,616836953;1,099330011
536,004;3,354267366;1,56060548;1,073061375
536,582;3,262271943;1,562611087;1,097585701
537,159;3,309697052;1,549080376;1,050476825
537,736;3,296050669;1,634194286;0,988568101
538,314;3,337637818;1,631234419;0,993868257
538,891;3,283537691;1,664796044;0,975454633
539,468;3,312613274;1,62879371;0,972074668
540,045;3,303982727;1,647619901;0,995222642
540,622;3,303762043;1,631248716;0,998545661
541,199;3,344192446;1,661353677;0,988041939
541,776;3,384457802;1,638073411;0,987369466
542,353;3,319463734;1,644487411;0,982601355
542,930;3,33101871;1,589500058;1,009413348
543,507;3,269443144;1,620468037;1,014092579
544,084;3,219837461;1,60550252;1,076401663
544,661;3,185259797;1,587200971;1,05663323
545,238;3,206599844;1,589443445;1,074912122
545,815;3,190668899;1,633237204;1,043010725
546,391;3,227753055;1,588995182;1,104137825
546,968;3,17558174;1,588080675;1,100873931
547,545;3,221354795;1,581645783;1,081548061
548,121;3,178814257;1,543963677;1,066660821
548,698;3,237140312;1,499854147;1,026890068
549,274;3,289617795;1,496460862;1,004905046
549,851;3,279437772;1,523407704;1,030137891
550,427;3,204667072;1,496910957;0,976824002
551,004;3,209132328;1,429149307;1,013010558
551,580;3,260198533;1,390332454;0,901657398
552,156;3,336539147;1,364286497;0,921820249
552,732;3,289691362;1,357917912;0,916554442
553,309;3,284870353;1,402682462;0,933592166
553,885;3,248903114;1,450417532;0,941236186
554,461;3,249678106;1,423846718;0,873787769
555,037;3,203079871;1,415373993;0,827919099
555,613;3,161523412;1,438345701;0,823267769
556,189;3,122723367;1,432920669;0,810821085
556,765;3,116331503;1,478861228;0,829783769
557,341;3,072378779;1,569200308;0,818469761
557,917;3,057712203;1,597363374;0,821595365
558,493;3,061407773;1,564900252;0,760894266
559,069;3,155629665;1,526990482;0,780528072
559,645;3,096074292;1,577152034;0,800375338
560,220;3,147540439;1,515184651;0,860772927
560,796;3,197069335;1,470946487;0,916511138
561,372;3,201371628;1,478717307;0,952293094
561,948;3,13663529;1,476791723;0,973544502
562,523;3,172307939;1,359327222;0,962218904
563,099;3,215019405;1,339378166;1,008857107
563,674;3,207011363;1,32899388;1,030457546
564,250;3,137687956;1,327093624;1,047751794
564,825;3,216603033;1,305782728;1,064714355
565,400;3,213064005;1,36664488;0,963280294
565,976;3,247961643;1,36456239;0,916191412
566,551;3,315736296;1,359303952;0,920865815
567,126;3,327009682;1,385573307;0,932026374
567,702;3,315880261;1,466439199;0,87716775
568,277;3,32601964;1,386696533;0,846660873
568,852;3,364819548;1,386670066;0,89881742
569,427;3,361941914;1,349318607;0,83950304
570,002;3,311185229;1,348214223;0,796395435
570,577;3,340880144;1,378246394;0,862030846
571,152;3,325740893;1,427354563;0,873406851
571,727;3,289866358;1,470863996;0,836419082
572,302;3,332628369;1,446027944;0,868568868
572,877;3,326449179;1,370514276;0,956933715
573,452;3,324463154;1,443564437;0,945296329
574,026;3,290608377;1,436807764;0,944771974
574,601;3,327216762;1,484256935;0,977339369
575,176;3,408738203;1,464073279;1,061816453
575,751;3,313239102;1,415493707;1,066404668
576,325;3,338937085;1,40422587;1,032613117
576,900;3,327088347;1,439656136;1,062373502
577,474;3,332033829;1,444282908;1,029136564
578,049;3,354975947;1,462584976;0,983607813
578,623;3,348163103;1,446504825;1,003178566
579,198;3,411012616;1,476106175;0,944839527
579,772;3,402696537;1,495712151;0,923217113
580,346;3,319137038;1,537797591;0,914585379
580,921;3,439782613;1,528011887;0,927213995
581,495;3,434914504;1,546807589;0,963502572
582,069;3,439540942;1,507362105;0,975339286
582,643;3,347002187;1,544049306;1,005127045
583,218;3,313072497;1,580254715;1,033577496
583,792;3,302040419;1,560067982;1,021815136
584,366;3,299978286;1,560502753;1,018288822
584,940;3,31581599;1,543325144;1,115111449
585,514;3,364084228;1,552267531;1,033987836
586,088;3,349511686;1,607173066;1,012447111
586,662;3,354275112;1,578196617;1,03798273
587,235;3,422945108;1,613715855;0,990741245
587,809;3,472065327;1,575869541;0,999049285
588,383;3,545386342;1,557921336;0,934535581
588,957;3,580646574;1,574054237;0,949290302
589,530;3,541893933;1,620318687;0,977639769
590,104;3,55920869;1,609952529;0,87743056
590,678;3,51397366;1,574334413;0,915526249
591,251;3,580557962;1,536670095;0,909746325
591,825;3,595146227;1,553286937;0,872105081
592,398;3,607912417;1,57656358;0,855246791
592,972;3,689514696;1,640121422;0,822879947
593,545;3,682353154;1,65851838;0,909672858
594,118;3,734812381;1,711341282;0,962185062
594,692;3,830015397;1,706314279;1,047938531
595,265;3,819242458;1,728421776;1,102787623
595,838;3,925255224;1,761632642;1,136679373
596,411;3,876155304;1,856000114;1,202717105
596,985;3,907870036;1,859404068;1,304664521
597,558;3,926805166;1,827911443;1,404725893
598,131;3,935042726;1,832257129;1,409891084
598,704;3,987715904;1,901392595;1,401393193
599,277;3,986440139;1,903470572;1,384259973
599,850;3,999437358;1,873048931;1,320964319
600,423;4,015380422;1,905819147;1,326645994
600,996;3,965101572;1,951451742;1,298246994
601,568;4,042145966;1,898329053;1,245087549
602,141;4,06677692;1,94229909;1,154018304
602,714;4,080745896;1,925059565;1,13665106
603,287;4,013234572;1,966523781;1,113819427
603,859;3,981626946;1,948207743;1,151855501
604,432;3,962348565;2,024664359;1,138017555
605,004;4,011450904;2,080975317;1,254666139
605,577;4,046568656;2,068689373;1,210878247
606,149;4,129506185;2,130854407;1,334421412
606,722;4,104418782;2,179293305;1,411213724
607,294;4,182392151;2,154713936;1,474641845
607,867;4,206817394;2,214298946;1,444509083
608,439;4,18633307;2,166996921;1,568696723
609,011;4,285523594;2,164921556;1,657695761
609,584;4,393730752;2,132673681;1,71122066
610,156;4,453316657;2,193185105;1,645156817
610,728;4,551751464;2,28385197;1,727128234
611,300;4,619494791;2,237282001;1,81697285
611,872;4,704416133;2,293717366;1,782502053
612,444;4,728533019;2,368673091;1,773881832
613,016;4,730324228;2,370341045;1,801536254
613,588;4,908118026;2,408832359;1,788263199
614,160;4,826332952;2,428502535;1,811399168
614,732;4,904986357;2,500439645;1,840934367
615,304;4,835975885;2,502109975;1,941433779
615,876;4,717206629;2,572458737;1,997317902
616,447;4,788982332;2,544149595;1,887287409
617,019;4,815169332;2,456746081;1,920303455
617,591;4,805274148;2,438777389;1,948779779
618,162;4,852139442;2,539917084;2,007690809
618,734;4,868562041;2,529024092;2,035376801
619,305;4,980516685;2,540657738;1,933770067
619,877;5,005873635;2,476325796;1,947793337
620,448;5,112731647;2,51075943;2,002924016
621,020;5,2462901;2,503096924;1,939726243
621,591;5,25453758;2,567742455;1,968371567
622,162;5,269537519;2,636283441;1,983904563
622,734;5,261477839;2,627954386;2,080036985
623,305;5,199828715;2,602914055;2,099363185
623,876;5,221654571;2,66456018;2,100315586
624,447;5,229399542;2,698169741;2,115700663
625,019;5,171880683;2,692055973;2,120317822
625,590;5,136339949;2,572009064;2,147472474
626,161;5,140764876;2,571487129;2,246903904
626,732;5,156195732;2,611687128;2,214345898
627,303;5,239122055;2,633544944;2,270374868
627,874;5,313911959;2,571975369;2,304456438
628,444;5,438217236;2,451448099;2,35392501
629,015;5,567257644;2,352989854;2,314235393
629,586;5,591662363;2,356436731;2,324583645
630,157;5,697095798;2,384105298;2,348233628
630,727;5,779464671;2,499100037;2,222169158
631,298;5,785078893;2,409715314;2,276129269
631,869;5,853422872;2,441745707;2,417568198
632,439;5,909512596;2,495286185;2,403780523
633,010;5,922661666;2,598822678;2,361005075
633,580;6,068611705;2,645991105;2,45983833
634,151;6,040088775;2,858946855;2,650318059
634,721;6,058946855;2,947722712;2,681459986
635,292;6,075067548;2,927154678;2,674239844
635,862;6,055382072;2,972814051;2,784563719
636,432;6,081976282;2,934887745;2,747485026
637,002;6,011944854;2,990381401;2,647539155
637,573;5,984063993;2,998502271;2,716434757
638,143;6,066637926;3,043351018;2,799907702
638,713;6,117640098;3,174412834;2,836666215
639,283;6,092651134;3,056325909;2,815021774
639,853;6,176717781;3,003961812;2,94875491
640,423;6,273922545;3,090384628;3,035188208
640,993;6,353573815;3,201078355;3,040553693
641,563;6,484706194;3,26934828;3,132119375
642,133;6,686285873;3,290614418;3,27481363
642,703;6,721188581;3,314645104;3,382142463
643,272;6,737986736;3,350862508;3,401557162
643,842;6,739408342;3,256699452;3,329052941
644,412;6,796403042;3,354089525;3,377291712
644,981;6,85196628;3,226288727;3,424818397
645,551;6,85083277;3,293279211;3,436283572
646,121;7,08621649;3,227030923;3,449547108
646,690;7,139345133;3,413880756;3,483601959
647,260;7,156786902;3,316649447;3,450733071
647,829;7,301888532;3,316386161;3,530573898
648,398;7,502859763;3,29727058;3,631140363
648,968;7,641046384;3,506289403;3,699528394
649,537;7,817498551;3,567958956;3,773386493
650,106;7,916730167;3,851470616;3,763389527
650,676;8,009988075;3,870218034;3,926851268
651,245;7,935205394;3,928200147;4,078114869
651,814;7,966085372;3,76686408;4,228350004
652,383;8,052213057;3,981947043;4,358522896
652,952;8,10217062;4,029682756;4,338305928
653,521;8,087629865;4,13313651;4,445366549
654,090;8,197250078;4,174580453;4,647293338
654,659;8,155277429;4,12764322;4,520762299
655,228;8,247870932;4,145787423;4,674006329
655,797;8,256049679;4,188768678;4,839184988
656,365;8,270260929;4,073312332;4,976061566
656,934;8,434683317;4,295037647;4,979256276
657,503;8,656801073;4,170022601;5,069244338
658,072;8,649830184;4,317819041;5,158064262
658,640;8,740549423;4,381384268;5,142144249
659,209;8,730132414;4,347492403;5,203466355
659,777;8,978624035;4,535947421;5,478654209
660,346;9,049963526;4,642186134;5,558338646
660,914;9,281115694;4,732801415;5,578613775
661,483;9,505582549;4,944711566;5,622709316
662,051;9,622690306;5,002892583;5,716426623
662,619;9,63893924;5,257979383;5,953325764
663,188;9,902085784;5,159986987;6,120957507
663,756;10,08869031;5,256800394;6,266005571
664,324;10,22908771;5,274124818;6,279691874
664,892;10,18315175;5,310740834;6,359941203
665,460;10,41019437;5,195691643;6,580619024
666,028;10,47033304;5,204338129;6,66730413
666,596;10,59204556;5,331089304;6,773713059
667,164;10,68493444;5,340226149;6,913672937
667,732;10,78942748;5,26882788;6,95820889
668,300;10,84307311;5,421024373;7,001316198
668,868;10,8037954;5,464131562;7,124779735
669,436;10,92519806;5,68912987;7,296877552
670,004;11,15038887;5,661832244;7,524482521
670,571;11,19885936;5,793934915;7,52367753
671,139;11,18162097;5,974183977;7,62345561
671,707;11,20793372;6,018775226;7,80361756
672,274;11,26726095;6,027381634;7,947140512
672,842;11,32541385;6,038161725;8,078685294
673,409;11,46300454;6,053846997;8,156665694
673,977;11,42666148;6,065460581;8,339756088
674,544;11,43555217;6,100362547;8,540418902
675,112;11,42345261;6,150842092;8,494666096
675,679;11,37191922;6,200453651;8,603145644
676,246;11,38544036;6,150366741;8,645039701
676,814;11,54291849;5,951456291;8,646439251
677,381;11,55991049;6,142117784;8,784596187
677,948;11,50388092;6,352703346;8,735128823
678,515;11,38295981;6,400232597;8,943230219
679,082;11,51329827;6,448145882;9,010121944
679,649;11,55372519;6,352891935;8,95672172
680,216;11,72964033;6,297072556;9,098842204
680,783;11,79328851;6,224734936;9,141360266
681,350;11,89941581;6,287380863;9,27849514
681,917;11,77736951;6,446485462;9,333932053
682,484;11,79482943;6,301112598;9,220534004
683,051;11,87626507;6,059473708;9,388194771
683,617;11,90942149;6,053707613;9,466939306
684,184;12,02151544;6,06966504;9,471343753
684,751;12,2151297;6,096447871;9,469175646
685,317;12,12180263;6,288472246;9,605390574
685,884;12,26981098;6,441434292;9,664424747
686,450;12,40566772;6,477165584;9,74281083
687,017;12,50737807;6,383122208;9,916410292
687,583;12,60974598;6,495051598;10,06303354
688,150;12,68382319;6,751104601;10,06057306
688,716;12,69866847;6,787771895;9,896781536
689,282;12,72000518;6,683759317;9,938890787
689,849;12,52877905;6,733236547;9,959957681
690,415;12,62446648;6,507372992;9,970190591
690,981;12,34045567;6,423280522;9,9547246
691,547;12,33557183;6,318534916;10,01717251
692,113;12,33564104;6,331219573;9,846598494
692,679;12,3012174;6,29938289;9,804287312
693,245;12,22412242;6,184494987;9,798809124
693,811;12,29393416;6,21683295;9,952765975
694,377;12,23010003;6,257542173;9,991332749
694,943;12,41981321;5,984049693;10,23002437
695,509;12,2631445;6,023279466;10,04695945
696,074;12,4768129;5,930096473;10,07952723
696,640;12,42624744;5,798009754;9,92237692
697,206;12,50866125;5,748747233;9,866054131
697,771;12,63917656;5,685704369;9,880830043
698,337;12,69116732;5,540738226;9,992520578
698,903;12,57492485;5,331620736;9,98418467
699,468;12,75553223;5,240014671;9,766609135
700,034;12,50930635;5,521942237;9,539775903
700,599;12,62393063;5,744754057;9,642079017
701,164;12,44442865;5,798014617;9,607435076
701,730;12,45319536;5,601346411;9,661240582
702,295;12,20173744;5,563029237;9,723856532
702,860;12,1183786;5,264246925;9,653625478
703,426;12,01903326;5,081665565;9,580615103
703,991;12,06874183;4,998866639;9,444791499
704,556;11,94938454;5,069637978;9,606301451
705,121;12,01961637;4,980593209;9,575075976
705,686;11,98367092;4,654049792;9,288337942
706,251;12,03601516;4,501364723;9,221936858
706,816;12,07572838;4,766793453;9,163739904
707,381;12,05931722;4,793241826;9,347613153
707,946;11,94232856;5,071269147;9,574422535
708,510;11,92997557;5,272903869;9,50086973
709,075;12,08986772;5,296143009;9,462425905
709,640;12,13974362;5,054309092;9,343348561
710,205;11,9934042;4,809300986;9,245464248
710,769;11,94096249;4,858083656;9,382408696
711,334;11,88928465;4,907986057;9,396977629
711,898;11,56305678;4,704280863;9,412344563
712,463;11,58864614;4,577680096;9,28393241
713,027;11,55691507;4,241054095;9,22592442
713,592;11,46796782;4,11203783;9,24775472
714,156;11,07982102;3,960739685;9,0904484
714,720;10,86464014;4,023610496;9,205742944
715,285;10,74301762;4,055727361;9,390010179
715,849;10,61382412;3,99084232;9,597066366
716,413;10,80412376;3,713078897;9,473590006
716,977;10,80140029;3,81001133;9,313466039
717,541;10,62769645;3,536497861;9,40569841
718,105;10,40245698;3,80259223;9,151887987
718,669;10,37319637;3,76066689;9,024899644
719,233;10,49254772;3,639462068;9,316357882
719,797;10,38131373;3,492092157;8,946322568
720,361;10,59675728;3,432596199;8,94053469
720,925;10,35339459;3,334587214;8,773825495
721,489;10,03541474;3,759593143;9,201200054
722,053;10,14567256;3,544589757;9,388089582
722,616;10,07301065;4,151582971;9,265100874
723,180;10,01859209;3,911324399;9,323192737
723,744;10,13702195;4,003235684;9,588857674
724,307;10,14234887;3,983542692;9,508520083
724,871;10,01077868;4,284941609;9,898203471
725,434;9,810795323;4,560687671;9,942015646
725,998;10,02706012;4,334005097;9,876566394
726,561;10,14440756;3,945386124;9,574148713
727,124;10,13792532;4,211984638;9,82803023
727,688;10,5534018;3,86783683;9,921793889
728,251;10,57863519;4,067149886;9,816961048
728,814;10,55558273;4,106747851;9,761438505
729,377;10,64539619;4,732519144;10,02124754
729,940;10,99296023;4,354705375;10,00479728
730,503;11,40484189;4,304443414;9,861648707
731,067;11,54755356;4,377463623;10,1416273
731,630;11,37997186;4,765521973;10,11495283
732,192;11,5254472;4,4946126;9,940292742
732,755;11,27300954;4,379571177;10,03772025
733,318;11,36290827;4,05163382;10,35923029
733,881;10,91208618;4,014774045;10,38635348
734,444;10,74659671;3,655462326;10,39562887
735,007;10,51561279;3,786988886;10,33016667
735,569;10,1424054;3,596183092;10,85511009
736,132;9,99050904;3,748871353;10,75488057
736,694;10,02667046;3,631256892;11,17656803
737,257;9,848104091;4,032320414;11,31183011
737,819;9,844959758;4,194129638;11,35861126
738,382;9,731680277;4,578344391;11,19596669
738,944;10,27080912;4,420291211;11,21805407
739,507;10,25008487;4,349313439;11,00695521
740,069;10,44068872;4,394925637;11,32372338
740,631;10,54233623;4,492523905;11,19626609
741,193;10,79344739;4,744093815;11,36949606
741,756;11,06047874;4,702738689;11,25084663
742,318;11,20516026;4,631085125;11,39723481
742,880;10,91565266;4,664451316;11,51373272
743,442;11,24759821;4,574474443;11,88964659
744,004;10,91808639;4,774648871;12,00484276
744,566;11,24976904;4,882592822;12,40585598
745,128;11,23347323;5,113905816;12,19687281
745,690;11,29348175;4,863455392;12,02940855
746,252;11,15906731;4,683994948;12,32173482
746,813;11,45223933;4,384873547;12,45182414
747,375;11,45817513;4,514029063;12,08471434
747,937;12,04635676;4,768044566;12,23470381
748,498;12,09055596;5,071407075;12,27897676
749,060;12,83290362;5,457183265;12,5384984
749,622;12,97009216;5,775541676;12,43870693
750,183;13,24382758;5,638923707;12,61463692
750,745;13,55072577;5,999445894;12,8375825
751,306;13,59270486;6,228111794;12,74141326
751,867;13,5519939;6,510134916;12,93910624
752,429;13,67488745;6,581473759;13,61291789
752,990;13,83866047;6,612584416;13,46395039
753,551;13,99675217;6,513096117;13,24085384
754,112;13,80130542;6,655106904;13,13232229
754,674;13,83716802;6,583576337;13,67267697
755,235;13,95668555;6,83628384;13,55181727
755,796;14,06893751;6,912669249;13,59253785
756,357;14,30053183;7,187495296;13,78551955
756,918;14,56095826;7,670352373;13,6291926
757,479;14,81902117;7,783308665;13,43234207
758,039;14,47825808;7,96758945;13,6595363
758,600;14,55849613;8,398935262;13,80204373
759,161;14,74205261;8,127279372;13,90328711
759,722;15,00944411;8,323186534;12,83839038
760,283;14,94809896;8,133623248;13,30859464
760,843;14,66280099;8,351834624;13,83581547
761,404;15,41503167;7,782074919;13,8669285
761,964;14,71247374;7,889491707;14,15111297
762,525;14,85294044;7,842701333;14,89000009
763,085;15,15982345;7,553141963;14,82537848
763,646;15,45909041;7,749074526;15,43219802
764,206;15,76026248;8,057138009;15,55184768
764,766;16,10124783;8,500279608;15,85190623
765,327;16,81047301;8,828413481;15,65801647
765,887;16,91932107;9,377670582;15,50249537
766,447;16,84436593;10,16101054;15,44585259
767,007;17,43191316;10,44933799;15,49349017
767,567;17,31649082;10,36067166;15,5805493
768,127;18,07050089;11,0702054;15,35301114
768,687;18,56786858;11,34114083;15,23451962
769,247;18,4978146;11,28022747;15,12960719
769,807;18,76571735;11,42834987;15,79102217
770,367;18,58800345;11,44330859;15,99412024
770,927;19,10059937;11,82049973;16,01022518
771,487;19,52099336;11,6723369;16,00244638
772,047;19,80185447;12,00286981;15,99777897
772,606;20,33896918;12,46357596;16,16068492
773,166;20,13318191;12,25594474;16,84906022
773,726;20,03973735;12,48332012;17,37403619
774,285;20,16305227;12,97793688;17,58664042
774,845;20,02659607;12,907419;17,75697301
775,404;20,60782592;13,6233847;18,16453046
775,963;20,49458308;13,2262703;18,03310549
776,523;20,37998143;13,20422828;18,33134495
777,082;19,99056305;13,13521882;18,83327066
777,641;20,06915974;13,23673915;18,69327275
778,201;20,44739879;13,42687443;18,30007159
778,760;20,82543311;13,39586531;18,27991687
779,319;21,73500411;13,15611957;18,57200531
779,878;22,13594991;13,41442523;18,068009
780,437;22,18983193;13,47355036;18,35305994
780,996;22,4565764;13,9729128;18,45726214
781,555;22,86260448;14,2157891;19,07343439
782,114;23,39486754;14,51151816;19,32028726
782,673;23,73870992;14,97907517;19,13281704
783,232;23,97967326;15,87713655;19,71035158
783,790;23,99531963;16,15347952;19,76420163
784,349;23,79460315;16,35708862;20,21846636
784,908;23,94086561;16,48858421;20,45391422
785,466;24,27684011;17,40730279;19,97307112
786,025;24,6998932;16,97693919;20,19060135
786,584;24,84705604;17,3833274;20,20572833
787,142;24,94405332;17,53834337;20,0188056
787,701;25,00556312;17,43725011;19,81560639
788,259;25,17580269;17,31647516;19,8295421
788,817;25,21918938;17,23034978;19,65649319
789,376;25,87918467;17,7020272;19,3762324
789,934;26,1814496;18,07028384;19,65086798
790,492;26,24235234;16,98327155;20,06992179
791,050;26,72692484;18,24643891;20,77598376
791,608;26,73548929;18,13008835;20,43190347
792,167;26,82232906;18,13046006;20,56030543
792,725;27,48387535;18,83101062;21,30246543
793,283;27,81201383;18,48795943;21,32810132
793,841;28,3207854;18,39605282;22,07255052
794,398;28,06057315;18,33893019;21,97929815
794,956;27,83225507;18,48081671;22,07473665
795,514;28,04218723;18,72493412;22,21438099
796,072;27,88559528;17,78747568;21,98750277
796,630;28,36006181;18,15513305;21,89503062
797,187;29,0163891;18,46374272;22,26143683
797,745;28,83327112;18,0536695;22,09877819
798,302;29,34030639;18,76417014;22,44593751
798,860;29,23263424;19,46652217;21,66522412
799,417;29,17014624;19,67468411;21,44962508
799,975;30,04701053;19,81187512;21,96410778
800,532;29,45851773;19,62885533;22,2880048
801,090;29,63246826;20,01220295;22,71769999
801,647;30,21085832;20,33364034;23,00466606
802,204;29,8108628;20,37193937;22,68709642
802,761;29,6079108;20,61560859;22,0203012
803,318;29,69785956;20,35943407;22,33858728
803,876;30,32980172;20,42127702;22,62296877
804,433;30,4376806;20,95310051;23,23033077
804,990;30,76024837;21,52587522;23,36221051
805,547;31,12361071;22,26265091;22,90670821
806,104;31,91363416;22,79521346;22,48162722
806,660;31,94306839;22,25849467;22,30376441
807,217;32,4270893;22,14305414;21,63204377
807,774;33,68972646;21,7840484;22,83730608
808,331;33,42971171;21,17578098;22,26008949
808,887;32,89800413;21,90018176;22,08635412
809,444;33,68183074;21,11299235;22,27811538
810,001;32,77130173;20,67519621;21,37772522
810,557;33,96315282;21,14025905;22,15811974
811,114;33,19046536;21,76930765;22,24731137
811,670;32,56176467;22,54001489;22,27442841
812,227;32,82170289;22,84715012;23,80263731
812,783;32,37680843;23,67128196;24,22150016
813,339;32,996307;24,14147481;23,36565234
813,895;33,88301042;23,63137554;23,85090361
814,452;33,67962193;24,33748315;22,81654409
815,008;34,45483811;24,03555595;23,43727692
815,564;33,26298499;24,14080261;23,06004482
816,120;33,43133276;23,66338772;23,40461015
816,676;34,54568307;24,04645714;22,8519844
817,232;34,09807216;23,40719765;22,91197412
817,788;34,0664339;24,06101365;22,21286583
818,344;33,34011847;24,59915135;23,76908656
818,900;32,99367027;24,4903107;24,16802546
819,456;33,11479698;25,51376291;25,50143741
820,011;34,11269853;26,31122904;25,90665675
820,567;34,2139283;26,32825229;26,51404273
821,123;34,08414655;25,94401937;26,06179124
821,678;33,96671656;25,16839133;26,81050736
822,234;34,91218106;26,18659408;25,75882809
822,789;35,51317693;24,96032114;25,00534894
823,345;36,77615112;24,63332561;25,27406709
823,900;38,04050864;23,9366408;25,1104041
824,456;37,8050093;23,63319613;25,21956457
825,011;37,1266935;23,43561062;25,74915258
825,566;38,02941326;22,48422484;24,42098464
826,121;39,79840659;22,38005053;25,41518658
826,677;39,66933204;23,20939332;25,02572713
827,232;39,3484886;22,37188434;25,41741573
827,787;39,14618478;21,94573415;25,56307402
828,342;39,04992959;21,44894694;25,7941848
828,897;38,11051564;22,19719071;24,39221955
829,452;38,73643189;21,60633495;24,35950085
830,007;38,43742828;21,25840177;22,99166428
830,562;38,78248504;22,01021847;23,42445838
831,116;36,54260445;22,52206896;22,96298117
831,671;35,26580638;22,97343611;23,42143525
832,226;35,62096555;23,87343128;23,12201085
832,781;35,99072535;25,28390024;23,98573176
833,335;36,29296749;25,66334389;23,08853992
833,890;37,13276989;26,2748942;24,50307402
834,444;36,79308568;26,85408339;23,84909987
834,999;36,96971321;27,46109444;24,29535321
835,553;36,7536664;27,3559032;24,65422464
836,107;37,93155184;27,21977966;25,16526672
836,662;39,54503244;27,47038176;25,62191703
837,216;39,61685018;27,59406768;26,46255591
837,770;39,83799734;27,37120902;26,75879707
838,325;39,91377694;27,23882261;27,10486958
838,879;38,81325805;26,80632726;25,96768193
839,433;39,28228595;27,07664645;26,35185959
839,987;38,6838364;26,71410832;27,30540772
840,541;39,66906539;26,6473579;27,22617584
841,095;39,63750685;27,39816071;26,59963906
841,649;39,24891042;26,35643255;26,89634013
842,203;39,40751802;26,62899051;26,95086936
842,756;37,22656873;25,90850552;25,33285665
843,310;36,25136111;26,04195279;25,78977732
843,864;36,8495297;25,86183154;26,51858495
844,417;37,05535534;24,99074918;26,49475918
844,971;37,01770936;25,20823773;24,63507161
845,525;35,81323919;26,65697259;24,69110626
846,078;35,91316682;26,11684572;25,06414705
846,632;35,97880807;26,89977912;24,58712688
847,185;36,92108352;25,85517037;24,54794124
847,738;38,4524596;26,95125555;25,78653978
848,292;39,57072118;28,21132587;24,7455604
848,845;40,02253874;28,36027413;25,31215074
849,398;40,33333002;29,026005;24,73062779
849,951;41,35760028;29,5262811;26,71601003
850,505;42,32865009;28,31017519;27,12578028
851,058;41,70167388;28,32432103;26,27050454
851,611;41,77031647;27,95392389;25,55640932
852,164;40,89619915;29,56968785;23,13037391
852,717;40,95466137;29,30780234;23,40245601
853,270;41,3056662;29,47024047;24,48571733
853,822;41,29705082;29,32188834;24,76845218
854,375;40,96197498;28,67345651;23,58366864
854,928;40,59279469;28,60309507;22,04877755
855,481;39,38910765;29,71730407;21,97304295
856,033;40,97531347;28,60954247;22,87662021
856,586;41,67809269;29,64182271;23,70107858
857,139;41,72626386;27,31504283;26,33273539
857,691;42,30972118;27,48579229;25,8433331
858,244;42,01743845;25,77584431;26,49303281
858,796;41,21244546;26,90851165;25,56095868
859,348;42,7933337;26,39423801;27,57883445
859,901;44,11043215;25,66378524;27,53371734
860,453;45,29694464;25,21872902;28,45338032
861,005;44,34321266;27,19360972;28,32681526
861,557;43,95767584;25,45444599;28,73809189
862,109;44,48669271;25,58723035;27,17458922
862,662;44,0918662;24,97719218;28,15836735
863,214;42,90004729;26,94642034;26,5443465
863,766;43,46075491;24,65643346;27,58742638
864,318;42,88265972;25,79545439;27,5934791
864,869;42,96494397;25,81037533;27,73878172
865,421;41,88086244;25,26620526;27,13444873
865,973;44,12365488;23,58531728;27,74847395
866,525;43,45889164;25,48843287;27,05908694
867,076;40,85637649;25,95097014;26,97927381
867,628;40,4349132;26,44703686;25,72204396
868,180;42,26570986;25,53700149;25,30657895
868,731;41,67494603;27,65541356;24,33223057
869,283;40,71550689;26,59121737;22,65445402
869,834;40,50878071;27,60573678;23,64391848
870,386;41,40290975;27,14947157;23,52640091
870,937;39,60762094;29,09324565;22,2617637
871,488;41,82218404;27,89365201;22,88086801
872,040;43,41257212;28,09306629;22,91022725
872,591;42,98273182;28,57405982;23,94737463
873,142;43,06676226;27,65943922;24,17010555
873,693;43,39675806;27,40899964;25,19496227
874,244;43,10782261;27,75082271;26,03184167
874,795;43,4041813;26,88240976;24,38583086
875,346;41,86114135;27,69474653;24,86574203
875,897;42,25053025;26,28653033;24,95560154
876,448;40,60524745;26,09663514;23,68421064
876,999;40,6252126;27,85846781;23,20058035
877,550;40,76062108;27,69361406;23,12961604
878,100;39,9315244;29,28994076;25,64906382
878,651;42,07181128;29,51634481;24,2531684
879,202;42,77720889;29,6288991;26,3802615
879,752;41,9777313;30,35470865;26,88730029
880,303;43,0189434;29,24324726;26,23483617
880,853;42,51370467;29,06964789;28,18915499
881,404;41,32405491;29,03899474;29,49180962
881,954;41,81648459;27,35556243;30,43949099
882,504;43,19815863;25,24595691;28,73886372
883,055;41,35934737;24,87883118;26,31723365
883,605;38,29809713;24,02394367;28,58727704
884,155;36,61866965;24,72039166;26,87691176
884,705;36,81205086;23,45775652;26,38028196
885,255;36,43661266;25,17067944;26,97038073
885,805;36,3111716;24,98522935;27,19609364
886,355;35,98362342;24,87210862;26,0991611
886,905;36,468183;25,81328331;26,41509391
887,455;35,6002883;27,66669881;27,33415937
888,005;35,92287166;27,23788067;27,42969111
888,555;37,02505048;28,08778755;26,10760172
889,105;38,05396851;27,35334467;26,14979384
889,654;37,63892162;28,86344178;26,67643221
890,204;37,87030228;28,06315854;27,26069286
890,754;37,87847144;28,67295319;25,40581664
891,303;39,4346527;27,64392076;26,53068563
891,853;37,25618736;27,12136874;25,88722428
892,402;37,9402125;26,94531434;25,83041937
892,952;37,46092016;27,85991852;24,85644018
893,501;37,41332141;26,2825948;25,40952586
894,050;36,04405489;28,95049245;24,79471652
894,599;35,16309192;27,91323316;25,7289431
895,149;34,05308224;28,18542289;24,38000521
895,698;34,29907296;28,41115396;23,6850381
896,247;34,35849777;30,73225646;22,74712346
896,796;35,66854727;29,74248759;22,83438395
897,345;36,01005275;30,79801089;22,80431268
897,894;37,69356247;28,28072227;22,5505751
898,443;38,91802871;30,52540438;21,60543264
898,992;40,62499794;28,77471272;22,25439251
899,541;41,00930564;28,86165969;21,36955533
900,089;41,43517088;27,4735786;19,94276735
900,638;41,66186229;28,94760881;21,59927113
901,187;40,94210978;27,81764503;21,30029269
901,735;41,05700298;29,44926309;23,41521132
902,284;40,47282675;27,77802054;23,83444521
902,833;40,08886338;28,78624651;23,73962011
903,381;39,58298113;27,44570838;21,71252867
903,929;39,29035497;27,39516221;23,46008038
904,478;39,07743684;27,49717125;23,94814563
905,026;40,214779;28,92266212;25,74261297
905,574;39,30201559;27,91493599;25,35154649
906,123;38,74448117;30,10316221;25,2685999
906,671;39,271766;29,4290229;24,26445509
907,219;39,45097322;31,18505093;23,24366743
907,767;39,96565624;34,03952005;25,39399314
908,315;39,52221954;33,96077555;27,44240891
908,863;39,31421022;32,38828474;27,09138509
909,411;38,43395516;32,30959067;27,5751175
909,959;36,34792333;31,0064034;25,16794701
910,507;35,53972741;30,41086586;26,57834557
911,055;35,78296495;28,13439556;26,80155067
911,602;33,92804916;29,42059671;25,02080253
912,150;32,16024809;29,23167653;26,64870584
912,698;31,20020592;27,24712603;27,85711482
913,245;32,93749626;27,26212982;28,75700087
913,793;32,42271479;29,10855355;27,00223398
914,340;36,04554032;31,692729;25,79093046
914,888;36,96038146;33,375518;26,56914919
915,435;38,63600023;32,62589446;25,74414625
915,982;39,04015806;34,58764286;25,28641438
916,530;39,62635804;32,44493266;28,47265156
917,077;40,40900472;32,23677966;26,60719268
917,624;43,00650485;31,05146732;22,30109541
918,171;40,78860965;33,1044894;21,74098675
918,718;42,36146915;30,64196867;23,29062046
919,265;39,76570164;28,81001643;23,03240289
919,812;41,20494169;28,44540572;23,70182824
920,359;41,75590657;28,57673552;24,08260169
920,906;40,96320269;26,41617115;26,2130778
921,453;41,2545002;28,98885849;24,74259133
922,000;40,44876178;27,47343163;27,07980195
922,547;38,72421107;28,27160453;30,21294276
923,093;37,71564492;27,93626684;30,60804242
923,640;37,69091384;29,79623543;27,64980818
924,187;40,02362151;28,77912475;29,9550701
924,733;40,83967554;27,07056941;29,39991229
925,280;39,63896331;26,46563299;26,20720887
925,826;38,67674219;26,32252514;24,05625826
926,372;39,08767678;24,09575023;23,42601499
926,919;37,83713102;23,403552;21,1607088
927,465;38,73036964;22,03285481;21,72876928
928,011;39,6214237;18,9696426;20,49629671
928,557;38,42280148;18,92236229;24,00563036
929,104;36,49709609;19,97840983;21,93172644
929,650;32,22809771;22,58604971;23,28476574
930,196;30,00077276;23,6028725;23,46489472
930,742;29,48375299;21,11948397;24,1221362
931,288;28,0933619;22,45065052;24,61727312
931,834;34,35352535;22,69556565;26,60478737
932,379;32,05446933;24,82181554;23,46186182
932,925;31,83727482;25,22710764;22,98606105
933,471;33,03647665;26,15658468;23,29258816
934,017;31,20879289;22,84842889;18,7921917
934,562;33,95851249;18,61270471;16,87014718
935,108;40,38461632;16,97380899;26,75357423
935,653;42,17408368;16,89908705;25,63324302
936,199;42,06568841;11,38552696;25,55212409
936,744;38,55539574;13,09682633;21,58789728
937,290;36,09687174;10,46046586;20,15495787
937,835;34,4014725;7,083116167;21,49356855
938,380;34,03779371;2,874093606;20,02097671
938,926;31,41096983;6,370980728;22,95168707
939,471;31,68812239;9,411305227;27,58696401
940,016;25,32868161;4,301843354;24,55153086
940,561;26,91104023;6,544961886;26,22072024
941,106;25,25539208;15,29445447;24,41049125
941,651;26,06646046;12,56537382;25,17427536
942,196;24,47789085;12,42970423;26,67044976
942,741;30,96177465;13,71508201;30,38920046
943,286;27,48678281;9,984487534;28,51197961
943,831;32,02768022;3,784321501;30,20611359
944,375;29,86521619;-0,833080275;22,95939061
944,920;32,05469841;2,387885345;23,96236142
945,465;33,74025118;2,962857033;25,36992733
946,009;40,5749041;0,720814295;25,50767855
946,554;38,8224871;1,422419416;26,72155597
947,098;44,94444146;-1,775817427;26,3749854
947,643;40,14878146;1,295267405;20,66649767
948,187;47,48536876;5,05632984;19,79755648
948,731;43,90192718;11,99791481;17,5503204
949,276;49,25896481;13,55970868;21,63962262
949,820;54,18492041;18,38544023;17,61060639
950,364;56,40347169;18,13501879;17,55036275
950,908;42,59610116;20,52800296;18,08305223
951,452;41,26062006;19,22937124;17,24266414
951,996;37,42230947;20,14223725;18,55187391
952,540;38,52432719;20,96553156;22,51934277
953,084;35,64563167;17,34221018;19,56014723
953,628;39,52063135;11,7187516;19,25731792
954,172;36,63160014;15,23599913;13,44190366
954,716;35,12336796;7,701395336;14,88632714
955,259;31,88237382;7,813216035;13,18540913
955,803;42,84768335;2,343752694;15,97839037
956,347;47,09831663;3,661558806;16,16541273
956,890;48,89881944;1,871506707;20,06912198
957,434;49,55806899;-7,704920616;20,18248399
957,977;50,65328484;-2,095281528;23,54268087
958,521;46,5248918;4,359000051;25,01586243
959,064;48,33462534;1,830998067;30,24360324
959,607;46,88309634;7,98087839;33,75814862
960,151;49,41398892;7,327366553;34,98337119
960,694;46,29935233;8,641336944;31,39931658
961,237;45,15667113;6,942014633;33,05424662
961,780;41,95402539;10,30029778;28,74161666
962,323;42,32046124;13,84827578;27,86704049
962,866;39,60244382;16,16490156;27,69217478
963,409;40,94808208;17,83774121;26,74130752
963,952;39,81758091;16,5962259;24,7580281
964,495;41,22189841;15,0696096;24,14915084
965,038;37,69766058;18,52511621;24,58459459
965,581;36,83308932;17,23734147;26,14514048
966,123;34,01408311;18,95958628;24,53253912
966,666;39,52501203;20,84251949;27,57321178
967,209;37,09522761;19,74196414;29,97225706
967,751;36,65220357;15,69105919;32,79368653
968,294;37,03625157;15,16613847;33,1047196
968,836;39,27131534;15,99048755;34,8297574
969,379;39,56236095;15,66881834;33,15298999
969,921;41,59196576;12,66809585;31,2236292
970,463;44,39378979;16,34064702;34,18848412
971,005;47,94100233;16,9627394;36,230267
971,548;43,36647013;14,22051202;35,19684611
972,090;45,40075088;13,19045991;34,47362669
972,632;43,29586682;16,27339994;34,45100655
973,174;49,01104144;11,48307776;37,20390746
973,716;48,95072019;10,55715935;36,18304929
974,258;50,43983464;9,37180082;36,64213894
974,800;51,26592975;12,00371069;35,63490681
975,342;48,9178591;11,31376511;34,816646
975,883;45,2433329;8,995438855;30,21996256
976,425;49,47149519;8,282615724;30,94646163
976,967;47,00555757;12,86669563;29,81651553
977,508;50,72905387;9,184721298;29,65569273
978,050;44,20336959;10,68168539;27,17101058
978,592;44,42743493;8,789418195;25,81506724
979,133;39,09828812;10,16949153;25,30450816
979,674;38,2546594;8,436135224;26,35356566
980,216;36,81917237;10,68916804;24,32586793
980,757;38,76164876;9,882265786;28,36991511
981,299;35,7628062;9,17181892;26,60216805
981,840;38,61805207;6,903783651;28,54862287
982,381;37,61092982;8,874944639;27,4799378
982,922;41,92671815;10,46021254;26,7808767
983,463;37,05225669;14,44546142;24,98756373
984,004;42,98466798;12,03655834;25,72733304
984,545;41,19484795;14,74163934;26,36401376
985,086;43,4239394;14,83488757;28,91285453
985,627;42,28346947;15,06060651;26,7372398
986,168;41,98640478;17,75443383;26,69182721
986,708;41,09498775;17,42006516;24,01315658
987,249;41,60910614;18,25172302;19,15044327
987,790;39,00152423;12,86173792;20,83182414
988,330;42,95535646;10,70926438;22,28904543
988,871;35,42093299;16,14305834;17,26208528
989,411;36,83065815;16,49986306;18,24622457
989,952;34,37235984;13,67964554;14,13677918
990,492;35,26570211;16,66964999;17,65830997
991,033;37,26247878;18,99851522;16,91572953
991,573;35,35654091;18,46644596;13,00438761
992,113;35,61755022;19,46451958;17,84719433
992,653;34,09033561;23,90482244;15,61782943
993,194;32,23414255;29,50943488;18,73090599
993,734;39,10121085;28,29578993;22,14683135
994,274;39,74564282;25,3212068;22,60651198
994,814;42,04444932;20,77701155;22,10158926
995,354;42,71498195;19,79035431;20,47400969
995,893;40,293297;12,59744429;23,84171928
996,433;41,42012099;12,07239409;28,69105688
996,973;42,52754875;9,937094587;28,20781387
997,513;42,59740685;9,323562993;29,49461795
998,052;45,22027399;4,032588113;27,59552086
998,592;41,59945696;8,535606807;27,83973821
999,132;41,8006059;6,003885513;27,89145174
999,671;43,52503382;11,3267018;27,20134667
1000,211;45,46201178;7,027344985;28,63646994
1000,750;45,73429334;9,213250694;26,41122787
1001,289;48,71646212;13,30493262;26,48765419
1001,829;46,58784162;14,4494529;28,50964272
1002,368;55,54457782;18,68495686;30,49761175
1002,907;53,40693634;20,38508528;33,525933
1003,446;56,47527018;15,14466841;27,90822858
1003,986;55,68129609;18,92741216;24,385394
1004,525;55,93847316;16,40449472;28,20016296
1005,064;48,64587396;25,88410017;22,160704
1005,602;51,65308497;27,09426976;22,88662679
1006,141;51,19184455;23,37998534;22,95081877
1006,680;56,01217761;20,732475;23,2784648
1007,219;50,93106323;14,65473805;22,18040362
1007,758;50,38456676;10,66530059;23,23039519
1008,296;43,79610319;11,31204784;28,61324488
1008,835;45,33766574;9,554674443;30,41181419
1009,374;41,86874357;9,655857383;27,79220956
1009,912;47,97082139;1,925688609;31,37182838
1010,451;49,27681008;4,102629687;33,0231383
1010,989;50,75635957;4,024957135;33,67293856
1011,527;48,05132022;6,09681509;33,4534772
1012,066;41,46094757;1,65103242;33,292766
1012,604;41,18414476;0,703954487;30,32752226
1013,142;44,67223908;0,274761494;32,98163842
1013,680;45,08438343;-1,708140379;29,78320075
1014,219;44,60887689;-3,615590009;37,97543273
1014,757;47,79529478;-3,771462988;33,68860785
1015,295;46,28749489;-12,53461875;28,12775911
1015,833;41,9070995;-11,57323616;26,42017269
1016,370;43,18465936;-15,62128174;25,84381864
1016,908;47,0740321;-6,008521587;25,66868144
1017,446;49,98714967;-7,25574634;24,63639086
1017,984;48,6126666;-4,281261861;20,48044461
1018,522;50,29403722;-4,962095133;20,91254552
1019,059;45,97844307;-2,072322872;13,06577969
1019,597;49,28250445;-2,308119956;19,32938562
1020,134;44,18145693;4,373701269;22,63102668
1020,672;47,1910122;3,155045389;21,84732689
1021,209;45,42271696;7,573440203;22,90581998
1021,747;41,90654581;5,334315019;26,71350469
1022,284;42,78234388;11,2735173;25,40824887
1022,821;53,25064072;7,47767581;24,48663624
1023,358;41,05175788;13,51009994;19,27062733
1023,896;44,74076753;14,86829675;21,80338336
1024,433;25,58041324;16,03265417;13,48097319
1024,970;29,41421283;13,89713182;14,88838478
1025,507;24,30915925;20,83199576;10,4077528
1026,044;24,08356207;16,0778326;9,704372853
1026,581;30,97595563;13,47588522;3,845331971
1027,118;24,91622075;14,56667853;7,607827539
1027,654;17,26170046;13,25000108;16,33096424
1028,191;26,64686417;4,702360561;31,63737191
1028,728;23,32361606;5,328170706;33,04659526
1029,264;28,93731236;6,144306648;36,8865985
1029,801;29,98828466;4,185542212;31,54270217
1030,338;30,35930867;2,730051641;32,80640483
1030,874;37,25860884;10,65819106;28,81422667
1031,410;40,65693343;11,50890252;35,41165465
1031,947;44,20591181;10,00000068;41,83894317
1032,483;42,94933524;13,41163204;35,5897647
1033,019;21,0325071;22,58473738;29,91283628
1033,556;23,44610115;26,07973564;28,32174761
1034,092;24,71369391;33,86615101;36,90892579
1034,628;26,80387393;33,00019654;41,21276265
1035,164;23,38487416;32,21985139;41,52005447
1035,700;19,05293758;23,92592475;41,50068817
1036,236;12,48943169;23,48325423;35,83347742
1036,772;1,163965758;18,62830152;34,63706396
1037,308;1,81557547;14,15504999;23,33457271
1037,844;13,53419522;18,38544187;20,14777232
1038,379;7,992854686;16,10975799;16,41263855
1038,915;8,42844539;7,374766623;9,262682648
1039,451;3,18261545;18,91197349;11,22140846
1039,986;-10,01418386;10,83277078;12,67137389
1040,522;-11,57659778;25,85227806;10,60421583
1041,057;-17,88889017;24,48057802;15,00945725
1041,593;-17,66353041;33,39797482;12,44563931
1042,128;-8,348748087;40,53497735;20,56723702
1042,663;-11,87943446;39,78607456;19,44730947
1043,198;7,916665222;42,82591495;15,13716163
1043,734;3,27699714;48,57988506;10,39594664
1044,269;-10,26518968;39,20294393;10,52348497
1044,804;5,643989187;40,39008426;14,99728351
1045,339;2,812497297;32,46041578;18,71401187
1045,874;13,61386412;33,15419474;17,15481297
1046,409;39,27981279;25,03891061;21,69903894
1046,944;23,38225473;19,45369824;25,5384021
1047,479;31,06598776;10,28815349;22,26090624
1048,013;11,45359276;-1,653302923;35,00396169
1048,548;13,06494394;-8,193852567;34,12545415
1049,083;32,75213586;-5,22425055;24,38970138
1049,618;43,00069194;-6,677224287;11,76052994
1050,152;44,692935;-6,306831045;7,677946749
1050,687;42,36311289;-1,734107344;-5,911440594
1051,221;27,2937533;1,347539069;-15,39851019
1051,755;41,37037091;2,52707598;-13,31425936
1052,290;30,0845072;1,531213368;-7,342583812
1052,824;48,96492333;8,574302029;-10,67148951
1053,358;46,20879231;13,79474957;-7,430412232
1053,893;43,71152434;20,84520446;-4,39826052
1054,427;34,60451814;23,80830268;0,066518785
1054,961;32,24627651;13,97999668;7,645260031
1055,495;30,55555384;17,17575177;18,25578979
1056,029;32,03166296;13,90093563;25,11134639
1056,563;31,38945181;22,43847827;21,51138741
1057,097;45,20877561;23,20930256;17,96246613
1057,630;29,95594773;31,78067555;18,40443808
1058,164;33,86196802;18,606651;24,96551826
1058,698;29,82153073;21,50384458;26,24351092
1059,232;38,38292969;18,59514826;38,10909173
1059,765;40,92627456;30,36635741;35,79363581
1060,299;55,31355507;27,08559093;38,37667186
1060,832;39,58769914;39,31055454;35,5598091
1061,366;47,43529608;25,66174529;30,08474553
1061,899;21,58498484;31,17927435;35,44378749
1062,432;33,64646022;11,82265811;31,60347405
1062,966;20,5175638;19,33472029;18,4408479
1063,499;-1,427300758;12,27139987;14,27486651
1064,032;-23,07001905;13,53987506;2,061599989
1064,565;-7,828806317;4,921133913;1,526315819
1065,098;-31,71745369;-1,055246009;-8,952023222
1065,631;-13,21084401;-18,29633968;-4,496973413
1066,164;-64,15563349;-30,91691385;6,092124606
1066,697;-61,777771;-34,75830434;-15,70547687
1067,230;-43,59775172;-35,1401205;-23,35329454
1067,763;-10,66597294;-37,87476414;-26,94456205
1068,296;1,148826963;-55,11069309;-36,7555542
1068,828;15,41850233;-43,60643117;-29,8755227
1069,361;-1,286599754;-29,66761215;-29,41571514
1069,894;18,47133648;-30,49429789;-33,50515645
1070,426;3,384766953;-14,85692014;-41,02401621
1070,959;30,52631769;-5,425101454;-41,6284041
1071,491;26,71466605;-1,993620321;-23,84801881
1072,023;40,23080189;-4,392943422;-6,676821428
1072,556;32,5664441;-9,809885683;-7,782489531
1073,088;39,12718838;11,90071344;-0,260478253
1073,620;15,46774872;17,07920761;-2,486460094
1074,152;20,74259391;8,301886392;-4,410080052
1074,684;22,75506787;8,731366913;11,01761767
1075,217;28,57142977;-5,270695141;9,455080759
1075,749;16,55350873;-4,787233776;16,89594257
1076,280;17,038623;4,712042028;13,42715927
1076,812;10,90837266;9,760899446;-7,491855958
1077,344;8,065205699;18,27027011;0,184297917
1077,876;-0,446122257;14,31894571;3,424915277
1078,408;15,34475939;21,38240966;2,713178409
1078,939;24,39362596;21,06512826;0,097911138
1079,471;21,72797375;20,42360075;-7,193119814
1080,002;15,20940591;38,38951264;-7,219947943
1080,534;24,70735754;32,20899531;-8,584386865
1081,065;34,41176318;20,82709073;-13,43185556
1081,597;33,95705651;24,0280631;-29,49695169
1082,128;21,68949674;19,74333799;-23,04625205
1082,660;19,81695009;11,08007442;-28,5951096
1083,191;20,16317301;10,70468022;-30,88671854
1083,722;26,7491481;13,43137233;-19,09047919
1084,253;-0,939540977;10,62827271;-36,69501887
1084,784;11,03166731;6,969253267;-45,95744945
1085,315;17,23404251;18,83263401;-54,73392858
1085,846;29,46794141;15,90830198;-30,21943422
1086,377;17,45860325;11,56862683;8,3073724
1086,908;29,99273937;13,16703558;-14,89482609
1087,439;30,84230508;23,05630138;-12,29891059
1087,969;28,91765327;-7,20580664;5,210643028
1088,500;23,22791824;-1,832460557;-1,842696465
1089,031;33,99340109;8,552632589;12,21423858
1089,561;30,65217379;10,6076565;5,121638661
1090,092;28,51190366;-6,88657415;13,80922688
1090,622;15,04978669;-6,907701207;9,498367825
1091,153;27,14723732;0,548395907;-2,842074316
1091,683;28,82646463;-4,936748092;11,82592186
1092,213;38,5342177;-17,42511471;10,69904844
1092,744;28,32541585;0,394425068;8,34655674
1093,274;22,43382782;1,864623537;11,97206513
1093,804;20,85159586;-0,568020737;-1,403382547
1094,334;8,091908803;-9,728000897;20,43372051
1094,864;11,13384041;-3,256341916;9,933142443
1095,394;0,611509723;-5,623381893;19,0934481
1095,924;-7,511177657;-31,65680373;22,42122661
1096,454;-9,259259741;-44,33617598;19,81876541
1096,984;-28,49378921;-32,47320383;28,15020154
1097,514;-1,328068147;-37,3128286;26,69386005
1098,043;12,23709342;-35,10436468;16,5029481
1098,573;15,16952136;-32,92730814;19,68013044
1099,103;26,58380196;-22,95597429;11,0291652
1099,632;30,17928059;-20,68051272;20,62410248
1100,161;39,24433322;-18,94904346;10,06960561
