Filename-->;PUNTA_LILA.RFL8;PUNTA_LILA_2.RFL8;PUNTA_LILA_3.RFL8
Mode/Unit-->;;;
Int.time[ms]-->;1,049999952;1,049999952;1,049999952
NrOfAverages-->;20;20;20
Smoothing-->;4;4;4
Wavelength [nm];;;
172,206;-6,468474464;-1,901743188;-15,95866789
172,805;-7,65923148;9,439801675;-4,25652669
173,404;-6,853658282;3,556149706;-7,257041761
174,003;-0,95514947;5,528568192;-4,935275065
174,602;-1,202519518;7,056798642;-6,433539232
175,201;-4,232494534;4,984093533;-7,385524457
175,800;8,929561529;16,61281067;3,768714341
176,398;9,575587294;17,53100406;9,549518919
176,997;6,63701056;13,81636226;6,682234754
177,596;7,901907615;16,603267;11,08790304
178,195;10,53969516;17,13246904;2,084075527
178,793;11,48225467;24,5191293;10,91877517
179,392;10,28721575;30,88624382;14,95327135
179,991;7,200306458;29,0178581;12,76059225
180,589;11,39320242;29,43723087;6,739621861
181,188;-0,838398584;23,95833409;1,289860212
181,786;0,863022891;25,05404841;-8,732730686
182,385;-1,942463747;20,24207013;-4,027271321
182,983;1,197479042;20,33898411;0,186133102
183,581;-3,288619517;8,857199888;4,431658823
184,180;-5,017226643;4,261231761;-3,592024902
184,778;-15,9702473;-6,376541841;-5,897009811
185,377;-13,37234506;-4,980750774;-5,677623308
185,975;-11,16408418;-2,238249228;6,422018201
186,573;-1,05202745;2,470708362;8,568662773
187,171;-3,431008849;2,67942575;20,71348254
187,770;-5,086580013;2,269619979;18,79439082
188,368;-13,0120483;-0,207162098;14,60011715
188,966;-7,514032258;10,99309657;17,43629062
189,564;-9,341906499;11,15488737;22,06268951
190,162;-2,025917058;16,712058;18,50102733
190,760;1,527247363;17,36594059;19,94903463
191,358;3,440586189;25,50544377;21,0565206
191,956;-2,531851726;19,40451778;24,77876212
192,554;-0,437672359;19,43778728;14,68155516
193,152;-0,303387898;18,05320927;10,71286321
193,750;2,267974919;16,15152207;5,274948973
194,348;4,602784802;15,55901345;12,51039102
194,946;-0,0626076;19,11729465;4,065040823
195,543;1,116505042;7,511290512;7,698001312
196,141;-1,568883739;3,866862441;-2,138932497
196,739;-7,697841325;-11,42990474;-9,308510588
197,337;-9,412827239;-12,13106492;-19,4727385
197,934;-10,840708;-16,84435005;-13,8467931
198,532;-8,489208557;-16,92862673;-13,4570277
199,130;-16,82317763;-26,81505126;-13,8882713
199,727;-24,85284537;-46,57251407;-30,69800698
200,325;-12,81525536;-39,80480298;-16,42924982
200,922;-20,37191858;-29,93062367;-25,74987366
201,520;-17,30002013;-25,54399311;-9,477755777
202,117;-12,06577572;-18,75000006;-12,75335881
202,715;-12,94949869;-18,2235486;3,916053838
203,312;-7,971689557;-9,522766871;-3,763666972
203,909;-6,212282377;-5,636283788;1,455427463
204,507;-2,307940501;7,381676094;7,420223254
205,104;0,551839302;9,626955738;10,69347835
205,701;-1,104768974;8,90645013;3,3850756
206,298;-8,353080771;-0,609480785;9,518391967
206,896;-7,596135877;-7,707657893;8,022021099
207,493;-12,17767725;-11,85607031;8,067690156
208,090;-4,643284256;-10,20096662;-5,512143937
208,687;-15,70160577;-16,01130788;0,060265107
209,284;-16,91777839;-18,10689893;-3,992591428
209,881;-18,60635604;-21,04689063;-5,868741824
210,478;-31,98208795;-25,9006354;-14,92063464
211,075;-37,05910238;-34,383808;-19,20931296
211,672;-31,79754892;-29,03225801;-30,54383621
212,269;-38,10983333;-35,6682046;-31,42923148
212,866;-38,9938791;-39,06962376;-31,45645694
213,463;-43,39035735;-32,33283899;-24,54882552
214,060;-34,41509474;-31,4095138;-31,11831426
214,657;-34,43455956;-40,05358072;-27,27048225
215,253;-53,06414827;-71,53879286;-41,03413183
215,850;-42,17630806;-52,37366056;-37,17693858
216,447;-37,58371974;-33,56497585;-33,88056236
217,044;-29,48851785;-28,94822463;-21,68960519
217,640;-22,26779302;-8,141150438;-15,44733889
218,237;-12,04819256;-6,011221188;-3,889789083
218,833;-9,336271811;-12,88483521;-12,93909572
219,430;-7,251171437;-1,968805845;-7,377418075
220,026;-6,864470835;7,958399108;-14,13246365
220,623;5,463237474;11,59090918;-14,77994304
221,219;1,939546465;-4,232922373;-16,43109549
221,816;-3,271276834;-9,43441606;-15,75342388
222,412;-3,18645734;-0,045474847;-26,23784282
223,009;-6,581135745;-10,14459521;-25,45538404
223,605;-8,559046621;0,642398609;-23,52941163
224,201;-7,51193165;3,888566581;-12,637363
224,798;-16,71874934;-0,045589359;-31,41849507
225,394;-17,72866309;-1,260600581;-24,95024909
225,990;-21,03219899;8,556832135;-6,040268201
226,586;-11,67460195;15,2522487;7,694157135
227,182;-12,72211763;14,440501;1,455251076
227,778;-14,57247663;2,777777852;4,243902456
228,374;-14,76014752;1,349206493;-3,257575666
228,971;-22,38385788;-13,2132784;-17,77389281
229,567;-23,28351753;-22,2352389;-22,22977593
230,163;-18,45828928;-29,68647072;-11,67824655
230,758;-23,28415672;-38,42439486;-19,11071859
231,354;-15,54223853;-35,77734298;-20,04568768
231,950;-21,12824924;-31,07233418;-38,54895289
232,546;-20,88970466;-28,60316519;-29,80460915
233,142;-21,82434265;-29,33168386;-36,56078186
233,738;-27,10257013;-30,40208169;-39,94378599
234,334;-5,11425484;-4,783298437;-28,14244017
234,929;-7,010456299;4,216706986;-24,80566972
235,525;-9,455517287;1,420765258;-28,18776106
236,121;-0,504565151;7,184564893;-19,06010876
236,716;-3,644188592;-8,911465308;-30,20928104
237,312;13,05833593;-7,103949231;-17,02942363
237,907;14,70662881;-14,17189782;-20,59119291
238,503;14,53891607;-10,83931795;-20,88945864
239,099;18,51475108;-5,659917111;-20,01645792
239,694;6,997219389;-6,737760244;-12,66246573
240,289;7,485226646;-9,022384228;-17,01954483
240,885;12,96105476;3,854782497;-5,816969639
241,480;16,74484924;3,166986018;-9,982608389
242,076;12,60252069;2,7484564;-9,696284442
242,671;0,771154671;4,19964836;-17,77651267
243,266;9,049359723;13,18129096;-5,374150761
243,861;12,66383015;17,66004425;4,994433121
244,457;13,02501235;18,16250669;7,728558447
245,052;7,69362593;10,92988391;2,531855145
245,647;0,980223355;9,762049969;6,2224397
246,242;-0,086805409;6,054530943;2,669007909
246,837;-4,726410241;0,832204269;9,141377181
247,432;2,137885098;8,586312109;13,77321053
248,027;1,296928761;1,173125191;24,67387357
248,622;-1,951758431;-1,263501171;11,24127106
249,217;-4,60288792;-2,080000286;8,537634175
249,812;-12,32346703;-3,810975464;2,887727019
250,407;-7,828282684;-5,477659459;3,992656986
251,002;6,011328259;-4,663947453;5,484841615
251,597;6,990715616;-3,895130969;13,03966692
252,192;6,263127766;0,950683265;11,06138137
252,786;-3,72340402;-6,117404472;7,916251404
253,381;-2,224409502;-6,498436759;-4,709376243
253,976;-4,983659945;-8,258348527;7,773066773
254,571;-6,729362201;-8,398196905;3,186616425
255,165;1,12216811;-1,371951305;5,962552418
255,760;5,186419423;5,965970251;3,324417197
256,354;-4,752431271;6,789685132;-1,568012424
256,949;-0,388071902;10,81022086;2,673170844
257,543;2,627045689;3,8837211;3,278354623
258,138;9,928330426;8,838500353;-0,72463763
258,732;2,502482548;13,28888931;3,585423219
259,327;6,487655365;25,41501131;7,021044899
259,921;5,095420018;25,97521847;10,19481738
260,515;3,398669507;18,09501637;11,14404326
261,110;-5,837337722;14,90774879;14,04709158
261,704;-3,617477587;18,16894747;23,83633612
262,298;-12,53157242;7,770632457;14,27464721
262,893;-9,050301397;15,12361913;11,18546812
263,487;-14,11812346;12,38144004;14,12014637
264,081;-0,248044308;14,25454504;20,7655687
264,675;-5,937695904;0,854915771;14,652248
265,269;-4,407385506;-1,502145901;11,42387476
265,863;2,955870199;9,653631223;19,17372898
266,457;10,55781123;9,883970612;19,97296377
267,051;7,436355481;3,59743958;14,44383959
267,645;5,982122714;8,542825654;11,06749009
268,239;-3,518859459;-0,229832077;11,49913227
268,833;7,144349113;4,654932947;13,7670745
269,427;6,204081894;5,789473641;18,50096558
270,021;5,33762063;7,156926836;13,91851672
270,614;6,612685565;5,854293226;15,31143413
271,208;-7,801269041;-2,603550387;11,39698447
271,802;-3,395311233;1,410891099;17,12562856
272,396;3,195603563;3,907935926;14,67761408
272,989;6,170009048;9,219698555;24,5485435
273,583;10,1640509;6,252640225;25,17527099
274,177;5,710491224;3,098952964;29,77608406
274,770;-1,044277442;2,070141276;20,12924161
275,364;-1,967272833;-0,167744178;26,01458493
275,957;-5,579323084;-0,912547782;26,51028166
276,551;2,082962717;1,727591841;28,86124654
277,144;-11,53247849;-15,12403346;19,571713
277,737;-12,63255772;-12,96192626;19,64960498
278,331;-21,27436586;-24,57124887;10,30182583
278,924;-24,9666827;-16,43497022;8,279406468
279,517;-19,80434709;-19,56231595;4,431487273
280,111;-23,30357232;-23,52120549;9,322033124
280,704;-23,46561513;-18,53807627;4,194830679
281,297;-10,74873681;-14,65561834;5,309403804
281,890;-11,28845723;-16,62701592;-7,713325199
282,483;-3,190630053;-3,117887805;1,518438072
283,077;-3,557788987;-4,70588232;-2,036825908
283,670;0,453227181;2,93322258;2,143925625
284,263;0,342583234;4,106226321;-2,720139222
284,856;-2,232142768;6,61835768;-2,978112366
285,449;-3,856175139;-2,735914421;-8,973369141
286,042;-1,028037452;-9,997757743;-14,93177439
286,634;0,098077721;-5,027675014;-21,63707966
287,227;-10,98603281;-8,208365722;-22,00734807
287,820;-11,86479714;-9,608442877;-24,41390566
288,413;-12,59615358;-10,63672262;-13,31775653
289,006;-3,850641602;-20,36941986;-14,97504149
289,599;-8,254963967;-23,071446;-5,903399157
290,191;-18,51225848;-27,39463684;-13,90097439
290,784;-13,26194476;-17,78666738;-5,353799801
291,377;-7,575757529;-6,34052987;4,778406426
291,969;-16,66242033;-9,56764193;14,95578573
292,562;-13,29265146;-7,68037282;13,09432497
293,154;-13,02816836;-10,73735143;11,58301167
293,747;-15,78693482;-17,92768082;-1,996992738
294,339;-18,4805906;-0,322960009;-4,604051718
294,932;-8,441100574;11,29389316;-5,833511348
295,524;-5,459900314;8,761407384;0,020040133
296,116;4,244589514;10,37886961;-6,266318628
296,709;6,310868747;19,67213201;-4,021288616
297,301;3,34918735;11,19385043;-13,36614166
297,893;8,560885146;14,02747594;-8,627678805
298,486;10,72796933;13,67000466;-10,14996272
299,078;9,542509877;26,11683953;1,949051409
299,670;2,941176703;13,82752826;-0,723763612
300,262;-6,511991139;10,94045889;-10,28892094
300,854;-3,748376362;15,53672373;-5,036830412
301,446;-15,63880826;10,65046404;-2,343417206
302,038;-24,41056995;6,607468073;-16,52835503
302,630;-22,69261634;10,08403462;-21,62369272
303,222;-24,95464477;9,642259942;-23,56471723
303,814;-21,98039127;10,6370004;-20,28615204
304,406;-20,64826033;6,800766984;-33,95045806
304,998;-16,78549652;11,51898583;-26,80087436
305,590;-14,80040917;6,300597543;-20,07017552
306,182;-7,199511905;11,02236334;-20,02854381
306,773;3,238546692;15,75262534;-27,91453847
307,365;3,234501779;0,55796733;-18,56302063
307,957;6,733608634;0,197016824;-13,43674942
308,549;17,5929715;-0,362224939;-7,697471243
309,140;19,67680594;6,246759632;-1,630192019
309,732;23,00521967;-2,60202664;3,81841325
310,323;20,69026467;-0,445368069;4,66110311
310,915;23,70058562;-4,320363879;8,073965783
311,506;14,77676026;-14,21094007;1,805337639
312,098;13,95089267;-9,733909528;13,95915269
312,689;17,73974928;2,75771482;20,81810225
313,281;18,1482131;-1,158479658;22,2608096
313,872;6,347325736;-4,417970194;16,94017973
314,463;0,986724145;-4,400978159;20,06665496
315,055;-2,789659787;-1,518026519;17,38894886
315,646;5,18797009;0,368923888;25,01003626
316,237;6,814095737;11,93246612;23,65419297
316,828;11,56539874;19,0613722;25,65034499
317,420;9,48520514;19,68319963;18,0759187
318,011;2,941903598;0,686362318;4,091754727
318,602;-0,5674808;7,653742911;2,258336587
319,193;-1,125755092;0,624349809;9,854569099
319,784;-8,63624588;-13,75641869;0,613207655
320,375;-1,228802665;-1,252407941;10,14879044
320,966;-14,63223799;-9,259852747;5,643436759
321,557;-26,13605823;-11,94202871;5,718176071
322,148;-18,80379655;-2,358226531;13,29071992
322,738;-12,98519464;5,381414486;19,34353696
323,329;-9,371727962;15,46277847;22,77007449
323,920;-6,974268218;14,17161642;25,71428651
324,511;-4,413435529;17,15151497;24,1830057
325,102;-0,365130394;21,51726754;25,78149159
325,692;-4,108941687;15,20050385;23,09250527
326,283;1,009492187;22,68821632;23,27683605
326,874;10,99881147;20,69662936;21,05425949
327,464;7,40678224;5,860805688;13,22863169
328,055;9,262948266;-1,431167529;13,44370812
328,645;12,18115577;-3,395212738;13,43928163
329,236;14,9379581;-3,375723044;13,75600071
329,826;10,88526804;-4,062632318;14,39442017
330,417;16,4496842;0,692790599;11,41233727
331,007;20,23015307;11,30798358;11,53385242
331,597;14,92677514;-4,326617049;3,442428289
332,188;5,377376312;-7,632627386;8,674054204
332,778;4,611211631;2,002200207;8,841218611
333,368;1,885725055;6,643757263;4,60092008
333,958;3,218094896;10,41394264;4,994259511
334,548;5,737865939;17,34141607;5,6296836
335,139;14,94969791;19,63190144;-0,200620434
335,729;15,06487782;9,377203666;2,299076811
336,319;9,643884536;-4,318241442;-8,23315991
336,909;17,21589841;2,15475036;-5,724040604
337,499;29,68899128;15,44309737;-10,70990433
338,089;36,42172477;10,5983984;-4,020431749
338,679;29,13921362;5,297593869;-8,228167752
339,269;23,53676311;1,340182867;-5,40865389
339,858;20,75545915;-8,115441737;-8,733539793
340,448;17,74900429;-7,765451452;-1,001540758
341,038;14,71180342;-1,46775738;-4,975895227
341,628;16,27522905;3,760913408;2,95504552
342,218;12,85888264;15,21788706;15,71472622
342,807;-3,289244551;3,030302596;18,32269795
343,397;-4,655974845;8,135260915;12,59590848
343,986;-4,653204444;4,907975116;15,78276801
344,576;-4,762770222;4,001872437;13,67187538
345,166;-5,135838959;7,441664777;16,28995852
345,755;-7,65688936;6,542443135;10,0640731
346,345;-5,537918552;6,12700355;15,55886186
346,934;-6,556208604;4,130566518;15,97422411
347,523;-1,71898324;4,008479639;7,670703985
348,113;6,547068383;8,921729485;3,965485478
348,702;10,0693239;4,615096758;9,268205296
349,292;8,794501402;5,192006306;-0,626727773
349,881;8,37080611;2,246723567;-1,186842802
350,470;4,485666121;2,452984463;-1,060578695
351,059;5,866127349;4,062262883;1,770406314
351,648;10,86797981;5,234732208;0,824024878
352,238;12,03994846;6,391534269;2,282282195
352,827;11,07981197;-2,42081449;4,025696036
353,416;13,43909587;4,888352527;9,518893372
354,005;9,900074074;4,4463263;-2,980204558
354,594;18,9110266;11,34623162;13,13109923
355,183;24,49812284;17,9642796;19,4715684
355,772;26,84850513;16,36159795;14,24131618
356,361;29,5076765;16,31518361;9,364119752
356,949;23,47380133;13,8196806;7,154866362
357,538;17,14196744;16,19767879;5,63746795
358,127;17,24085347;17,66948438;7,419871962
358,716;12,17434014;7,132696938;0,508044274
359,304;6,457756357;11,25755108;10,58119696
359,893;-0,185278705;4,114490295;3,2474054
360,482;-4,062661263;1,657875032;-0,656028359
361,070;-4,178847793;1,364721968;-8,918820363
361,659;-2,839959892;-1,826484107;-5,367435247
362,247;-8,79892946;-5,957884286;-13,92138123
362,836;-0,45332432;-5,035720407;-17,07729893
363,424;-6,867388062;-8,501715591;-24,19862814
364,013;-9,176546559;-4,30870397;-20,55444119
364,601;-5,87769366;-11,69451051;-27,69400692
365,190;-0,762660174;-2,900652655;-17,92321204
365,778;-2,281254145;-13,5185883;-28,33490209
366,366;0,086194434;-4,649026184;-11,08891111
366,955;1,162313627;-5,725931716;-16,40409184
367,543;7,48370273;1,090728801;-5,816652016
368,131;6,24166759;-2,992278174;-2,634812071
368,719;8,693657717;-0,67095327;-0,904743337
369,307;11,23184494;-1,424092235;-0,793087265
369,895;11,23221317;0,714034857;1,020195462
370,483;8,426072957;-0,706633237;-2,750587461
371,071;9,128919789;2,078593705;-0,806805278
371,659;7,490488378;-0,91890866;-4,580278533
372,247;4,312288651;2,117567254;-1,133102955
372,835;2,531255772;1,430512264;-2,068569342
373,423;2,934872284;1,342328514;-0,230764909
374,011;3,062532661;0,220601681;2,170618309
374,599;2,316197242;2,14621775;2,185651932
375,186;2,437510754;1,702736431;2,205660995
375,774;2,377771086;0,796923332;2,511784238
376,362;1,786484163;1,894504877;2,857893507
376,950;1,588596755;2,837850877;2,803475528
377,537;1,512776959;1,61761329;2,33943693
378,125;1,623345064;1,939682541;2,95801323
378,712;1,497421231;2,720773764;2,195766751
379,300;1,314776995;3,986462653;2,285902799
379,887;1,532243709;3,836491117;1,99461496
380,475;1,211543223;4,230848098;2,261328051
381,062;0,978949533;4,841929092;2,033229158
381,650;0,957971457;4,359223021;1,85260525
382,237;1,105262479;4,232539303;2,248488816
382,824;1,172227253;4,500084873;1,905342071
383,411;1,416747772;4,960433237;1,499225945
383,999;1,768734258;4,564885231;1,643931497
384,586;2,22110529;4,841672992;1,409051046
385,173;2,052341804;4,58337258;1,520986358
385,760;2,209721583;4,187383173;1,354723307
386,347;2,794468313;4,54163568;2,240417396
386,934;3,155003469;5,155754807;2,630218733
387,521;3,171732852;5,114980918;2,750019993
388,108;3,304384142;5,325016086;2,945905226
388,695;3,268634827;5,023388465;2,961774845
389,282;2,951621302;5,449591384;3,193126816
389,869;2,868502122;5,300217557;3,070541376
390,456;2,811565612;5,129105519;2,920815949
391,043;3,004117439;5,582616062;3,017981423
391,630;2,599530968;5,329981346;2,546794924
392,216;2,687607948;5,510653945;2,588647378
392,803;2,575258533;5,429779779;2,386439807
393,390;2,651799729;5,515150553;2,549209205
393,976;2,715492226;5,885116223;2,789964292
394,563;2,905184619;5,582596438;2,671560857
395,149;2,865056432;5,536774967;2,945823715
395,736;3,30921268;6,060878052;3,404965037
396,322;3,394294557;6,097607085;3,645665787
396,909;3,677246324;6,373054027;3,972703372
397,495;3,603416077;6,176615996;3,836604132
398,082;3,925525016;6,781563503;4,147993392
398,668;3,914083616;7,041113561;4,169787564
399,254;4,060442334;7,329721729;4,269884498
399,841;4,115234684;7,592796584;4,470011067
400,427;4,13826766;7,702557334;4,510621192
401,013;4,08469228;7,817438258;4,585991376
401,599;4,109938789;8,013212145;4,700760417
402,185;4,218329624;8,273890475;4,668824765
402,771;4,183293122;8,54461796;4,836733232
403,357;4,232711181;8,452609991;4,731887588
403,943;4,347220257;8,442573978;4,807852711
404,529;4,351943923;8,429309151;4,780710058
405,115;4,297905582;8,306021314;4,706191944
405,701;4,381086195;8,331710565;4,836200669
406,287;4,539093288;8,478787573;4,833783125
406,873;4,710659085;8,72523817;5,039479869
407,459;4,949326862;8,830877373;5,152568832
408,044;5,128635489;8,776702602;5,211577521
408,630;5,209669108;8,938381993;5,460163748
409,216;5,334086707;9,051352474;5,65351757
409,802;5,298678018;8,906115609;5,672526075
410,387;5,510526044;9,121713044;5,718203422
410,973;5,625751431;9,32176196;5,791021992
411,558;5,779656165;9,378220487;6,006456501
412,144;5,859524587;9,312176239;5,985969451
412,729;5,773094939;9,325386712;6,167923776
413,315;5,789117142;9,532371514;6,353757876
413,900;5,825593547;9,457820055;6,340191618
414,485;5,730922714;9,44629392;6,246189577
415,071;5,835217401;9,507872555;6,177467843
415,656;5,746780513;9,477280729;6,236314129
416,241;5,830261736;9,630328325;6,26207214
416,827;5,790800708;9,662957207;6,314244044
417,412;5,798858354;9,680525454;6,250262144
417,997;5,947212993;9,736241509;6,387904587
418,582;6,047769203;9,756308887;6,373296218
419,167;5,977688739;9,814728384;6,451203046
419,752;6,030830951;9,801187464;6,36637002
420,337;5,920349694;9,78826818;6,429844757
420,922;5,961918199;9,839200658;6,39330378
421,507;5,889303585;9,684488967;6,294842102
422,092;5,840826518;9,635362909;6,335427682
422,677;5,727367569;9,603128767;6,379414472
423,261;5,687216888;9,342213797;5,971075514
423,846;5,660741487;9,14357264;5,99052225
424,431;5,475558171;8,928440566;5,809533278
425,016;5,544664355;8,996766365;6,081558971
425,600;5,725437056;9,074028495;6,306760678
426,185;5,860621086;9,300604878;6,53070537
426,770;5,970777489;9,372949514;6,6198825
427,354;6,028558265;9,463579088;6,473180877
427,939;6,065741817;9,605708826;6,441374344
428,523;6,100820289;9,753662961;6,766612781
429,108;6,146520386;9,900267709;6,656599797
429,692;6,324919359;10,07988979;6,914426045
430,276;6,472515642;10,1970841;6,919515217
430,861;6,388868893;10,16755541;6,745273953
431,445;6,237421712;10,00444131;6,554165079
432,029;6,262433681;9,891345941;6,626291893
432,613;6,283586338;9,879958305;6,691135098
433,198;6,332387503;9,726255337;6,65081802
433,782;6,123286347;9,65346009;6,501663192
434,366;6,010650117;9,630522384;6,505526568
434,950;5,948197782;9,708560246;6,475260109
435,534;5,759675022;9,603062505;6,487154274
436,118;5,846691299;9,61335949;6,477958227
436,702;5,856822013;9,594907851;6,441988989
437,286;5,800739312;9,617360427;6,384180027
437,870;5,799314259;9,61136693;6,29915967
438,454;5,69768845;9,554329024;6,327224379
439,038;5,70534077;9,540390406;6,333528076
439,621;5,807173714;9,501044129;6,376644164
440,205;5,868753459;9,394858533;6,291028713
440,789;5,925289814;9,409973866;6,172519904
441,372;5,960103266;9,503524176;6,289239736
441,956;6,073402163;9,448645178;6,380390863
442,540;6,034961985;9,451107638;6,299403307
443,123;6,056286479;9,474804813;6,335600214
443,707;6,039515158;9,511461533;6,326228756
444,290;6,144274177;9,440806667;6,350904754
444,874;6,147436908;9,569110479;6,319159409
445,457;6,080202041;9,568634885;6,27625184
446,040;6,10242718;9,581717061;6,348777242
446,624;6,02292514;9,560771256;6,255197456
447,207;5,95265661;9,584722437;6,185050175
447,790;5,941104728;9,600013166;6,159451637
448,374;5,884394193;9,498163089;6,178122965
448,957;6,006366137;9,56039012;6,213226725
449,540;5,931968873;9,492334563;6,150419615
450,123;5,848052507;9,337745385;6,035655412
450,706;5,928056051;9,386584211;6,087791019
451,289;5,947950618;9,376962334;5,995673509
451,872;5,844839959;9,250070451;5,925242517
452,455;5,852283413;9,172491306;5,856702846
453,038;5,803803008;9,014933238;5,957230113
453,621;5,81648537;9,020779148;5,879463452
454,204;5,729086102;8,934547167;5,791130627
454,787;5,713214699;9,091309369;5,736167197
455,369;5,695049138;9,066476689;5,81504653
455,952;5,667709482;8,978837639;5,812302384
456,535;5,616689603;8,843212105;5,908972669
457,117;5,631683872;8,827468134;5,957414262
457,700;5,559381142;8,815116324;6,075127192
458,283;5,556430192;8,957773977;6,038770343
458,865;5,492345272;8,83830377;6,075840695
459,448;5,483858969;8,852905952;6,060675688
460,030;5,493699477;8,697560383;6,125880091
460,613;5,461986666;8,659322957;6,036124962
461,195;5,424598656;8,618270439;5,991129185
461,777;5,409367219;8,64089647;5,887891808
462,360;5,422750341;8,621060956;5,841604811
462,942;5,374582443;8,5650263;5,677875353
463,524;5,398260351;8,415419583;5,609700913
464,107;5,368690942;8,405510069;5,514853846
464,689;5,325122012;8,401392028;5,477599619
465,271;5,295906471;8,424772325;5,332229851
465,853;5,331716833;8,409815332;5,337522962
466,435;5,332620066;8,376190101;5,255161387
467,017;5,279239102;8,386943393;5,205287488
467,599;5,244631948;8,368672251;5,254992783
468,181;5,307693129;8,359157354;5,293835135
468,763;5,338399694;8,319841345;5,302263744
469,345;5,331193712;8,264436612;5,300497315
469,927;5,315667452;8,162455479;5,303962052
470,508;5,273771028;8,144556983;5,372318849
471,090;5,263513576;8,177622756;5,396765551
471,672;5,230038469;8,194979939;5,448304308
472,254;5,202732301;8,156477043;5,430234085
472,835;5,199751051;8,015278682;5,32841249
473,417;5,166372006;8,014509547;5,276504836
473,998;5,068832385;8,007455865;5,272215301
474,580;5,048656153;8,075801446;5,272617802
475,161;5,0185653;8,040663095;5,218027531
475,743;5,009980334;7,971353034;5,164583671
476,324;4,958837042;7,880693088;5,070363556
476,906;4,921906913;7,860998755;5,023072114
477,487;4,893469155;7,767977812;5,033810663
478,068;4,85930407;7,795179445;4,991515682
478,650;4,814422135;7,74496182;4,970739445
479,231;4,793011073;7,724896932;4,93386006
479,812;4,763914607;7,577273754;4,863999652
480,393;4,812380069;7,510243491;4,850958609
480,974;4,773035199;7,451573683;4,769787505
481,555;4,727463291;7,355233818;4,70126621
482,136;4,705597763;7,284733245;4,703951129
482,717;4,684577462;7,251657621;4,663314717
483,298;4,684165955;7,170306249;4,629583798
483,879;4,657848344;7,054675377;4,566813818
484,460;4,616145859;6,973322027;4,507946342
485,041;4,600098179;7,003874262;4,515029119
485,622;4,493298079;6,974498697;4,479978857
486,203;4,448300025;6,891259986;4,488947852
486,783;4,417575628;6,86789243;4,547597929
487,364;4,36163614;6,875009076;4,48040167
487,945;4,310573396;6,815696665;4,455663132
488,525;4,264325267;6,816533857;4,482146444
489,106;4,197940637;6,789139678;4,481996912
489,686;4,150184505;6,710181315;4,398981225
490,267;4,090017054;6,60407743;4,35113516
490,847;4,045154925;6,618907817;4,282341766
491,428;4,057322977;6,632387152;4,23761233
492,008;4,057980217;6,63343586;4,173139296
492,589;3,999912314;6,483461331;4,128276895
493,169;4,031592296;6,493772642;4,053496638
493,749;3,973349601;6,453989718;3,990130794
494,329;3,940258747;6,38234109;3,917918916
494,910;3,948240897;6,432289223;3,942031136
495,490;3,923559682;6,415382382;3,918400835
496,070;3,914345135;6,248345386;3,939410882
496,650;3,823864033;6,130897255;3,921182794
497,230;3,782480975;6,062706557;3,920690447
497,810;3,813166675;6,029938777;3,88628344
498,390;3,771521607;5,948639045;3,867967425
498,970;3,713150789;5,865201388;3,794442154
499,550;3,712973266;5,83909838;3,801494588
500,130;3,675795047;5,678544338;3,724864658
500,709;3,678646164;5,63658953;3,699615346
501,289;3,577829215;5,64160652;3,600531974
501,869;3,609124923;5,605803299;3,574467945
502,449;3,510353379;5,466912064;3,437730749
503,028;3,44306241;5,377753412;3,392350928
503,608;3,371301272;5,264402134;3,30816016
504,188;3,356000206;5,29714095;3,284650093
504,767;3,266708694;5,255467961;3,237182449
505,347;3,216676197;5,263345085;3,226499587
505,926;3,131054834;5,1586761;3,087121232
506,505;3,149663146;5,148177324;3,074333672
507,085;3,046864014;5,120550078;2,971228151
507,664;3,034170972;5,181023232;3,033443444
508,243;3,011672449;5,090497097;3,000491712
508,823;2,911869975;5,049204998;2,948872503
509,402;2,892019694;4,954209644;2,916434403
509,981;2,913807352;4,934128422;2,92359451
510,560;2,851637054;4,83429854;2,832184324
511,139;2,839498726;4,850391828;2,887087008
511,719;2,746188382;4,729255466;2,837155895
512,298;2,719896051;4,652009116;2,847596541
512,877;2,671207448;4,513226443;2,738704837
513,456;2,627523767;4,543194268;2,73270759
514,034;2,660475538;4,49375914;2,763331715
514,613;2,631425349;4,411233663;2,794891744
515,192;2,581198943;4,355376791;2,704011602
515,771;2,557676822;4,294036961;2,685529337
516,350;2,494242824;4,185136595;2,649730897
516,928;2,470826404;4,132489743;2,643142371
517,507;2,475131933;4,122048427;2,592304979
518,086;2,498314368;4,09463818;2,595153281
518,664;2,468090647;4,0544036;2,507861691
519,243;2,459697284;4,087362956;2,511086034
519,821;2,425382302;4,010096577;2,398547067
520,400;2,391598609;3,954415126;2,474159802
520,978;2,39582192;3,907517457;2,497059601
521,557;2,384091449;3,938049171;2,522353597
522,135;2,387452178;3,876744;2,50242947
522,714;2,395936086;3,868491415;2,577372792
523,292;2,43282965;3,898877444;2,586419726
523,870;2,403333797;3,875504171;2,642282314
524,448;2,365678793;3,913608697;2,550742392
525,026;2,346428071;3,836557242;2,577423697
525,605;2,382608711;3,80601356;2,484322426
526,183;2,332054857;3,844322197;2,456456437
526,761;2,344287095;3,737136441;2,361271043
527,339;2,266958255;3,698423077;2,303638569
527,917;2,186980126;3,67210258;2,174192632
528,495;2,099713002;3,590078598;2,15672753
529,073;2,118020805;3,543194468;2,040358542
529,650;2,172798619;3,417808485;2,083788341
530,228;2,146875701;3,510766065;2,079430569
530,806;2,113225241;3,483429877;2,110327686
531,384;2,089603037;3,418512799;2,021235242
531,962;2,058595673;3,411759323;2,030336025
532,539;2,107160829;3,401142896;2,017409605
533,117;2,078464598;3,415441339;2,052552622
533,694;2,081678635;3,400488088;2,075926251
534,272;2,040770238;3,344657058;2,0809081
534,849;1,9738453;3,328769852;2,027021751
535,427;2,005261535;3,290694268;1,974708475
536,004;1,994657272;3,322535769;1,927570021
536,582;1,980918911;3,297446765;1,978641803
537,159;1,959606095;3,210854627;1,965160241
537,736;1,910307546;3,158600977;1,956998692
538,314;1,898407761;3,069205444;1,924252333
538,891;1,816251788;3,039075577;1,836169774
539,468;1,799177534;3,031372953;1,796064417
540,045;1,827915198;3,06196486;1,849410633
540,622;1,787585265;2,961438359;1,866226958
541,199;1,783482758;2,940046317;1,841408106
541,776;1,785116011;2,961590012;1,780766284
542,353;1,709965915;2,977670882;1,717675363
542,930;1,701233193;2,984860366;1,658233962
543,507;1,736155951;3,003032013;1,728115543
544,084;1,725610191;2,948943407;1,706872038
544,661;1,693464853;2,923729666;1,745052594
545,238;1,62381514;2,847536521;1,64793472
545,815;1,621682213;2,919269611;1,624785286
546,391;1,562766534;2,852065656;1,604813139
546,968;1,569224804;2,792551445;1,635771422
547,545;1,652665088;2,870397196;1,710433047
548,121;1,661256082;2,866229897;1,779492002
548,698;1,623101849;2,788806348;1,65685987
549,274;1,649899494;2,817642102;1,645018683
549,851;1,634566959;2,829788434;1,650044217
550,427;1,645821349;2,869466453;1,69836361
551,004;1,611385068;2,838221613;1,692686717
551,580;1,654716444;2,861593763;1,705912227
552,156;1,658571767;2,897999843;1,717750932
552,732;1,650481579;2,895759041;1,703488109
553,309;1,654306252;2,962042224;1,65307097
553,885;1,734297494;3,02514628;1,756251204
554,461;1,746237525;3,046268087;1,790498729
555,037;1,827083185;3,091334136;1,823590857
555,613;1,821764893;3,062936889;1,801674649
556,189;1,868379683;2,987035726;1,815031341
556,765;1,860421608;2,973934069;1,84300549
557,341;1,813353275;2,884181355;1,794673362
557,917;1,822673398;2,849580429;1,75584195
558,493;1,82911931;2,785321528;1,834266554
559,069;1,767920183;2,740328542;1,793537908
559,645;1,783674976;2,737448724;1,83531702
560,220;1,770021077;2,701125348;1,788103776
560,796;1,771893894;2,681716086;1,820526229
561,372;1,729500747;2,766374659;1,828809081
561,948;1,706442045;2,745123061;1,826308725
562,523;1,713632789;2,771226742;1,853430782
563,099;1,688587189;2,705138468;1,866153127
563,674;1,73878337;2,742501198;1,854175895
564,250;1,771988824;2,72113748;1,91361422
564,825;1,756089205;2,674678595;1,85706879
565,400;1,73494223;2,660820685;1,88506205
565,976;1,73013151;2,636349012;1,827222899
566,551;1,771904997;2,691670155;1,873923858
567,126;1,804355572;2,719082382;1,872754681
567,702;1,827311544;2,731282696;1,848910259
568,277;1,853266093;2,761608383;1,860497639
568,852;1,824126986;2,686025043;1,826720425
569,427;1,743401053;2,716540098;1,741574391
570,002;1,706866553;2,699618489;1,722496995
570,577;1,704284376;2,700313862;1,732081713
571,152;1,701618468;2,692552057;1,779018168
571,727;1,688105096;2,61469767;1,738253092
572,302;1,667196199;2,598413572;1,667552571
572,877;1,724281664;2,649566932;1,722902592
573,452;1,719640848;2,702280267;1,7237728
574,026;1,767468027;2,804929814;1,829293297
574,601;1,767150656;2,818581188;1,917090886
575,176;1,832870576;2,939236709;1,978872652
575,751;1,864530071;2,954946927;1,982642583
576,325;1,87551995;3,038904569;1,96411247
576,900;1,893200191;3,098906374;1,997497972
577,474;1,933084315;3,120717666;2,098503154
578,049;1,883613921;3,083258573;2,064921015
578,623;1,810338368;3,018215625;2,042087039
579,198;1,81155258;2,974044286;1,994637528
579,772;1,948348774;3,017182688;1,915454678
580,346;1,945951824;2,884729225;1,920145012
580,921;1,948084612;2,95935446;1,929670555
581,495;1,921134073;2,914208594;1,969486484
582,069;1,962442437;2,950960537;1,931735284
582,643;1,966708314;2,989941035;1,908439837
583,218;1,981392816;3,030088698;1,909737365
583,792;2,050080453;3,123216959;1,9335431
584,366;2,007935031;3,157439506;1,927821214
584,940;1,924603651;3,102680423;1,986482993
585,514;1,939346741;3,196092164;2,010131839
586,088;1,920138919;3,164762624;2,033478334
586,662;1,973040134;3,207526041;2,041604364
587,235;1,950989608;3,11932047;2,092097357
587,809;1,886358056;3,109666067;2,075854402
588,383;1,937302027;3,139341584;2,157604703
588,957;1,938725247;3,102202024;2,210075975
589,530;1,950855698;3,186300486;2,281663841
590,104;1,988667427;3,258094107;2,286799899
590,678;1,974331747;3,307645211;2,302640427
591,251;1,99759746;3,378886315;2,293936567
591,825;1,992210371;3,434342916;2,313002851
592,398;2,001383879;3,529556608;2,271621929
592,972;2,098559497;3,526187009;2,42702454
593,545;2,089352543;3,572994;2,455952717
594,118;2,185313109;3,683939946;2,526887187
594,692;2,268886408;3,712881667;2,521358192
595,265;2,278870259;3,835743169;2,586849661
595,838;2,335724813;3,872063589;2,621863821
596,411;2,395599833;3,879549398;2,68993459
596,985;2,470243013;3,935273316;2,779402481
597,558;2,463674335;3,907204121;2,887148843
598,131;2,497989323;3,995563772;2,813334194
598,704;2,581065367;4,099607652;2,950117939
599,277;2,600700485;4,13146964;2,955056147
599,850;2,589950217;4,123953392;3,034582641
600,423;2,599720374;4,178992629;3,059629951
600,996;2,595917158;4,219408713;3,190722419
601,568;2,616066806;4,219670435;3,177931174
602,141;2,673124095;4,262591008;3,181225237
602,714;2,763584695;4,436870441;3,192692347
603,287;2,678677712;4,465712991;3,297822621
603,859;2,667107895;4,441635966;3,269059789
604,432;2,728865102;4,492868853;3,389459751
605,004;2,745945651;4,525447102;3,449543775
605,577;2,910247217;4,584545196;3,642727165
606,149;2,961535586;4,701949218;3,661562519
606,722;3,058999844;4,762165344;3,826202037
607,294;3,146187949;4,83492923;4,020139386
607,867;3,251571716;4,963396718;4,224787931
608,439;3,375730476;5,030917368;4,287671157
609,011;3,440444271;4,981417352;4,274353834
609,584;3,41763909;5,086649946;4,260219322
610,156;3,52380642;5,270740161;4,334490532
610,728;3,524432672;5,243274205;4,312487281
611,300;3,659461017;5,242861045;4,325512744
611,872;3,659097541;5,320220827;4,298347085
612,444;3,689141871;5,390465612;4,289234609
613,016;3,53563889;5,343146642;4,247108475
613,588;3,578328663;5,395719559;4,335154043
614,160;3,646435542;5,735971545;4,469966094
614,732;3,73878289;5,703328503;4,545815726
615,304;3,765187234;5,646139496;4,542465408
615,876;3,802467202;5,691368382;4,647197327
616,447;3,836671111;5,84605792;4,722528662
617,019;3,935401436;5,922337698;4,875057229
617,591;3,976385537;5,992865634;4,942893256
618,162;4,121538002;6,077245097;5,074836646
618,734;4,15552104;6,124139311;5,060706721
619,305;4,126978528;6,012449904;5,052385424
619,877;4,19916853;6,091021878;5,122686812
620,448;4,215383561;6,145788783;5,239036205
621,020;4,240231052;6,237274775;5,239215716
621,591;4,160754453;6,152185523;5,229030915
622,162;4,056496426;6,129090519;5,196802979
622,734;4,013084756;6,090529342;5,280827171
623,305;4,081369404;6,183093153;5,253048139
623,876;4,148676259;6,30117476;5,297486132
624,447;4,21267258;6,296999054;5,389805473
625,019;4,237485453;6,360700407;5,485807516
625,590;4,298224422;6,479652984;5,49950518
626,161;4,282969152;6,509871414;5,499175266
626,732;4,46302351;6,617707134;5,610083226
627,303;4,55835005;6,676302481;5,65808072
627,874;4,641884557;6,821379491;5,629909774
628,444;4,700738577;6,780143673;5,71202419
629,015;4,845670515;6,78801015;5,851047308
629,586;4,851708152;6,86129236;5,91203469
630,157;4,788168374;6,914594469;5,825303364
630,727;4,845392327;6,876384836;5,904185065
631,298;4,896805148;6,906640743;5,959539338
631,869;4,883120729;6,879140288;6,029370295
632,439;4,924307071;6,995412753;6,15793071
633,010;4,978068915;6,982448394;6,296790994
633,580;5,004065318;6,975340861;6,31775499
634,151;4,913735225;7,010019948;6,465368402
634,721;4,999644424;7,168641794;6,559511818
635,292;5,053402162;7,032499975;6,72722774
635,862;5,044688927;7,124030502;6,764460152
636,432;5,160047599;7,160793261;6,907590808
637,002;5,096032627;7,216728294;6,881792873
637,573;5,069698337;7,191597982;6,907900033
638,143;5,120312547;7,059501335;6,872822881
638,713;5,129962574;7,075646984;7,076060376
639,283;5,232688575;7,03112436;7,008822694
639,853;5,309783101;7,010172506;7,182964515
640,423;5,472255043;7,236913724;7,328218193
640,993;5,525007082;7,215479196;7,426167842
641,563;5,60758535;7,158216833;7,393988796
642,133;5,699046549;7,098265092;7,535988926
642,703;5,837806763;7,091164995;7,647777669
643,272;5,712203642;7,222860722;7,829608717
643,842;5,775211501;7,333782125;7,84447415
644,412;5,836151169;7,394464992;7,931164177
644,981;5,875284292;7,514719159;7,881862468
645,551;5,878107385;7,552925924;7,893283124
646,121;6,034200935;7,637525551;7,939498613
646,690;6,026434592;7,722687602;8,114702548
647,260;6,113395075;7,781247515;8,197419173
647,829;6,213745185;7,96867324;8,234891211
648,398;6,385402759;8,091514974;8,249897451
648,968;6,413319087;8,006473332;8,209749026
649,537;6,47183751;8,230071374;8,293709848
650,106;6,522469887;8,090129562;8,424779646
650,676;6,585126606;8,118597442;8,46040482
651,245;6,673949809;8,100707195;8,61239776
651,814;6,739926461;8,166507811;8,643626739
652,383;6,911696077;8,403172527;8,763062786
652,952;6,977856439;8,443140429;8,945577271
653,521;7,026220998;8,383742603;8,980082648
654,090;7,186065761;8,591100628;9,105689948
654,659;7,316401942;8,644734912;9,320387637
655,228;7,368320642;8,745703513;9,373952131
655,797;7,403469173;8,74317902;9,513575921
656,365;7,392239953;8,848100077;9,44059809
656,934;7,512635828;9,010101692;9,636093313
657,503;7,550656676;8,971727082;9,683102631
658,072;7,606542074;9,116259996;9,719780303
658,640;7,941358735;9,320427805;9,92781053
659,209;8,028959975;9,341484266;10,05767304
659,777;8,0946871;9,325863937;10,04352586
660,346;8,196921682;9,409937143;10,21628708
660,914;8,271701515;9,522164471;10,25168305
661,483;8,329619289;9,554670333;10,51105819
662,051;8,408760121;9,535732324;10,54728596
662,619;8,446985756;9,58341842;10,72014852
663,188;8,53727697;9,543307486;10,81931002
663,756;8,472701513;9,664825043;10,87711955
664,324;8,472184229;9,593923859;10,81269012
664,892;8,584642366;9,67096248;10,96358445
665,460;8,757853086;9,712505581;10,8799469
666,028;8,890447289;9,698743981;11,06002588
666,596;9,139417298;9,814507509;11,11023666
667,164;9,270441563;9,966812836;11,20556636
667,732;9,368600597;10,1760025;11,34768211
668,300;9,434911993;10,08666064;11,43740868
668,868;9,5865061;10,05836112;11,59317502
669,436;9,729537847;10,22853722;11,83318525
670,004;9,785931753;10,13758468;11,87199215
670,571;9,800088273;10,17582996;12,05863803
671,139;9,927990122;10,35676422;12,08882519
671,707;9,780422221;10,3690306;12,16626198
672,274;9,773891518;10,41561996;12,37036284
672,842;9,864747932;10,42499679;12,37990113
673,409;9,962191632;10,66031903;12,39492783
673,977;9,902810599;10,64112588;12,47671203
674,544;9,912644298;10,76741133;12,4972516
675,112;9,956106354;10,96108231;12,55451441
675,679;10,07624931;11,02089327;12,55299236
676,246;10,10234514;11,16789505;12,82357756
676,814;10,3947755;11,39178983;12,79307312
677,381;10,50006322;11,29625849;12,72979189
677,948;10,58438874;11,34129866;12,67535859
678,515;10,71329656;11,25678705;12,81773897
679,082;10,86521873;11,42600532;12,75181583
679,649;10,97592237;11,49462228;12,88233294
680,216;11,04439643;11,59763795;12,93345393
680,783;11,02901937;11,80069236;12,97450493
681,350;11,13898661;11,77223077;12,7979177
681,917;11,09595032;11,67759146;12,98518551
682,484;11,16347131;11,95732409;12,92203199
683,051;11,19294141;11,97688187;13,05574758
683,617;11,1297823;12,02305899;12,93231963
684,184;11,17529599;11,98224391;13,06192577
684,751;11,24935139;12,17692089;13,05784976
685,317;11,35924209;12,30511363;13,1368488
685,884;11,45384896;12,30473176;13,36602694
686,450;11,44263185;12,51758658;13,55348021
687,017;11,49379642;12,68245543;13,5859012
687,583;11,59338516;12,6178562;13,96439127
688,150;11,64186851;12,74504961;13,9301994
688,716;11,89144994;13,11164997;14,30791957
689,282;11,90885813;13,19853502;14,32062517
689,849;12,09185482;13,25218829;14,58407453
690,415;12,22417187;13,34606489;14,72897553
690,981;12,23374238;13,512234;14,76607977
691,547;12,30641481;13,54239123;14,76097978
692,113;12,41282333;13,65924156;14,94177686
692,679;12,45424455;13,8017927;14,85840334
693,245;12,46665165;14,05040293;15,13548999
693,811;12,6038551;14,0659838;15,11736063
694,377;12,62271543;14,33079534;15,25915725
694,943;12,75702618;14,46547677;15,26767164
695,509;12,72662378;14,56993928;15,44222304
696,074;12,95252165;14,76797812;15,60559585
696,640;13,15183746;14,97004915;15,84748157
697,206;13,13867884;15,17030556;15,89017815
697,771;13,25068716;15,46562999;15,92940579
698,337;13,41170169;15,50130352;15,93738815
698,903;13,37025493;15,81059647;16,05228617
699,468;13,53227283;15,91896464;15,95725449
700,034;13,4357051;16,05991271;16,05303894
700,599;13,60035295;16,26040847;16,00777478
701,164;13,63443649;16,410326;16,19468915
701,730;13,75040951;16,69227955;16,08799392
702,295;13,93133938;16,78950226;16,14223306
702,860;13,96340298;17,01135622;16,31101444
703,426;14,05422226;17,44882504;16,44549988
703,991;14,03967407;17,52866309;16,41552955
704,556;14,20598729;17,83627294;16,64651856
705,121;14,24642746;18,00054505;16,46228373
705,686;14,37059987;18,34500071;16,60347392
706,251;14,47918311;18,55912555;16,52162656
706,816;14,44844063;18,38866546;16,6162442
707,381;14,4544927;18,54253705;16,5517855
707,946;14,53647937;18,62724502;16,72260554
708,510;14,8238513;18,60123642;16,74172132
709,075;15,03101633;18,84371219;16,99045416
709,640;14,94863016;18,90758177;17,03670724
710,205;15,18809656;19,09457148;17,46416854
710,769;15,24513114;19,17597711;17,59372669
711,334;15,2977839;19,32127017;17,55066092
711,898;15,36912614;19,66751275;17,71619837
712,463;15,49904056;20,01185677;17,85789593
713,027;15,72953056;20,14440808;17,96938443
713,592;15,63912764;20,593595;18,16744158
714,156;15,84217217;20,89673376;18,16915999
714,720;15,93165263;21,20718078;18,35568645
715,285;15,8577331;21,52201713;18,34136612
715,849;15,84256464;21,56712602;18,33699239
716,413;15,93028404;21,65478165;18,45231411
716,977;16,04409113;21,98561885;18,45166183
717,541;16,18964559;22,32522151;18,4814436
718,105;16,1805795;22,63752418;18,54853301
718,669;16,45076281;22,57305184;18,79548592
719,233;16,39452465;22,44566671;18,93271576
719,797;16,62541281;22,60606595;18,92568459
720,361;16,96512636;22,7360538;19,1298122
720,925;17,15179795;22,88815556;19,32171766
721,489;17,30252746;23,40854785;19,76487996
722,053;17,45289808;23,59573032;20,27408458
722,616;17,46680968;23,65623884;20,60785672
723,180;17,61553468;24,00590206;20,77641411
723,744;17,50165578;24,06841382;20,76338855
724,307;17,60885903;24,56679875;20,94552442
724,871;17,8471381;24,66915693;21,28143598
725,434;17,96723371;25,11301074;21,20617847
725,998;17,97963372;25,46619935;21,23125981
726,561;18,03403455;25,58326772;21,26493861
727,124;18,0676386;25,89205922;21,14794546
727,688;18,2793926;26,29295223;21,16681824
728,251;18,30215332;26,28796253;21,10016018
728,814;18,65773901;26,66553997;21,15598972
729,377;18,81331672;26,74064724;21,38078285
729,940;18,92264725;27,13649473;21,60974363
730,503;18,9381648;26,93059924;22,11527293
731,067;19,16344048;26,97848773;22,25947465
731,630;19,44377361;27,07771122;22,41709901
732,192;19,58416544;27,01216007;22,339863
732,755;19,74781034;26,90102668;22,38335355
733,318;20,01919148;27,39415594;22,59297307
733,881;20,08278518;27,49285764;22,872552
734,444;20,12597489;27,49772885;22,72324558
735,007;20,216828;27,55891489;22,76664946
735,569;20,46073488;27,94161945;22,60710845
736,132;20,51873625;28,35765452;22,65976245
736,694;20,4396381;28,46308907;22,73978712
737,257;20,77468026;28,51518888;23,13827668
737,819;20,77794751;28,71645821;23,40421734
738,382;20,92944134;28,63729108;23,66854705
738,944;21,02376801;28,62691812;23,69071496
739,507;21,15203729;28,93808231;23,88449252
740,069;21,54357351;29,2647354;23,81625128
740,631;21,44146785;29,38762788;24,10422162
741,193;21,44919332;29,48929433;24,37406122
741,756;21,61316309;29,36626727;24,37586197
742,318;21,55325561;29,71666174;24,32338286
742,880;21,69733141;29,76878242;24,59629843
743,442;21,64964768;29,83957927;24,49589744
744,004;21,78123281;30,05496573;24,64344557
744,566;21,91645003;30,38834806;24,99938552
745,128;21,67013689;30,18921999;25,07047517
745,690;22,09704122;30,29758481;25,04330961
746,252;22,4370703;30,17822012;25,14161926
746,813;22,34727704;30,50662998;25,21332007
747,375;22,54293562;30,86394956;25,6098643
747,937;22,7151235;30,99993559;25,70421605
748,498;22,76064578;31,00134833;26,16826781
749,060;22,81194261;31,14024981;26,42939407
749,622;22,96869627;31,04030506;26,38379515
750,183;23,21099064;31,23977617;26,79668701
750,745;23,18143398;31,27910812;26,95239824
751,306;23,24110858;31,35441588;27,10733257
751,867;23,43807612;31,5061423;27,75800511
752,429;23,5479045;31,21349527;27,71232166
752,990;23,45907838;31,43610602;27,88494306
753,551;23,61952651;31,41231223;27,43462878
754,112;23,68449281;31,52738149;27,56511266
754,674;23,74632598;31,49245585;27,60611897
755,235;23,82533625;31,50762989;27,70308316
755,796;24,00216718;31,58459592;27,84516601
756,357;24,02378214;31,79566305;28,152949
756,918;24,07714389;31,69673879;27,75130708
757,479;23,7490423;31,91137939;27,96057465
758,039;24,06324186;31,84129709;27,71564145
758,600;24,1989967;32,32793723;28,46319387
759,161;24,24573945;32,44140478;27,95468503
759,722;24,32523903;31,99965235;28,01424825
760,283;24,25208333;32,23369316;27,5929391
760,843;23,77958681;32,2202874;27,82107203
761,404;23,93206924;32,48716183;27,358512
761,964;24,54312468;33,23480469;27,79503998
762,525;25,43852218;33,19925463;27,66590522
763,085;25,35790628;33,47598943;28,8835344
763,646;25,22604318;33,67407195;28,53211168
764,206;25,53066687;33,86857847;29,185304
764,766;25,54348324;34,59944153;29,70667668
765,327;25,80669707;34,6294152;30,54245371
765,887;26,75674431;34,69245982;30,72765377
766,447;27,14923006;34,93148305;31,17251002
767,007;27,52718223;35,00192065;30,92827466
767,567;27,10026343;35,21082106;31,33380539
768,127;27,65517255;35,34535749;31,09141981
768,687;27,84721224;35,158057;31,59598527
769,247;28,03757111;35,26511608;31,83011849
769,807;28,23466764;35,15986968;31,70600178
770,367;28,21087295;35,53511567;31,38876089
770,927;27,53002115;35,66301013;31,11356418
771,487;27,34750722;35,66896017;30,92361468
772,047;26,94552306;35,42446994;31,41839191
772,606;27,26616683;35,19854189;31,19265325
773,166;27,23896851;34,92967902;30,99674871
773,726;27,44805621;35,33229558;30,71397543
774,285;27,47111439;35,63629946;30,93910321
774,845;27,80038845;35,88459521;31,65154476
775,404;28,07647181;36,03600266;32,0856379
775,963;28,47914809;35,97974983;32,3731477
776,523;28,36005917;35,89481391;32,60383057
777,082;28,44660584;36,02561527;32,64858711
777,641;28,61645254;36,09769956;33,08345106
778,201;28,1282514;36,86588546;33,50266923
778,760;28,40311176;36,72933372;33,79221422
779,319;28,25020925;36,46873545;33,78996343
779,878;28,02562664;36,80121341;33,33646569
780,437;27,92842546;36,54213204;33,62337591
780,996;27,98759083;36,88865749;33,92547824
781,555;28,11503758;36,59569777;33,87311108
782,114;28,42147167;36,56586808;33,90838442
782,673;28,55264438;36,68199679;33,84644156
783,232;29,01459629;36,06671957;33,8153048
783,790;28,87860138;36,37698961;34,13438028
784,349;29,00101212;36,59848492;34,20641068
784,908;29,15040577;36,67084333;34,4774533
785,466;29,28341487;36,80005472;34,1896884
786,025;29,3502609;37,11441515;34,20074731
786,584;29,82369805;37,28535021;35,00788998
787,142;29,90116826;37,83897169;35,26513989
787,701;29,76555983;37,85092449;35,26059089
788,259;29,45958736;38,08732067;35,1128634
788,817;29,54914101;38,02615484;35,3664719
789,376;30,00379857;38,44514875;35,42276809
789,934;30,21556914;38,100399;35,25605158
790,492;30,36641776;37,85802075;35,37881847
791,050;30,38933023;37,81309152;35,55544785
791,608;30,39942602;38,6849085;35,48513152
792,167;30,51393347;38,66497907;35,40481934
792,725;30,61027889;39,15288508;35,59909788
793,283;31,34027924;39,25243396;36,30155059
793,841;31,47691829;39,30920086;36,14135326
794,398;31,3059121;38,51424362;36,43725939
794,956;31,20473208;38,68387797;36,34244064
795,514;31,16693551;38,93360161;36,96868323
796,072;31,0377338;38,59760732;37,25679239
796,630;30,85794815;38,44148509;36,75341809
797,187;30,76848452;38,19864111;36,68747419
797,745;31,19937845;37,49718073;36,7861409
798,302;30,56977345;37,50509592;36,67846632
798,860;30,86778704;36,84644041;36,66279998
799,417;31,23613335;37,75187645;36,59387467
799,975;31,53634966;37,79953244;37,03211575
800,532;31,72778899;38,0522575;36,97792834
801,090;32,04257169;37,75793776;36,85990394
801,647;32,2612865;37,23427076;37,10054909
802,204;32,685969;37,14005534;37,75887581
802,761;32,44868152;37,30415221;38,08166068
803,318;33,11075318;37,22460938;37,95435788
803,876;32,60088444;38,01235884;38,10165686
804,433;32,66206288;37,24159596;38,09858875
804,990;32,70755823;37,57437985;38,76003406
805,547;32,94149014;37,24919505;37,9938992
806,104;32,35559442;37,79460303;37,72810502
806,660;32,91950681;39,11869506;38,22158171
807,217;32,44747566;38,95533208;37,43955921
807,774;32,42960087;39,05476828;37,34577301
808,331;32,47690961;38,73203474;37,38138555
808,887;32,39920917;37,63767503;36,96532407
809,444;31,72012876;37,46884217;37,12714114
810,001;31,71627006;37,18483506;36,99610852
810,557;31,57479014;37,62559756;37,35007141
811,114;32,37830387;37,62435594;37,73806146
811,670;31,19387422;36,43444696;37,17406566
812,227;31,10127627;36,38734607;37,85134347
812,783;30,67040329;36,0433928;38,02096405
813,339;30,24341527;36,27290378;38,02611312
813,895;30,30041355;36,88970001;38,35998607
814,452;30,42421159;37,33154665;37,83002495
815,008;29,81717562;37,23700641;37,01364323
815,564;29,60987267;37,5529887;37,44855229
816,120;29,44487261;37,35618357;38,09507611
816,676;29,6004453;37,57896108;38,49691437
817,232;30,14024371;38,75168678;39,52160865
817,788;30,8909057;39,40147285;39,38133468
818,344;31,2289802;40,22372773;39,85113017
818,900;30,94430412;41,08482432;40,39895548
819,456;30,43471601;41,18924864;40,83460581
820,011;30,55088197;40,28285575;40,59404356
820,567;30,12523552;39,9897702;40,11786133
821,123;29,94010998;39,72713396;39,35914672
821,678;30,40529836;39,38491742;39,74443172
822,234;30,74520331;38,55178577;39,4529493
822,789;30,42545502;38,43945234;39,69743766
823,345;29,71181536;37,63201833;39,73457326
823,900;30,46661324;36,81291188;40,02888853
824,456;31,30534577;35,89253332;40,23917825
825,011;31,07940426;36,8741229;40,43085406
825,566;32,68760463;36,70946196;40,82757629
826,121;32,84328659;36,31672556;40,43686353
826,677;32,84795089;35,94982729;40,53001874
827,232;32,33804276;36,55041761;39,65658355
827,787;32,60530567;36,68114185;39,34953445
828,342;33,69707683;36,54869714;39,51192038
828,897;34,50630047;36,75188901;39,03064488
829,452;34,52402987;37,61139582;39,10763412
830,007;34,91342487;37,21611753;39,53421105
830,562;33,88194158;38,66102509;39,41392143
831,116;33,87587411;38,949974;39,94380136
831,671;33,09354842;39,80052912;39,41115355
832,226;33,0205543;39,40620725;39,61370604
832,781;33,38000824;39,23945679;39,75083072
833,335;34,07067208;40,42728004;39,36823025
833,890;33,31046698;40,82608217;38,4771764
834,444;32,61255478;41,16168461;38,57541126
834,999;32,49470085;41,92381271;39,07533994
835,553;32,19467742;39,48421514;39,28730209
836,107;31,43991334;40,25614638;39,36845398
836,662;32,41416289;39,67279594;38,82659664
837,216;32,66576073;39,18500089;39,16645994
837,770;32,94285558;39,13007921;39,61893835
838,325;32,03724949;38,80630896;40,75857507
838,879;32,49311357;38,27457229;41,68855549
839,433;33,06280344;38,17054508;41,47839937
839,987;33,2360174;37,8729786;41,08230327
840,541;33,4994962;39,7581173;40,94635857
841,095;34,8034193;39,54240152;41,41096436
841,649;34,7115369;38,82104201;42,07421482
842,203;34,74009087;39,03260701;41,9143059
842,756;34,26696107;39,78312046;42,24881455
843,310;34,20088277;39,35769537;41,30005814
843,864;33,18017633;39,17727281;40,43731994
844,417;33,31513878;39,39065336;41,12412944
844,971;33,30202358;39,49057364;41,19955106
845,525;33,21248527;38,26979032;40,9862285
846,078;32,44227186;38,18438368;40,7348391
846,632;32,70872266;39,17331712;40,83863843
847,185;32,05074486;38,9017648;40,05315499
847,738;31,85606695;38,02610099;40,09301623
848,292;32,05667353;37,75958389;39,34654731
848,845;32,55792458;38,3120766;41,04421145
849,398;32,18135248;37,3041299;40,31648174
849,951;32,37005263;36,96045601;40,39164753
850,505;32,6423798;37,31280024;40,29057732
851,058;32,96867107;36,6399105;40,87580521
851,611;32,80230884;37,38715506;40,99480188
852,164;34,34722918;38,53322981;42,29321366
852,717;34,15269461;38,26294017;40,92394875
853,270;34,20920789;38,29627617;41,98382766
853,822;33,77299699;37,44832276;40,81026233
854,375;33,03528085;38,49721648;40,39122877
854,928;32,99508996;38,85668829;39,93399354
855,481;32,38648915;39,36148084;40,98871991
856,033;31,96907766;38,96137898;39,80667144
856,586;31,86318451;38,04204899;39,85521645
857,139;30,47761518;36,96460388;38,40377207
857,691;31,1799745;37,39234488;39,53909652
858,244;31,37364346;37,57667608;39,4781733
858,796;31,82949045;38,41196034;40,52352799
859,348;32,76250649;38,64619522;40,8604918
859,901;32,77939137;38,74278015;41,78124798
860,453;32,31884173;37,95447444;40,43605997
861,005;33,3660959;39,25944921;41,01924816
861,557;33,86147141;39,516563;39,79199249
862,109;34,13645608;40,23764076;41,35139643
862,662;33,43801564;40,88654254;40,46444209
863,214;32,97001159;40,66825992;40,52931232
863,766;32,71937322;40,61402142;40,04299082
864,318;32,4747739;39,46085601;39,97755238
864,869;32,29749622;39,06776474;40,0745554
865,421;33,23217646;38,63157147;41,60240722
865,973;32,15606347;38,60097002;42,17795787
866,525;31,79807774;38,4773138;43,40119751
867,076;32,18270037;39,15031699;42,85846809
867,628;32,56909602;37,858168;43,07938419
868,180;32,11808679;36,50547367;43,20764273
868,731;32,11818905;35,68181246;43,11978588
869,283;33,41687434;37,09731329;44,20685123
869,834;33,5878989;36,68487324;43,99284054
870,386;33,49112662;37,3531101;43,16853456
870,937;33,8331183;38,05375935;42,97098441
871,488;33,15610544;37,46141874;42,955747
872,040;33,15112299;36,39282478;43,41781249
872,591;33,17867532;37,41665808;43,52301008
873,142;33,08642541;40,04598544;43,47836527
873,693;34,13390841;41,87636238;43,79369127
874,244;32,83745227;42,01901863;43,10896031
874,795;33,12396678;42,74832143;43,31020164
875,346;33,74253547;42,71360064;43,7312641
875,897;33,85044463;40,56617828;43,23437901
876,448;33,53446113;41,62759698;43,16953449
876,999;32,60597894;42,22255662;42,96985509
877,550;32,50884161;41,77286744;43,60642648
878,100;33,12889347;42,14236669;43,7939388
878,651;32,21982075;41,67763147;43,79078518
879,202;32,64646888;41,10990888;43,51490441
879,752;32,69646483;40,62499641;44,23183572
880,303;31,50844509;40,89130802;43,59809289
880,853;31,07415695;41,27028399;43,32303307
881,404;32,30106284;40,49319919;43,5701991
881,954;32,7334734;41,16845406;43,65928257
882,504;32,10141031;42,40301187;43,54414935
883,055;32,02939792;40,85896286;43,19912464
883,605;32,66282662;40,67678565;42,90388585
884,155;32,18771422;40,57084646;43,55809751
884,705;31,66955148;41,91477802;42,92594814
885,255;32,32665866;41,58452034;44,4892555
885,805;33,85992705;41,12654282;45,25863206
886,355;33,75630186;42,60328351;46,55776808
886,905;34,39054135;41,7833625;45,65567533
887,455;35,28069437;41,40570453;45,432948
888,005;35,0908177;42,2964558;45,01540556
888,555;34,13438657;42,09265093;45,04420374
889,105;34,86245087;41,02925707;44,3420447
889,654;35,29569232;40,842337;43,97184104
890,204;35,32559649;40,71459642;42,94907603
890,754;34,15576933;41,85174457;42,93045377
891,303;33,97439003;40,48873911;41,4433318
891,853;33,32659711;41,48489916;42,19517448
892,402;32,18062607;42,08767646;41,85374066
892,952;32,2657162;42,6024942;43,66862775
893,501;31,74488122;42,20917928;43,74172086
894,050;31,47032946;43,15412698;45,27392787
894,599;29,84928668;42,32269837;45,27069674
895,149;28,9076987;41,10676428;45,07391147
895,698;27,90038862;40,92444364;44,36900513
896,247;28,18663978;40,27220799;44,83021209
896,796;28,98440539;40,03440512;45,96158146
897,345;29,3224883;38,88092765;45,68510579
897,894;27,91464626;36,38219835;43,85946168
898,443;27,72187971;35,65990756;43,65345095
898,992;26,21563761;35,78062571;43,21880132
899,541;27,68928895;36,57163225;43,5547928
900,089;28,27053879;37,77115931;43,31137485
900,638;28,51714848;37,16242995;44,2943236
901,187;26,67088888;37,87986043;44,49368282
901,735;25,45372171;37,69461139;43,79653977
902,284;25,16796755;37,74658655;43,4334464
902,833;27,0822989;37,3485005;43,50902862
903,381;27,38585383;37,70889999;42,835087
903,929;28,48783747;36,82757128;42,28284365
904,478;28,00012116;35,16594663;42,31345764
905,026;28,39099891;35,62188368;42,14622119
905,574;29,05301471;36,41632719;41,74703545
906,123;31,38718506;37,39894511;42,21885254
906,671;32,96904609;35,77877072;40,47971094
907,219;32,98322059;33,80385294;39,26111997
907,767;31,4891228;34,69478525;39,41752625
908,315;32,67684395;36,90200225;39,94848083
908,863;32,7518956;37,22592641;39,21054585
909,411;32,91764484;37,13270402;39,19162429
909,959;31,6859955;37,11725405;39,90380647
910,507;32,27924145;37,84736125;40,01063876
911,055;31,21809361;37,38881798;38,6611422
911,602;31,84687876;38,43023614;39,26677333
912,150;32,02226973;39,82699359;40,81751575
912,698;33,34803626;40,03677388;39,99377797
913,245;34,01557435;37,96054049;39,67577834
913,793;33,27751224;37,42799585;40,70390742
914,340;33,83145533;38,54371744;41,77018746
914,888;33,84717369;37,36506272;41,6670003
915,435;33,14530705;35,49867243;41,64976375
915,982;32,82154275;35,05911039;42,37162609
916,530;29,93210274;34,71749671;42,90548621
917,077;32,06733684;34,85063433;44,10161055
917,624;31,50277163;35,07349792;44,48966758
918,171;30,74129214;36,76470489;45,94542374
918,718;31,33357781;37,75219883;44,92691984
919,265;31,88684706;37,33001945;43,23407867
919,812;32,8612592;39,02272426;42,49813321
920,359;33,40716655;39,07532221;43,58772329
920,906;32,4342751;38,87460994;42,42826557
921,453;33,57482818;39,24032665;42,07990339
922,000;32,904044;39,01960521;41,60018615
922,547;33,21959097;39,89847152;41,40095026
923,093;34,29728129;38,61920208;40,66751508
923,640;33,75345725;38,77540663;40,85780303
924,187;33,09883629;38,30995812;40,58537989
924,733;33,8761839;38,42926042;42,05950206
925,280;33,17234177;37,24809551;38,30971306
925,826;33,81039128;37,14732704;39,85554765
926,372;34,43674767;34,9416393;38,83968976
926,919;32,55854396;34,72466926;40,06552547
927,465;35,87689613;34,33486175;40,68736372
928,011;34,46259294;33,28980293;39,11750091
928,557;34,75910957;33,46739409;39,07372362
929,104;35,20202699;35,73434982;39,44594079
929,650;32,85983221;33,49349478;36,52588527
930,196;31,99490004;36,31928239;40,79015645
930,742;31,64723867;37,05716941;36,9804627
931,288;30,49740195;39,2846873;38,84334689
931,834;34,00862439;39,86205618;36,98521926
932,379;27,93163818;40,75977712;34,90082303
932,925;22,93403317;43,91072298;35,67755986
933,471;25,6935719;44,93827147;37,41693813
934,017;23,51418536;40,68141361;35,74557043
934,562;26,48992833;38,41177092;42,71289057
935,108;25,10383863;37,65023365;39,76862708
935,653;27,58654834;37,34184329;44,3086949
936,199;25,90767302;34,25860004;41,43404417
936,744;22,81494746;33,65280886;43,17748854
937,290;22,52332823;33,39094377;43,21487903
937,835;26,32877693;34,71439471;49,76356769
938,380;24,72388969;29,02678919;46,58365146
938,926;26,33708252;32,78312623;44,57781369
939,471;22,17067846;34,73505096;37,66559513
940,016;21,50621855;34,05472709;38,24576024
940,561;17,91222926;32,63852204;38,33478101
941,106;17,42721938;33,38356103;41,38047069
941,651;17,15826143;36,31961271;36,20938656
942,196;15,20912487;27,80082845;40,92549886
942,741;15,03814137;24,19840543;32,76135493
943,286;10,71607362;26,31064386;27,65229385
943,831;7,489545265;26,46947459;28,78700088
944,375;8,786926529;22,12796092;31,51608693
944,920;11,0753551;19,33609814;30,34812283
945,465;16,72761715;19,52830207;31,59895189
946,009;19,15748549;22,01112205;31,66155818
946,554;17,93743908;17,99713898;34,47982182
947,098;14,99767697;26,17980972;23,3417721
947,643;17,04045871;27,19780291;25,65113362
948,187;15,65040625;25,43097871;27,44016851
948,731;14,64737778;13,52664095;27,05643158
949,276;14,14757697;13,62350706;25,09914119
949,820;12,65127695;15,19410956;28,6001267
950,364;14,21087026;17,84260709;23,28437648
950,908;15,7792001;20,52283633;25,34747551
951,452;17,36502342;25,79474461;27,09792126
951,996;20,86189094;20,24216906;33,61734929
952,540;18,66310669;16,46568987;29,61794642
953,084;22,93253878;19,5948806;34,49771807
953,628;27,13348;26,01074763;36,17044604
954,172;29,78031804;22,30815611;37,04535977
954,716;33,24075806;25,84007938;34,79767666
955,259;30,21395367;26,38091974;36,54475115
955,803;29,60802072;28,86169195;36,54058285
956,347;30,95528095;28,21301624;33,69512617
956,890;31,76715417;32,81381412;32,80673473
957,434;33,7889804;35,93661066;37,97457435
957,977;33,38791518;36,74645228;36,26846895
958,521;29,96793406;38,3765923;35,15631693
959,064;29,12629283;39,45442503;35,9526725
959,607;28,70704735;31,96206196;38,04138486
960,151;28,77423835;26,23446068;37,12782905
960,694;28,53643854;23,45692587;36,68125812
961,237;28,81414046;22,56765844;36,90212585
961,780;26,02949918;17,30682957;38,88649867
962,323;22,37756148;12,90248348;34,47123811
962,866;22,12646311;11,60421049;36,10788459
963,409;25,80233335;12,15969108;38,75302225
963,952;25,07376999;12,85352772;37,05265141
964,495;23,34036659;15,72170833;32,20146609
965,038;24,95642344;21,59652812;34,18591587
965,581;25,03618133;23,10231134;33,09779522
966,123;23,30110371;23,88313256;33,88483546
966,666;25,01439002;28,7434297;34,84475329
967,209;27,46839382;27,96177419;34,5679861
967,751;30,12147627;32,1682812;36,69264295
968,294;30,27286263;30,17322978;35,69857577
968,836;31,49889756;33,76652058;35,50462711
969,379;30,8754675;32,90567764;36,96532024
969,921;29,0616521;35,53689477;37,33486268
970,463;27,93985104;34,65273679;37,83505099
971,005;28,81365867;34,49579381;37,62698042
971,548;30,00705917;38,2518365;39,11322599
972,090;30,65264707;40,08658585;40,73690964
972,632;28,52785044;36,43195475;36,15776736
973,174;28,13828827;39,0093398;34,91627996
973,716;25,16038013;38,53761618;35,89743273
974,258;26,32069137;41,44894326;36,74097353
974,800;26,64431305;41,00551821;36,44834034
975,342;28,69079085;43,18712878;37,4957619
975,883;27,75312563;40,57541667;35,52969882
976,425;25,79659864;34,3127819;31,68914258
976,967;24,4743815;34,23178162;31,93929923
977,508;26,30890834;34,89587714;37,60239577
978,050;27,07069204;33,23664685;38,557017
978,592;30,05880071;34,91724156;38,70060589
979,133;29,29734009;34,44000619;39,62665693
979,674;30,46874955;29,20700764;40,15961279
980,216;30,04420135;27,84626367;38,68581777
980,757;30,31972963;28,82797542;38,39921712
981,299;31,04579426;27,46167294;41,18638415
981,840;30,17235651;27,77252844;39,26774646
982,381;29,82562472;28,00447233;36,42234023
982,922;29,20721437;30,37237907;37,7430325
983,463;29,11999907;25,01035648;37,01511063
984,004;31,2496004;26,1040954;38,12646817
984,545;30,51272526;31,107052;37,98334047
985,086;29,4612069;33,20243256;37,48914965
985,627;30,3971419;35,25078209;41,38417023
986,168;27,89319295;34,74633997;38,72387821
986,708;30,30356194;35,80568402;42,49821757
987,249;28,75247153;35,30309002;40,89098422
987,790;28,7130483;34,89999939;40,61664102
988,330;27,42590568;35,78361257;41,11006916
988,871;28,16664446;36,15343396;38,11938033
989,411;27,6153291;34,42112978;38,78988675
989,952;28,42992938;31,13428718;39,04477069
990,492;28,19296627;29,72744411;37,23457626
991,033;31,19730258;32,7053804;41,58045347
991,573;30,37327375;31,75217578;42,98245349
992,113;31,91099487;32,49660226;44,81049027
992,653;32,88830977;31,28396434;46,4921841
993,194;33,97354089;33,56581437;48,10532561
993,734;33,08495843;32,02821545;49,96958609
994,274;34,0274487;31,61427878;47,95188684
994,814;35,74679504;31,28478314;48,3467656
995,354;37,44452535;30,70776225;47,74279962
995,893;37,08584111;28,48731318;43,60491011
996,433;36,55856615;27,33286812;38,41934311
996,973;33,98663233;29,26893785;36,46841415
997,513;33,45011619;27,99645312;32,63840363
998,052;30,54087575;26,0903057;28,76925481
998,592;31,05712948;24,59700896;27,31237536
999,132;28,54020245;26,22594781;27,54371367
999,671;25,46300091;23,91479998;28,49630168
1000,211;25,23542023;26,3110035;28,84185391
1000,750;25,52244621;32,78323279;32,61580715
1001,289;23,13146937;33,00426128;34,42340916
1001,829;25,73910163;30,58440905;37,76546829
1002,368;21,02249103;31,52746516;37,08539394
1002,907;21,61039473;27,60263706;35,03549642
1003,446;20,82379868;31,17255509;35,73637187
1003,986;23,08036947;32,23251142;35,06240034
1004,525;23,31934705;33,17463336;34,07879876
1005,064;21,40158281;33,62042489;37,77613646
1005,602;18,95001848;27,78833906;34,82837113
1006,141;19,02567423;28,23179615;31,16967205
1006,680;16,25251871;26,68033013;26,66355339
1007,219;21,77686807;30,39174712;29,97561389
1007,758;22,98902673;37,18469253;33,00770728
1008,296;24,08367239;35,69684855;32,95648265
1008,835;22,93959766;35,07311563;32,23597626
1009,374;22,9750705;37,50972048;31,18242344
1009,912;23,85455855;35,63447562;27,91034716
1010,451;25,7253738;36,77221659;28,02905711
1010,989;25,45970057;39,21679068;30,42815965
1011,527;28,11114943;39,57585214;32,43938908
1012,066;24,51251112;36,69525232;27,79700031
1012,604;25,98446567;35,92785492;29,44830771
1013,142;24,62382629;38,16484815;33,05565618
1013,680;25,22334236;37,12327402;32,72525125
1014,219;26,89954497;34,68399648;33,54253305
1014,757;26,15480687;32,79893082;33,34001116
1015,295;23,14094253;30,34356116;30,70029277
1015,833;26,01284156;27,16425305;30,08138579
1016,370;27,0134836;26,28360312;32,17344659
1016,908;30,88637648;28,76015051;38,37363767
1017,446;29,48351104;26,82176156;37,7726504
1017,984;26,33402558;20,15514176;33,02711316
1018,522;30,96756538;15,95772455;29,29000751
1019,059;29,58531714;21,19360375;35,80850623
1019,597;28,06416382;24,39719903;33,3370773
1020,134;25,78343712;24,41831432;34,99730743
1020,672;18,34537284;24,93553432;34,63132508
1021,209;17,71529959;26,96141071;36,84154333
1021,747;16,42734748;24,22812341;34,47403076
1022,284;18,17082969;27,95527021;33,77116624
1022,821;20,594506;30,93186026;33,12513491
1023,358;16,09785227;32,68482515;38,12795086
1023,896;17,86352336;30,38154241;31,2028021
1024,433;17,74288717;29,55907882;31,14551777
1024,970;23,20321418;34,07984341;33,95500537
1025,507;31,48528291;34,02638877;36,50364553
1026,044;24,31785537;33,37200818;25,44409053
1026,581;22,64951838;31,99819139;26,51443927
1027,118;20,48254715;29,98539635;23,2882602
1027,654;19,06484383;22,8860753;22,68538754
1028,191;23,15774077;22,71929879;19,84698446
1028,728;23,03634064;20,85921334;24,11337484
1029,264;26,84906797;24,83682713;23,50685721
1029,801;22,16437851;19,11790574;16,13046
1030,338;20,39759483;23,28208711;14,93329208
1030,874;24,81996236;16,45637955;19,81615367
1031,410;24,87441408;15,76778262;11,28857247
1031,947;25,93398644;10,98642523;16,72565012
1032,483;31,79315789;15,19827776;15,94806862
1033,019;27,78688669;13,54261655;13,64575044
1033,556;28,419223;7,740705576;5,916515058
1034,092;22,93388525;7,77876811;10,76611547
1034,628;32,37737197;13,22370544;17,74311823
1035,164;32,86196621;6,622398038;17,47967345
1035,700;33,91357783;14,2139834;15,73399705
1036,236;36,54178691;12,98850637;24,77080608
1036,772;38,51919566;17,96917418;21,76666578
1037,308;31,01652381;21,21879634;20,27891572
1037,844;29,76369911;24,9999997;29,46268254
1038,379;20,47619047;25,15783417;31,25392853
1038,915;21,45930467;22,60330637;26,52991983
1039,451;21,18021049;18,0373182;24,70967649
1039,986;15,08824756;16,31591864;16,85279219
1040,522;19,38121516;17,36889305;24,30191094
1041,057;15,66160615;22,60571411;22,33375319
1041,593;12,94367561;20,87017302;18,67278549
1042,128;14,74222486;18,75146703;19,88113536
1042,663;6,607452047;8,16969712;15,65667095
1043,198;13,6562134;11,02125617;14,63900985
1043,734;10,9636731;10,28410462;18,33229885
1044,269;-2,797855413;8,998301914;17,54761856
1044,804;3,836784184;14,99649705;29,66666479
1045,339;-1,703214743;5,768222996;21,5667758
1045,874;-11,31702479;-1,505611948;17,84783213
1046,409;-26,98666804;-10,23667073;22,5417894
1046,944;-23,86533546;-5,80426852;30,60918286
1047,479;-14,82834133;8,63947287;30,2540859
1048,013;-12,74238166;20,85161273;34,6380386
1048,548;-3,02083337;22,68263483;43,16388446
1049,083;2,103174548;26,26781942;40,39781775
1049,618;4,295801508;34,61879375;41,69491633
1050,152;7,908611652;35,49228004;46,68653372
1050,687;12,33286478;39,521072;43,938661
1051,221;24,63984995;36,57331095;42,71778115
1051,755;34,56065314;38,63831567;44,69050627
1052,290;38,73021925;33,97807774;42,00707011
1052,824;39,47318564;34,36077852;45,03410014
1053,358;29,84107108;28,12360142;37,0338258
1053,893;27,56112297;26,89294913;31,85185031
1054,427;22,32641194;17,35236468;19,74629041
1054,961;20,16146639;31,64206629;8,798439852
1055,495;27,04271007;40,73388652;13,40647512
1056,029;21,4110834;57,81738836;19,82713435
1056,563;8,482511926;62,21153823;18,8802086
1057,097;5,232876771;64,39321427;20,04964214
1057,630;5,575249646;68,6718505;12,7111822
1058,164;25,84269547;74,83310751;4,836667102
1058,698;35,93964331;67,74006275;15,58181054
1059,232;40,65864452;63,53820575;19,8837962
1059,765;40,62199346;46,55124273;22,66577908
1060,299;40,58020551;41,88799963;21,94016257
1060,832;41,57458502;33,24529619;17,28538244
1061,366;46,78714944;36,58876836;14,70782728
1061,899;46,61341928;34,49875131;18,78813415
1062,432;47,54204309;13,08128531;15,25620222
1062,966;32,72280095;18,97863136;25,3305981
1063,499;36,05228639;22,58665729;24,11347556
1064,032;33,40222257;22,64426656;32,1922972
1064,565;42,54312768;27,00198557;30,72424584
1065,098;39,537301;30,32810267;32,40496136
1065,631;36,80721421;39,2557365;33,13012492
1066,164;38,10018105;33,99887599;38,4231981
1066,697;39,73047364;37,29533135;30,82842852
1067,230;35,15779091;30,33739849;43,71572538
1067,763;38,08411301;26,8620991;45,78644616
1068,296;39,70205792;25,12562855;39,90600467
1068,828;47,62951986;27,3794422;31,72278222
1069,361;27,74445861;23,57427029;33,36554697
1069,894;24,05063266;18,69918614;37,14859262
1070,426;23,16399108;4,826862405;36,59378577
1070,959;29,58579815;10,5870369;30,97870059
1071,491;24,63134817;7,849030674;36,16285156
1072,023;27,89915885;22,72382315;27,22480472
1072,556;20,26182547;16,7471821;27,01129841
1073,088;11,33655389;22,27767723;25,49098224
1073,620;0,035701533;3,847762296;34,69568935
1074,152;12,52788231;7,232705198;25,91206672
1074,684;13,46492905;-1,617839955;23,88197441
1075,217;15,53215643;-1,346801286;9,907120387
1075,749;1,917404343;-10,92094481;0,139275631
1076,280;9,871968009;7,768298134;-2,184797331
1076,812;0,823852547;3,067961289;10,44020208
1077,344;11,4932128;11,12890365;7,738662082
1077,876;0,10570824;-7,679535326;10,18799266
1078,408;19,03987025;7,876573638;11,51785704
1078,939;9,14536742;10,31273259;19,08567721
1079,471;13,61376616;12,21431257;14,80567556
1080,002;17,00554558;7,426099745;25,08921161
1080,534;11,77015734;4,937271955;29,60695795
1081,065;3,146853341;-18,78767477;40,10951528
1081,597;13,95851353;-10,32950777;27,48538022
1082,128;19,10112312;-4,533762498;32,83536748
1082,660;31,54205558;11,70617495;41,35855514
1083,191;17,6029959;20,96539644;41,57594552
1083,722;27,18357294;24,58628879;42,15277716
1084,253;27,98887918;33,20246821;43,71740321
1084,784;32,98557705;45,2101356;43,63369143
1085,315;35,9113028;50,87158545;41,39251759
1085,846;41,0086094;68,75722693;38,38737937
1086,377;40,30683405;64,88169474;43,52886287
1086,908;36,81469207;62,81505728;43,90480801
1087,439;31,53433295;66,61781069;43,77441386
1087,969;31,80297919;58,69384574;37,07564942
1088,500;43,52592579;66,62520674;44,84159079
1089,031;46,20291641;63,55252588;32,79105347
1089,561;40,89979549;56,1971304;32,49218881
1090,092;41,00303078;51,6981132;32,24206451
1090,622;40,17266096;40,18691489;33,55312998
1091,153;38,42605891;39,09395917;25,89413633
1091,683;39,66648536;38,61066355;25,58861616
1092,213;43,51515102;37,68557384;16,39682122
1092,744;50,95092045;31,33524871;14,87148079
1093,274;37,2124066;3,863922617;-8,409685735
1093,804;44,66130809;8,953392992;18,27956903
1094,334;47,23077044;16,48309981;15,73604104
1094,864;37,92936743;6,11169651;19,60784329
1095,394;26,04651003;10,81669706;9,698376215
1095,924;35,45359782;1,690331385;13,46871124
1096,454;31,48441799;2,603593898;8,812577299
1096,984;8,114286178;-8,419881217;5,479452058
1097,514;-8,372978369;-21,53191412;-0,242130871
1098,043;-14,61716926;-14,30728594;14,67221634
1098,573;-28,71046029;-33,13027012;-17,42227876
1099,103;-45,11232608;-50,43316894;-19,31150371
1099,632;-42,22511419;-60,40891834;-47,14747
1100,161;-57,55627052;-97,34940003;-44,66951161
